{
"type": "FeatureCollection",
"name": "restaurants",
"features": [
{ "type": "Feature", "properties": { "name": "Myung GA Tofu and Korean BBQ" }, "geometry": { "type": "Point", "coordinates": [ -117.2616, 34.06957 ] } },
{ "type": "Feature", "properties": { "name": "bb.q Chicken" }, "geometry": { "type": "Point", "coordinates": [ -122.0267, 37.36371 ] } },
{ "type": "Feature", "properties": { "name": "bb.q Chicken" }, "geometry": { "type": "Point", "coordinates": [ -118.0741, 34.10395 ] } },
{ "type": "Feature", "properties": { "name": "Korean Superette" }, "geometry": { "type": "Point", "coordinates": [ -122.28632, 37.89113 ] } },
{ "type": "Feature", "properties": { "name": "Bowl'd" }, "geometry": { "type": "Point", "coordinates": [ -122.2883, 37.89101 ] } },
{ "type": "Feature", "properties": { "name": "Oori Rice Triangles" }, "geometry": { "type": "Point", "coordinates": [ -122.29385, 37.89069 ] } },
{ "type": "Feature", "properties": { "name": "Seoul Hot Pot" }, "geometry": { "type": "Point", "coordinates": [ -122.13703, 47.63237 ] } },
{ "type": "Feature", "properties": { "name": "Sam Sunny" }, "geometry": { "type": "Point", "coordinates": [ -73.97846, 40.74156 ] } },
{ "type": "Feature", "properties": { "name": "Moono" }, "geometry": { "type": "Point", "coordinates": [ -73.98336, 40.74637 ] } },
{ "type": "Feature", "properties": { "name": "Tofu Village" }, "geometry": { "type": "Point", "coordinates": [ -118.30962, 34.06191 ] } },
{ "type": "Feature", "properties": { "name": "Sesame Korean Grill" }, "geometry": { "type": "Point", "coordinates": [ -122.02461, 36.97163 ] } },
{ "type": "Feature", "properties": { "name": "Sushiya" }, "geometry": { "type": "Point", "coordinates": [ -72.28942, 43.69971 ] } },
{ "type": "Feature", "properties": { "name": "Pyeong Chang Tofu House" }, "geometry": { "type": "Point", "coordinates": [ -122.26324, 37.83447 ] } },
{ "type": "Feature", "properties": { "name": "Bowl Gogi" }, "geometry": { "type": "Point", "coordinates": [ -122.19561, 47.61529 ] } },
{ "type": "Feature", "properties": { "name": "Ponzu Izakaya" }, "geometry": { "type": "Point", "coordinates": [ -71.23671, 42.37131 ] } },
{ "type": "Feature", "properties": { "name": "Koreana" }, "geometry": { "type": "Point", "coordinates": [ -71.10094, 42.36913 ] } },
{ "type": "Feature", "properties": { "name": "Rice Chicken" }, "geometry": { "type": "Point", "coordinates": [ -117.12634, 32.95798 ] } },
{ "type": "Feature", "properties": { "name": "Zzan" }, "geometry": { "type": "Point", "coordinates": [ -122.41246, 37.78768 ] } },
{ "type": "Feature", "properties": { "name": "WooRi Korean Fusion Grill" }, "geometry": { "type": "Point", "coordinates": [ -71.15067, 42.41503 ] } },
{ "type": "Feature", "properties": { "name": "Prime No. 7" }, "geometry": { "type": "Point", "coordinates": [ -74.14557, 41.10003 ] } },
{ "type": "Feature", "properties": { "name": "Kimchee Korean" }, "geometry": { "type": "Point", "coordinates": [ -82.26381, 34.82069 ] } },
{ "type": "Feature", "properties": { "name": "The Good Fork" }, "geometry": { "type": "Point", "coordinates": [ -74.0143, 40.67598 ] } },
{ "type": "Feature", "properties": { "name": "gaRam Korean Restaurant" }, "geometry": { "type": "Point", "coordinates": [ -86.62688, 34.72821 ] } },
{ "type": "Feature", "properties": { "name": "Korean BBQ" }, "geometry": { "type": "Point", "coordinates": [ -82.29616, 34.82482 ] } },
{ "type": "Feature", "properties": { "name": "Market To Market" }, "geometry": { "type": "Point", "coordinates": [ -77.01914, 38.89868 ] } },
{ "type": "Feature", "properties": { "name": "San Soo Gab San" }, "geometry": { "type": "Point", "coordinates": [ -87.68875, 41.97757 ] } },
{ "type": "Feature", "properties": { "name": "Ari Sushi" }, "geometry": { "type": "Point", "coordinates": [ -81.54008, 28.31817 ] } },
{ "type": "Feature", "properties": { "name": "Bonsai" }, "geometry": { "type": "Point", "coordinates": [ -93.53162, 44.85778 ] } },
{ "type": "Feature", "properties": { "name": "Kbop Korean Bistro" }, "geometry": { "type": "Point", "coordinates": [ -93.23678, 44.98199 ] } },
{ "type": "Feature", "properties": { "name": "Manna Korean BBQ and Dosirak" }, "geometry": { "type": "Point", "coordinates": [ -76.98334, 38.8952 ] } },
{ "type": "Feature", "properties": { "name": "CrunCheese" }, "geometry": { "type": "Point", "coordinates": [ -93.23586, 44.98068 ] } },
{ "type": "Feature", "properties": { "name": "Mandu" }, "geometry": { "type": "Point", "coordinates": [ -77.01789, 38.90283 ] } },
{ "type": "Feature", "properties": { "name": "Anju" }, "geometry": { "type": "Point", "coordinates": [ -77.04149, 38.91436 ] } },
{ "type": "Feature", "properties": { "name": "Bonchon Chicken" }, "geometry": { "type": "Point", "coordinates": [ -96.78029, 32.83724 ] } },
{ "type": "Feature", "properties": { "name": "bb.q Chicken" }, "geometry": { "type": "Point", "coordinates": [ -75.43279, 40.07366 ] } },
{ "type": "Feature", "properties": { "name": "Ombu Korean B.B.Q." }, "geometry": { "type": "Point", "coordinates": [ -111.69761, 40.2994 ] } },
{ "type": "Feature", "properties": { "name": "KOGI Korean Grill" }, "geometry": { "type": "Point", "coordinates": [ -98.58555, 29.56279 ] } },
{ "type": "Feature", "properties": { "name": "Go Go 7" }, "geometry": { "type": "Point", "coordinates": [ -122.45661, 37.72415 ] } },
{ "type": "Feature", "properties": { "name": "Gen Korean BBQ House" }, "geometry": { "type": "Point", "coordinates": [ -95.37962, 29.74306 ] } },
{ "type": "Feature", "properties": { "name": "Bonchon Chicken" }, "geometry": { "type": "Point", "coordinates": [ -77.52201, 38.92642 ] } },
{ "type": "Feature", "properties": { "name": "Korea House" }, "geometry": { "type": "Point", "coordinates": [ -84.49597, 42.72091 ] } },
{ "type": "Feature", "properties": { "name": "Donkasu" }, "geometry": { "type": "Point", "coordinates": [ -117.72547, 33.57521 ] } },
{ "type": "Feature", "properties": { "name": "Happy Bibimbap House 2" }, "geometry": { "type": "Point", "coordinates": [ -122.62012, 45.53364 ] } },
{ "type": "Feature", "properties": { "name": "Asia Cuisine" }, "geometry": { "type": "Point", "coordinates": [ -76.49583, 42.44037 ] } },
{ "type": "Feature", "properties": { "name": "Seoul Bowl" }, "geometry": { "type": "Point", "coordinates": [ -122.11178, 47.67047 ] } },
{ "type": "Feature", "properties": { "name": "Chi'Lantro BBQ" }, "geometry": { "type": "Point", "coordinates": [ -97.72026, 30.39422 ] } },
{ "type": "Feature", "properties": { "name": "Kikuya Sushi" }, "geometry": { "type": "Point", "coordinates": [ -117.20389, 32.85383 ] } },
{ "type": "Feature", "properties": { "name": "KPot Korean BBQ & Hot Pot" }, "geometry": { "type": "Point", "coordinates": [ -84.41275, 33.80241 ] } },
{ "type": "Feature", "properties": { "name": "Umma Kitchen" }, "geometry": { "type": "Point", "coordinates": [ -84.3687, 33.78038 ] } },
{ "type": "Feature", "properties": { "name": "Jong Ga House" }, "geometry": { "type": "Point", "coordinates": [ -122.25495, 37.80904 ] } },
{ "type": "Feature", "properties": { "name": "Made in House" }, "geometry": { "type": "Point", "coordinates": [ -122.35025, 47.65084 ] } },
{ "type": "Feature", "properties": { "name": "Char’d" }, "geometry": { "type": "Point", "coordinates": [ -87.90892, 43.03181 ] } },
{ "type": "Feature", "properties": { "name": "Arisu" }, "geometry": { "type": "Point", "coordinates": [ -82.27867, 34.81145 ] } },
{ "type": "Feature", "properties": { "name": "H Mart grab & go" }, "geometry": { "type": "Point", "coordinates": [ -122.31337, 47.65904 ] } },
{ "type": "Feature", "properties": { "name": "Yuk Dae Jang" }, "geometry": { "type": "Point", "coordinates": [ -117.16051, 32.83222 ] } },
{ "type": "Feature", "properties": { "name": "Korean BBQ House" }, "geometry": { "type": "Point", "coordinates": [ -118.24218, 34.04981 ] } },
{ "type": "Feature", "properties": { "name": "JinCook" }, "geometry": { "type": "Point", "coordinates": [ -118.23983, 34.04981 ] } },
{ "type": "Feature", "properties": { "name": "Korea House" }, "geometry": { "type": "Point", "coordinates": [ -97.73399, 30.35931 ] } },
{ "type": "Feature", "properties": { "name": "Honey Pig Gooldaegee Korean Grill" }, "geometry": { "type": "Point", "coordinates": [ -76.85922, 39.27823 ] } },
{ "type": "Feature", "properties": { "name": "Buga Korean BBQ" }, "geometry": { "type": "Point", "coordinates": [ -117.17268, 32.83427 ] } },
{ "type": "Feature", "properties": { "name": "Bonchon Chicken" }, "geometry": { "type": "Point", "coordinates": [ -75.73402, 39.683 ] } },
{ "type": "Feature", "properties": { "name": "Phila Fusion Noodle Bar" }, "geometry": { "type": "Point", "coordinates": [ -73.78325, 43.08022 ] } },
{ "type": "Feature", "properties": { "name": "Bonchon Chicken" }, "geometry": { "type": "Point", "coordinates": [ -122.07964, 37.39313 ] } },
{ "type": "Feature", "properties": { "name": "Mori Teriyaki Wok & Sushi Rolls" }, "geometry": { "type": "Point", "coordinates": [ -96.73961, 32.9768 ] } },
{ "type": "Feature", "properties": { "name": "Doobu" }, "geometry": { "type": "Point", "coordinates": [ -122.43002, 37.78604 ] } },
{ "type": "Feature", "properties": { "name": "Soora" }, "geometry": { "type": "Point", "coordinates": [ -83.36129, 42.54162 ] } },
{ "type": "Feature", "properties": { "name": "Lazy Susan" }, "geometry": { "type": "Point", "coordinates": [ -122.34774, 47.62704 ] } },
{ "type": "Feature", "properties": { "name": "Sakura Asian Fusion" }, "geometry": { "type": "Point", "coordinates": [ -81.59159, 28.33475 ] } },
{ "type": "Feature", "properties": { "name": "Hang Ari" }, "geometry": { "type": "Point", "coordinates": [ -76.83494, 39.27798 ] } },
{ "type": "Feature", "properties": { "name": "Son of a Butcher" }, "geometry": { "type": "Point", "coordinates": [ -122.32551, 47.63935 ] } },
{ "type": "Feature", "properties": { "name": "Silla Korean BBQ" }, "geometry": { "type": "Point", "coordinates": [ -104.84817, 39.66131 ] } },
{ "type": "Feature", "properties": { "name": "Bonchon Chicken" }, "geometry": { "type": "Point", "coordinates": [ -104.8065, 39.59303 ] } },
{ "type": "Feature", "properties": { "name": "Koko Sips + Bites" }, "geometry": { "type": "Point", "coordinates": [ -84.08536, 35.91693 ] } },
{ "type": "Feature", "properties": { "name": "Muguboka" }, "geometry": { "type": "Point", "coordinates": [ -122.46309, 37.77715 ] } },
{ "type": "Feature", "properties": { "name": "Senor Kim's Fusion at Cornerstone" }, "geometry": { "type": "Point", "coordinates": [ -120.43758, 34.93172 ] } },
{ "type": "Feature", "properties": { "name": "Koho" }, "geometry": { "type": "Point", "coordinates": [ -76.72649, 39.15727 ] } },
{ "type": "Feature", "properties": { "name": "Paran" }, "geometry": { "type": "Point", "coordinates": [ -122.34964, 47.65036 ] } },
{ "type": "Feature", "properties": { "name": "Bonchon Chicken" }, "geometry": { "type": "Point", "coordinates": [ -96.82685, 32.95368 ] } },
{ "type": "Feature", "properties": { "name": "Toust" }, "geometry": { "type": "Point", "coordinates": [ -122.25979, 37.86818 ] } },
{ "type": "Feature", "properties": { "name": "Sonamu" }, "geometry": { "type": "Point", "coordinates": [ -122.48089, 37.78046 ] } },
{ "type": "Feature", "properties": { "name": "B Star" }, "geometry": { "type": "Point", "coordinates": [ -122.46068, 37.783 ] } },
{ "type": "Feature", "properties": { "name": "Joule" }, "geometry": { "type": "Point", "coordinates": [ -122.3424, 47.64972 ] } },
{ "type": "Feature", "properties": { "name": "SJ Omogari Korean Restaurant" }, "geometry": { "type": "Point", "coordinates": [ -121.89515, 37.34841 ] } },
{ "type": "Feature", "properties": { "name": "Korean Grill" }, "geometry": { "type": "Point", "coordinates": [ -77.30578, 38.65134 ] } },
{ "type": "Feature", "properties": { "name": "Korean BBQ" }, "geometry": { "type": "Point", "coordinates": [ -84.25796, 30.43677 ] } },
{ "type": "Feature", "properties": { "name": "Art's Cafe" }, "geometry": { "type": "Point", "coordinates": [ -122.46602, 37.76393 ] } },
{ "type": "Feature", "properties": { "name": "Do Si Korean BBQ" }, "geometry": { "type": "Point", "coordinates": [ -122.40596, 47.58078 ] } },
{ "type": "Feature", "properties": { "name": "K-BBQ Express" }, "geometry": { "type": "Point", "coordinates": [ -123.27853, 44.56904 ] } },
{ "type": "Feature", "properties": { "name": "Tofu House 1962" }, "geometry": { "type": "Point", "coordinates": [ -104.86763, 39.67437 ] } },
{ "type": "Feature", "properties": { "name": "Worri Village" }, "geometry": { "type": "Point", "coordinates": [ -87.83738, 42.05653 ] } },
{ "type": "Feature", "properties": { "name": "Bonchon Chicken" }, "geometry": { "type": "Point", "coordinates": [ -73.98502, 40.74744 ] } },
{ "type": "Feature", "properties": { "name": "LOVE Korean BBQ" }, "geometry": { "type": "Point", "coordinates": [ -73.98521, 40.74717 ] } },
{ "type": "Feature", "properties": { "name": "A Cup of Peace" }, "geometry": { "type": "Point", "coordinates": [ -105.25018, 40.01432 ] } },
{ "type": "Feature", "properties": { "name": "Five Spice BBQ" }, "geometry": { "type": "Point", "coordinates": [ -78.81597, 35.79917 ] } },
{ "type": "Feature", "properties": { "name": "Fitlife Foods" }, "geometry": { "type": "Point", "coordinates": [ -82.63824, 27.79982 ] } },
{ "type": "Feature", "properties": { "name": "Seoul Tofu & Jjim" }, "geometry": { "type": "Point", "coordinates": [ -122.32071, 47.62221 ] } },
{ "type": "Feature", "properties": { "name": "BusanJeong" }, "geometry": { "type": "Point", "coordinates": [ -122.3207, 47.62492 ] } },
{ "type": "Feature", "properties": { "name": "Kimchi House" }, "geometry": { "type": "Point", "coordinates": [ -122.38783, 47.67133 ] } },
{ "type": "Feature", "properties": { "name": "Meet Korean BBQ" }, "geometry": { "type": "Point", "coordinates": [ -122.32535, 47.61424 ] } },
{ "type": "Feature", "properties": { "name": "Keum Ho Jung" }, "geometry": { "type": "Point", "coordinates": [ -74.37686, 40.51615 ] } },
{ "type": "Feature", "properties": { "name": "Mapo Kkak Door Gee" }, "geometry": { "type": "Point", "coordinates": [ -118.30085, 34.06384 ] } },
{ "type": "Feature", "properties": { "name": "Namsan" }, "geometry": { "type": "Point", "coordinates": [ -118.30085, 34.06378 ] } },
{ "type": "Feature", "properties": { "name": "Kyochon Chicken" }, "geometry": { "type": "Point", "coordinates": [ -118.30644, 34.06383 ] } },
{ "type": "Feature", "properties": { "name": "Chuncheon Dakgalbi Donghae Makguksu 2" }, "geometry": { "type": "Point", "coordinates": [ -118.30058, 34.06398 ] } },
{ "type": "Feature", "properties": { "name": "Tacorea" }, "geometry": { "type": "Point", "coordinates": [ -122.40745, 37.79794 ] } },
{ "type": "Feature", "properties": { "name": "Soot Bull Jeep" }, "geometry": { "type": "Point", "coordinates": [ -118.29591, 34.05758 ] } },
{ "type": "Feature", "properties": { "name": "Cocomero" }, "geometry": { "type": "Point", "coordinates": [ -88.22908, 40.10999 ] } },
{ "type": "Feature", "properties": { "name": "Rice Junky" }, "geometry": { "type": "Point", "coordinates": [ -121.96159, 37.353 ] } },
{ "type": "Feature", "properties": { "name": "bb.q Chicken" }, "geometry": { "type": "Point", "coordinates": [ -122.25143, 37.83789 ] } },
{ "type": "Feature", "properties": { "name": "Gangnam Style Korean Kitchen" }, "geometry": { "type": "Point", "coordinates": [ -76.11881, 43.04164 ] } },
{ "type": "Feature", "properties": { "name": "Arirang" }, "geometry": { "type": "Point", "coordinates": [ -87.80214, 42.02189 ] } },
{ "type": "Feature", "properties": { "name": "Shin Chon Korean BBQ" }, "geometry": { "type": "Point", "coordinates": [ -76.81726, 39.27682 ] } },
{ "type": "Feature", "properties": { "name": "Oiso Sushi and Korean" }, "geometry": { "type": "Point", "coordinates": [ -78.81112, 35.78605 ] } },
{ "type": "Feature", "properties": { "name": "Soban Korea" }, "geometry": { "type": "Point", "coordinates": [ -87.68271, 42.0586 ] } },
{ "type": "Feature", "properties": { "name": "Koco Table" }, "geometry": { "type": "Point", "coordinates": [ -87.68118, 42.04982 ] } },
{ "type": "Feature", "properties": { "name": "Barn Joo Nomad" }, "geometry": { "type": "Point", "coordinates": [ -73.99027, 40.74607 ] } },
{ "type": "Feature", "properties": { "name": "Bonchon Chicken" }, "geometry": { "type": "Point", "coordinates": [ -76.83476, 39.27672 ] } },
{ "type": "Feature", "properties": { "name": "The BoB" }, "geometry": { "type": "Point", "coordinates": [ -122.3134, 47.65777 ] } },
{ "type": "Feature", "properties": { "name": "U Dupbop" }, "geometry": { "type": "Point", "coordinates": [ -122.31279, 47.6575 ] } },
{ "type": "Feature", "properties": { "name": "Korean Tofu House Express" }, "geometry": { "type": "Point", "coordinates": [ -122.31294, 47.66202 ] } },
{ "type": "Feature", "properties": { "name": "Cupbop" }, "geometry": { "type": "Point", "coordinates": [ -111.85642, 40.62109 ] } },
{ "type": "Feature", "properties": { "name": "Stone Korean" }, "geometry": { "type": "Point", "coordinates": [ -122.3421, 47.6273 ] } },
{ "type": "Feature", "properties": { "name": "Korean Bamboo" }, "geometry": { "type": "Point", "coordinates": [ -122.3445, 47.61473 ] } },
{ "type": "Feature", "properties": { "name": "Hanok" }, "geometry": { "type": "Point", "coordinates": [ -122.28036, 47.63401 ] } },
{ "type": "Feature", "properties": { "name": "HAJU Kitchen" }, "geometry": { "type": "Point", "coordinates": [ -71.08728, 42.34585 ] } },
{ "type": "Feature", "properties": { "name": "Oriental Pantry" }, "geometry": { "type": "Point", "coordinates": [ -72.91814, 41.31392 ] } },
{ "type": "Feature", "properties": { "name": "Bop Box" }, "geometry": { "type": "Point", "coordinates": [ -122.31913, 47.5513 ] } },
{ "type": "Feature", "properties": { "name": "BHC Chicken" }, "geometry": { "type": "Point", "coordinates": [ -117.07252, 33.02004 ] } },
{ "type": "Feature", "properties": { "name": "Chan Seattle" }, "geometry": { "type": "Point", "coordinates": [ -122.3414, 47.60989 ] } },
{ "type": "Feature", "properties": { "name": "Iron Age Asian Grill" }, "geometry": { "type": "Point", "coordinates": [ -77.43425, 38.83667 ] } },
{ "type": "Feature", "properties": { "name": "Vit Goel Tofu" }, "geometry": { "type": "Point", "coordinates": [ -77.43454, 38.83643 ] } },
{ "type": "Feature", "properties": { "name": "Vons Chicken" }, "geometry": { "type": "Point", "coordinates": [ -121.25541, 38.76324 ] } },
{ "type": "Feature", "properties": { "name": "Jang Su Jang" }, "geometry": { "type": "Point", "coordinates": [ -121.99482, 37.35368 ] } },
{ "type": "Feature", "properties": { "name": "Pike Kitchen" }, "geometry": { "type": "Point", "coordinates": [ -77.18763, 38.83351 ] } },
{ "type": "Feature", "properties": { "name": "Mochinut and Chung Chun Rice Dog" }, "geometry": { "type": "Point", "coordinates": [ -122.32744, 47.59847 ] } },
{ "type": "Feature", "properties": { "name": "UmmaDak" }, "geometry": { "type": "Point", "coordinates": [ -122.32715, 47.59847 ] } },
{ "type": "Feature", "properties": { "name": "Gangnam Korean Restaurant & Catering" }, "geometry": { "type": "Point", "coordinates": [ -122.32619, 47.59784 ] } },
{ "type": "Feature", "properties": { "name": "One Pot Korean Stew" }, "geometry": { "type": "Point", "coordinates": [ -122.31706, 47.59806 ] } },
{ "type": "Feature", "properties": { "name": "um.ma" }, "geometry": { "type": "Point", "coordinates": [ -122.4663, 37.7655 ] } },
{ "type": "Feature", "properties": { "name": "Hana Foods - Korean Cuisine & Teriyaki" }, "geometry": { "type": "Point", "coordinates": [ -122.40364, 45.58594 ] } },
{ "type": "Feature", "properties": { "name": "Chi Mc" }, "geometry": { "type": "Point", "coordinates": [ -77.17256, 38.82431 ] } },
{ "type": "Feature", "properties": { "name": "Bell86" }, "geometry": { "type": "Point", "coordinates": [ -71.12316, 42.34314 ] } },
{ "type": "Feature", "properties": { "name": "Mura Asian Eatery" }, "geometry": { "type": "Point", "coordinates": [ -122.39918, 47.64011 ] } },
{ "type": "Feature", "properties": { "name": "bb.q Chicken" }, "geometry": { "type": "Point", "coordinates": [ -72.92225, 41.31209 ] } },
{ "type": "Feature", "properties": { "name": "BBQ Hut Grill" }, "geometry": { "type": "Point", "coordinates": [ -88.07869, 42.04829 ] } },
{ "type": "Feature", "properties": { "name": "Book Chang Dong Soon Tofu" }, "geometry": { "type": "Point", "coordinates": [ -73.81215, 40.76473 ] } },
{ "type": "Feature", "properties": { "name": "Yubu" }, "geometry": { "type": "Point", "coordinates": [ -73.98618, 40.72706 ] } },
{ "type": "Feature", "properties": { "name": "Ktofu, BBQ, Bibimbap" }, "geometry": { "type": "Point", "coordinates": [ -121.96476, 37.53513 ] } },
{ "type": "Feature", "properties": { "name": "Happy House" }, "geometry": { "type": "Point", "coordinates": [ -82.04342, 33.42984 ] } },
{ "type": "Feature", "properties": { "name": "Umai Sushi House" }, "geometry": { "type": "Point", "coordinates": [ -76.55475, 38.78119 ] } },
{ "type": "Feature", "properties": { "name": "Cast Iron Pot" }, "geometry": { "type": "Point", "coordinates": [ -74.14834, 40.62428 ] } },
{ "type": "Feature", "properties": { "name": "Hee Korean BBQ Grill" }, "geometry": { "type": "Point", "coordinates": [ -73.9912, 40.74539 ] } },
{ "type": "Feature", "properties": { "name": "Kuun" }, "geometry": { "type": "Point", "coordinates": [ -73.98304, 40.68844 ] } },
{ "type": "Feature", "properties": { "name": "Chilsung Garden" }, "geometry": { "type": "Point", "coordinates": [ -73.75548, 40.74922 ] } },
{ "type": "Feature", "properties": { "name": "New York Ban Jum" }, "geometry": { "type": "Point", "coordinates": [ -73.75528, 40.74927 ] } },
{ "type": "Feature", "properties": { "name": "Rolly Kimbab" }, "geometry": { "type": "Point", "coordinates": [ -73.75612, 40.74844 ] } },
{ "type": "Feature", "properties": { "name": "Cafe Madeline" }, "geometry": { "type": "Point", "coordinates": [ -122.33706, 47.61508 ] } },
{ "type": "Feature", "properties": { "name": "Tofu Tofu" }, "geometry": { "type": "Point", "coordinates": [ -73.99545, 40.71763 ] } },
{ "type": "Feature", "properties": { "name": "Sobak" }, "geometry": { "type": "Point", "coordinates": [ -73.99163, 40.71494 ] } },
{ "type": "Feature", "properties": { "name": "Taste Korea 232" }, "geometry": { "type": "Point", "coordinates": [ -73.95962, 40.69085 ] } },
{ "type": "Feature", "properties": { "name": "BOM with the Wind" }, "geometry": { "type": "Point", "coordinates": [ -73.97322, 40.68598 ] } },
{ "type": "Feature", "properties": { "name": "SouthGate" }, "geometry": { "type": "Point", "coordinates": [ -75.17179, 39.94556 ] } },
{ "type": "Feature", "properties": { "name": "Korean restaurant" }, "geometry": { "type": "Point", "coordinates": [ -81.66321, 41.51212 ] } },
{ "type": "Feature", "properties": { "name": "Stone Bowl Grill" }, "geometry": { "type": "Point", "coordinates": [ -87.88894, 43.05633 ] } },
{ "type": "Feature", "properties": { "name": "Stone" }, "geometry": { "type": "Point", "coordinates": [ -122.14119, 47.60828 ] } },
{ "type": "Feature", "properties": { "name": "Chi Mac" }, "geometry": { "type": "Point", "coordinates": [ -122.16744, 47.57754 ] } },
{ "type": "Feature", "properties": { "name": "Kong Tofu and BBQ" }, "geometry": { "type": "Point", "coordinates": [ -122.01767, 37.3226 ] } },
{ "type": "Feature", "properties": { "name": "Kofoo" }, "geometry": { "type": "Point", "coordinates": [ -73.99205, 40.74279 ] } },
{ "type": "Feature", "properties": { "name": "92 Town BBQ" }, "geometry": { "type": "Point", "coordinates": [ -88.0856, 42.04835 ] } },
{ "type": "Feature", "properties": { "name": "Sudam" }, "geometry": { "type": "Point", "coordinates": [ -122.11452, 37.40066 ] } },
{ "type": "Feature", "properties": { "name": "Yummi's Tacos" }, "geometry": { "type": "Point", "coordinates": [ -97.76035, 30.42848 ] } },
{ "type": "Feature", "properties": { "name": "GAGA & HOO Korean Restaurant & Cafe" }, "geometry": { "type": "Point", "coordinates": [ -94.20434, 42.50473 ] } },
{ "type": "Feature", "properties": { "name": "Han Il Kwan" }, "geometry": { "type": "Point", "coordinates": [ -122.47828, 37.77676 ] } },
{ "type": "Feature", "properties": { "name": "Cafe Korea" }, "geometry": { "type": "Point", "coordinates": [ -86.04206, 39.94945 ] } },
{ "type": "Feature", "properties": { "name": "Jang Tu" }, "geometry": { "type": "Point", "coordinates": [ -122.00651, 37.35161 ] } },
{ "type": "Feature", "properties": { "name": "SYTK Sullungtang" }, "geometry": { "type": "Point", "coordinates": [ -118.29253, 34.05303 ] } },
{ "type": "Feature", "properties": { "name": "Korean B.B.Q. Restaurant" }, "geometry": { "type": "Point", "coordinates": [ -118.30956, 34.07483 ] } },
{ "type": "Feature", "properties": { "name": "Dream Mong Korean BBQ" }, "geometry": { "type": "Point", "coordinates": [ -118.30879, 34.07344 ] } },
{ "type": "Feature", "properties": { "name": "Oiji Mi" }, "geometry": { "type": "Point", "coordinates": [ -73.99249, 40.73967 ] } },
{ "type": "Feature", "properties": { "name": "Kpot Korean BBQ and Hotpot" }, "geometry": { "type": "Point", "coordinates": [ -93.26171, 37.15433 ] } },
{ "type": "Feature", "properties": { "name": "Bawi Korean BBQ" }, "geometry": { "type": "Point", "coordinates": [ -93.27958, 37.13953 ] } },
{ "type": "Feature", "properties": { "name": "Damso Korean" }, "geometry": { "type": "Point", "coordinates": [ -121.97934, 37.35207 ] } },
{ "type": "Feature", "properties": { "name": "bb.q Chicken" }, "geometry": { "type": "Point", "coordinates": [ -71.10524, 42.36608 ] } },
{ "type": "Feature", "properties": { "name": "BCD Tofu House" }, "geometry": { "type": "Point", "coordinates": [ -73.98606, 40.74751 ] } },
{ "type": "Feature", "properties": { "name": "Kochi" }, "geometry": { "type": "Point", "coordinates": [ -73.99351, 40.76201 ] } },
{ "type": "Feature", "properties": { "name": "Gui Steakhouse" }, "geometry": { "type": "Point", "coordinates": [ -73.98705, 40.76053 ] } },
{ "type": "Feature", "properties": { "name": "Tang's Haus" }, "geometry": { "type": "Point", "coordinates": [ -122.02015, 37.58645 ] } },
{ "type": "Feature", "properties": { "name": "Moobongri Soondae" }, "geometry": { "type": "Point", "coordinates": [ -104.86223, 39.66571 ] } },
{ "type": "Feature", "properties": { "name": "Sae Jong Kwan" }, "geometry": { "type": "Point", "coordinates": [ -104.86421, 39.66786 ] } },
{ "type": "Feature", "properties": { "name": "Dah Won Rice Cake" }, "geometry": { "type": "Point", "coordinates": [ -104.86505, 39.6764 ] } },
{ "type": "Feature", "properties": { "name": "Han Woo Ri" }, "geometry": { "type": "Point", "coordinates": [ -84.50336, 38.04209 ] } },
{ "type": "Feature", "properties": { "name": "Manna Heaven BBQ" }, "geometry": { "type": "Point", "coordinates": [ -117.15534, 32.82023 ] } },
{ "type": "Feature", "properties": { "name": "Mama's Restaurant" }, "geometry": { "type": "Point", "coordinates": [ -86.50042, 39.17086 ] } },
{ "type": "Feature", "properties": { "name": "Three Bowls Ramen" }, "geometry": { "type": "Point", "coordinates": [ -73.90036, 40.74578 ] } },
{ "type": "Feature", "properties": { "name": "Sik Gaek" }, "geometry": { "type": "Point", "coordinates": [ -73.91538, 40.74342 ] } },
{ "type": "Feature", "properties": { "name": "Wonder Pig K-BBQ" }, "geometry": { "type": "Point", "coordinates": [ -73.92765, 40.74391 ] } },
{ "type": "Feature", "properties": { "name": "Bon Café et Restaurant" }, "geometry": { "type": "Point", "coordinates": [ -73.92249, 40.74391 ] } },
{ "type": "Feature", "properties": { "name": "Rokstar Chicken" }, "geometry": { "type": "Point", "coordinates": [ -73.9217, 40.75243 ] } },
{ "type": "Feature", "properties": { "name": "Cafe Seoul" }, "geometry": { "type": "Point", "coordinates": [ -123.06444, 44.04496 ] } },
{ "type": "Feature", "properties": { "name": "SoDam" }, "geometry": { "type": "Point", "coordinates": [ -73.80841, 40.76365 ] } },
{ "type": "Feature", "properties": { "name": "Mad for Chicken" }, "geometry": { "type": "Point", "coordinates": [ -73.80772, 40.76346 ] } },
{ "type": "Feature", "properties": { "name": "Mahsil" }, "geometry": { "type": "Point", "coordinates": [ -73.81416, 40.76343 ] } },
{ "type": "Feature", "properties": { "name": "Kimgane" }, "geometry": { "type": "Point", "coordinates": [ -73.82686, 40.76073 ] } },
{ "type": "Feature", "properties": { "name": "Oriental Spoon" }, "geometry": { "type": "Point", "coordinates": [ -89.95311, 38.79181 ] } },
{ "type": "Feature", "properties": { "name": "Red Chili" }, "geometry": { "type": "Point", "coordinates": [ -82.21462, 36.34756 ] } },
{ "type": "Feature", "properties": { "name": "The Dae-Mun" }, "geometry": { "type": "Point", "coordinates": [ -118.13139, 34.09284 ] } },
{ "type": "Feature", "properties": { "name": "Berkeley Social Club" }, "geometry": { "type": "Point", "coordinates": [ -122.26952, 37.87184 ] } },
{ "type": "Feature", "properties": { "name": "Yummy BOwl" }, "geometry": { "type": "Point", "coordinates": [ -75.84563, 41.25027 ] } },
{ "type": "Feature", "properties": { "name": "Chi'Lantro" }, "geometry": { "type": "Point", "coordinates": [ -97.70824, 30.30529 ] } },
{ "type": "Feature", "properties": { "name": "Pelicana Chicken" }, "geometry": { "type": "Point", "coordinates": [ -122.32236, 47.61508 ] } },
{ "type": "Feature", "properties": { "name": "Den Den Café Asiana" }, "geometry": { "type": "Point", "coordinates": [ -71.40811, 41.82875 ] } },
{ "type": "Feature", "properties": { "name": "Stone Korean Kitchen" }, "geometry": { "type": "Point", "coordinates": [ -122.39587, 37.7954 ] } },
{ "type": "Feature", "properties": { "name": "Chef JK Korean BBQ Master" }, "geometry": { "type": "Point", "coordinates": [ -82.33711, 34.85158 ] } },
{ "type": "Feature", "properties": { "name": "Wong's Hunan Garden" }, "geometry": { "type": "Point", "coordinates": [ -96.08187, 41.2073 ] } },
{ "type": "Feature", "properties": { "name": "Mom's Korean BBQ" }, "geometry": { "type": "Point", "coordinates": [ -76.4451, 39.33433 ] } },
{ "type": "Feature", "properties": { "name": "KPOT Korean BBQ & Hot Pot" }, "geometry": { "type": "Point", "coordinates": [ -76.75535, 39.28201 ] } },
{ "type": "Feature", "properties": { "name": "Nagomi Sushi & Korean BBQ" }, "geometry": { "type": "Point", "coordinates": [ -83.72297, 42.29795 ] } },
{ "type": "Feature", "properties": { "name": "Yummy Teriyaki" }, "geometry": { "type": "Point", "coordinates": [ -122.35523, 47.62531 ] } },
{ "type": "Feature", "properties": { "name": "Gogi Bibimbap" }, "geometry": { "type": "Point", "coordinates": [ -77.54532, 37.63511 ] } },
{ "type": "Feature", "properties": { "name": "Kare Bar" }, "geometry": { "type": "Point", "coordinates": [ -77.42397, 38.89644 ] } },
{ "type": "Feature", "properties": { "name": "BB.Q Chicken" }, "geometry": { "type": "Point", "coordinates": [ -112.06893, 33.47965 ] } },
{ "type": "Feature", "properties": { "name": "Seoul Korean Resturant" }, "geometry": { "type": "Point", "coordinates": [ -76.34839, 37.04558 ] } },
{ "type": "Feature", "properties": { "name": "K-Pocha Chicken & Beer" }, "geometry": { "type": "Point", "coordinates": [ -76.8174, 39.27715 ] } },
{ "type": "Feature", "properties": { "name": "Bando" }, "geometry": { "type": "Point", "coordinates": [ -86.02528, 39.83623 ] } },
{ "type": "Feature", "properties": { "name": "Open Kitchen" }, "geometry": { "type": "Point", "coordinates": [ -74.0101, 40.70532 ] } },
{ "type": "Feature", "properties": { "name": "Chi'Lantro" }, "geometry": { "type": "Point", "coordinates": [ -97.7415, 30.27053 ] } },
{ "type": "Feature", "properties": { "name": "Seoul Taco" }, "geometry": { "type": "Point", "coordinates": [ -90.30761, 38.65634 ] } },
{ "type": "Feature", "properties": { "name": "Kimchi Box" }, "geometry": { "type": "Point", "coordinates": [ -83.71994, 42.29849 ] } },
{ "type": "Feature", "properties": { "name": "Genwa Korean BBQ" }, "geometry": { "type": "Point", "coordinates": [ -118.3413, 34.06239 ] } },
{ "type": "Feature", "properties": { "name": "Danji" }, "geometry": { "type": "Point", "coordinates": [ -73.98677, 40.76409 ] } },
{ "type": "Feature", "properties": { "name": "Hongyuan Kebab" }, "geometry": { "type": "Point", "coordinates": [ -117.15432, 32.82559 ] } },
{ "type": "Feature", "properties": { "name": "Steamy Piggy" }, "geometry": { "type": "Point", "coordinates": [ -117.15457, 32.82563 ] } },
{ "type": "Feature", "properties": { "name": "CM Chicken" }, "geometry": { "type": "Point", "coordinates": [ -94.66301, 38.88114 ] } },
{ "type": "Feature", "properties": { "name": "Chosun Korean Barbeque" }, "geometry": { "type": "Point", "coordinates": [ -94.66629, 38.89993 ] } },
{ "type": "Feature", "properties": { "name": "ChiKo" }, "geometry": { "type": "Point", "coordinates": [ -77.04619, 38.90979 ] } },
{ "type": "Feature", "properties": { "name": "Hashigo Korean Kitchen" }, "geometry": { "type": "Point", "coordinates": [ -117.88667, 33.68205 ] } },
{ "type": "Feature", "properties": { "name": "Shozen BBQ" }, "geometry": { "type": "Point", "coordinates": [ -117.11311, 32.91739 ] } },
{ "type": "Feature", "properties": { "name": "Korean BBQ and Dubu" }, "geometry": { "type": "Point", "coordinates": [ -121.64402, 37.11377 ] } },
{ "type": "Feature", "properties": { "name": "Chicko Chicken" }, "geometry": { "type": "Point", "coordinates": [ -122.16555, 47.6647 ] } },
{ "type": "Feature", "properties": { "name": "Chi Chi's" }, "geometry": { "type": "Point", "coordinates": [ -90.10679, 29.93489 ] } },
{ "type": "Feature", "properties": { "name": "Seoul Bowl" }, "geometry": { "type": "Point", "coordinates": [ -122.2072, 47.7236 ] } },
{ "type": "Feature", "properties": { "name": "The Korea House" }, "geometry": { "type": "Point", "coordinates": [ -84.3298, 39.27345 ] } },
{ "type": "Feature", "properties": { "name": "Top 1 Korean BBQ & Hotpot" }, "geometry": { "type": "Point", "coordinates": [ -85.70072, 38.22847 ] } },
{ "type": "Feature", "properties": { "name": "Miki's Karaoke Bar" }, "geometry": { "type": "Point", "coordinates": [ -85.70483, 38.25334 ] } },
{ "type": "Feature", "properties": { "name": "Sarang" }, "geometry": { "type": "Point", "coordinates": [ -85.7093, 38.23165 ] } },
{ "type": "Feature", "properties": { "name": "Seoul" }, "geometry": { "type": "Point", "coordinates": [ -86.82105, 33.463 ] } },
{ "type": "Feature", "properties": { "name": "GoGi 92 Korean BBQ" }, "geometry": { "type": "Point", "coordinates": [ -77.52507, 39.0897 ] } },
{ "type": "Feature", "properties": { "name": "Seoul Jung Korean BBQ" }, "geometry": { "type": "Point", "coordinates": [ -121.85144, 37.70439 ] } },
{ "type": "Feature", "properties": { "name": "Chi'Lantro BBQ" }, "geometry": { "type": "Point", "coordinates": [ -97.76385, 30.252 ] } },
{ "type": "Feature", "properties": { "name": "Mapo BBQ" }, "geometry": { "type": "Point", "coordinates": [ -73.81486, 40.76218 ] } },
{ "type": "Feature", "properties": { "name": "Nam Kang Restaurant" }, "geometry": { "type": "Point", "coordinates": [ -76.6183, 39.31408 ] } },
{ "type": "Feature", "properties": { "name": "KPOT Korean BBQ & Hot Pot" }, "geometry": { "type": "Point", "coordinates": [ -72.91781, 41.3692 ] } },
{ "type": "Feature", "properties": { "name": "Philly' Buffer" }, "geometry": { "type": "Point", "coordinates": [ -75.26563, 39.95147 ] } },
{ "type": "Feature", "properties": { "name": "Seoul Garden" }, "geometry": { "type": "Point", "coordinates": [ -73.98727, 40.7478 ] } },
{ "type": "Feature", "properties": { "name": "Buk Chon" }, "geometry": { "type": "Point", "coordinates": [ -75.14377, 39.94826 ] } },
{ "type": "Feature", "properties": { "name": "Ugly Rice" }, "geometry": { "type": "Point", "coordinates": [ -104.88962, 39.67449 ] } },
{ "type": "Feature", "properties": { "name": "bb.q Chicken" }, "geometry": { "type": "Point", "coordinates": [ -71.40096, 41.82933 ] } },
{ "type": "Feature", "properties": { "name": "Oo-Kook Korean BBQ" }, "geometry": { "type": "Point", "coordinates": [ -118.07372, 34.09784 ] } },
{ "type": "Feature", "properties": { "name": "K-Kitchen" }, "geometry": { "type": "Point", "coordinates": [ -122.03536, 37.59156 ] } },
{ "type": "Feature", "properties": { "name": "Modoo Banjeom" }, "geometry": { "type": "Point", "coordinates": [ -122.32583, 47.82099 ] } },
{ "type": "Feature", "properties": { "name": "Dduriba" }, "geometry": { "type": "Point", "coordinates": [ -117.15458, 32.82061 ] } },
{ "type": "Feature", "properties": { "name": "Seoul Stick" }, "geometry": { "type": "Point", "coordinates": [ -87.67676, 41.91012 ] } },
{ "type": "Feature", "properties": { "name": "En Hakkore" }, "geometry": { "type": "Point", "coordinates": [ -87.67774, 41.9151 ] } },
{ "type": "Feature", "properties": { "name": "Yami Korean Food" }, "geometry": { "type": "Point", "coordinates": [ -76.88866, 40.26965 ] } },
{ "type": "Feature", "properties": { "name": "bb.q Chicken" }, "geometry": { "type": "Point", "coordinates": [ -117.06588, 32.7638 ] } },
{ "type": "Feature", "properties": { "name": "Be-One Korean BBQ" }, "geometry": { "type": "Point", "coordinates": [ -76.61892, 39.31252 ] } },
{ "type": "Feature", "properties": { "name": "Sumi Korean Grill" }, "geometry": { "type": "Point", "coordinates": [ -122.26059, 47.44916 ] } },
{ "type": "Feature", "properties": { "name": "HōM Korean Kitchen" }, "geometry": { "type": "Point", "coordinates": [ -121.88886, 37.33673 ] } },
{ "type": "Feature", "properties": { "name": "Tong Tong Tang" }, "geometry": { "type": "Point", "coordinates": [ -117.83793, 33.97444 ] } },
{ "type": "Feature", "properties": { "name": "Del Seoul" }, "geometry": { "type": "Point", "coordinates": [ -87.64294, 41.92947 ] } },
{ "type": "Feature", "properties": { "name": "So Gong Dong" }, "geometry": { "type": "Point", "coordinates": [ -87.68775, 41.91014 ] } },
{ "type": "Feature", "properties": { "name": "Parachute HiFi" }, "geometry": { "type": "Point", "coordinates": [ -87.70646, 41.94478 ] } },
{ "type": "Feature", "properties": { "name": "Joy Bento" }, "geometry": { "type": "Point", "coordinates": [ -122.33456, 47.60556 ] } },
{ "type": "Feature", "properties": { "name": "Manna Korean Cuisine" }, "geometry": { "type": "Point", "coordinates": [ -122.46725, 37.76388 ] } },
{ "type": "Feature", "properties": { "name": "Martha Jo's Cafe" }, "geometry": { "type": "Point", "coordinates": [ -100.5153, 40.62972 ] } },
{ "type": "Feature", "properties": { "name": "Moo Bong Ri" }, "geometry": { "type": "Point", "coordinates": [ -121.99997, 37.35125 ] } },
{ "type": "Feature", "properties": { "name": "K-Cuisine" }, "geometry": { "type": "Point", "coordinates": [ -117.15563, 32.82637 ] } },
{ "type": "Feature", "properties": { "name": "TaKorean" }, "geometry": { "type": "Point", "coordinates": [ -77.00027, 38.87523 ] } },
{ "type": "Feature", "properties": { "name": "Kunjip Restaurant" }, "geometry": { "type": "Point", "coordinates": [ -121.9788, 37.34582 ] } },
{ "type": "Feature", "properties": { "name": "Kimchi Grill" }, "geometry": { "type": "Point", "coordinates": [ -73.96342, 40.67511 ] } },
{ "type": "Feature", "properties": { "name": "Andamiro" }, "geometry": { "type": "Point", "coordinates": [ -73.98218, 40.67437 ] } },
{ "type": "Feature", "properties": { "name": "Manna BBQ" }, "geometry": { "type": "Point", "coordinates": [ -77.27109, 38.79504 ] } },
{ "type": "Feature", "properties": { "name": "Il Mee Korean Restaurant" }, "geometry": { "type": "Point", "coordinates": [ -84.54664, 33.97645 ] } },
{ "type": "Feature", "properties": { "name": "The Jin" }, "geometry": { "type": "Point", "coordinates": [ -73.98874, 40.76857 ] } },
{ "type": "Feature", "properties": { "name": "Yu Chun" }, "geometry": { "type": "Point", "coordinates": [ -118.30595, 34.05282 ] } },
{ "type": "Feature", "properties": { "name": "Surawon" }, "geometry": { "type": "Point", "coordinates": [ -118.29563, 34.05279 ] } },
{ "type": "Feature", "properties": { "name": "Gam Ja Gol" }, "geometry": { "type": "Point", "coordinates": [ -118.30038, 34.05289 ] } },
{ "type": "Feature", "properties": { "name": "Jang An Restaurant" }, "geometry": { "type": "Point", "coordinates": [ -118.29397, 34.05296 ] } },
{ "type": "Feature", "properties": { "name": "Secret Garden" }, "geometry": { "type": "Point", "coordinates": [ -76.09693, 43.05514 ] } },
{ "type": "Feature", "properties": { "name": "Bull Korean BBQ" }, "geometry": { "type": "Point", "coordinates": [ -122.03371, 37.31587 ] } },
{ "type": "Feature", "properties": { "name": "Tofu Plus Korean BBQ" }, "geometry": { "type": "Point", "coordinates": [ -122.01521, 37.33616 ] } },
{ "type": "Feature", "properties": { "name": "Korean restaurant" }, "geometry": { "type": "Point", "coordinates": [ -118.87764, 34.18132 ] } },
{ "type": "Feature", "properties": { "name": "Handsome Rice" }, "geometry": { "type": "Point", "coordinates": [ -73.98131, 40.74469 ] } },
{ "type": "Feature", "properties": { "name": "Mokja" }, "geometry": { "type": "Point", "coordinates": [ -73.92143, 40.76027 ] } },
{ "type": "Feature", "properties": { "name": "Drunken Tiger" }, "geometry": { "type": "Point", "coordinates": [ -111.87898, 33.37879 ] } },
{ "type": "Feature", "properties": { "name": "Kang Tong" }, "geometry": { "type": "Point", "coordinates": [ -122.26525, 37.82549 ] } },
{ "type": "Feature", "properties": { "name": "Tang" }, "geometry": { "type": "Point", "coordinates": [ -117.96335, 33.87833 ] } },
{ "type": "Feature", "properties": { "name": "Stone Age Korean Grill Bar" }, "geometry": { "type": "Point", "coordinates": [ -95.73501, 29.78699 ] } },
{ "type": "Feature", "properties": { "name": "Maru" }, "geometry": { "type": "Point", "coordinates": [ -116.29256, 33.71388 ] } },
{ "type": "Feature", "properties": { "name": "Gen Korean BBQ" }, "geometry": { "type": "Point", "coordinates": [ -121.88558, 37.38728 ] } },
{ "type": "Feature", "properties": { "name": "KoChix" }, "geometry": { "type": "Point", "coordinates": [ -77.01635, 38.91374 ] } },
{ "type": "Feature", "properties": { "name": "Sinabro" }, "geometry": { "type": "Point", "coordinates": [ -87.90583, 43.03431 ] } },
{ "type": "Feature", "properties": { "name": "Whistle Pig Korean" }, "geometry": { "type": "Point", "coordinates": [ -111.03892, 45.68019 ] } },
{ "type": "Feature", "properties": { "name": "Gogi Time" }, "geometry": { "type": "Point", "coordinates": [ -122.26772, 37.81551 ] } },
{ "type": "Feature", "properties": { "name": "Korea House" }, "geometry": { "type": "Point", "coordinates": [ -122.53518, 45.61769 ] } },
{ "type": "Feature", "properties": { "name": "Korean Grill" }, "geometry": { "type": "Point", "coordinates": [ -95.91173, 41.14177 ] } },
{ "type": "Feature", "properties": { "name": "The Bulgogi" }, "geometry": { "type": "Point", "coordinates": [ -122.61924, 45.53626 ] } },
{ "type": "Feature", "properties": { "name": "Dan Sung Sa" }, "geometry": { "type": "Point", "coordinates": [ -122.2679, 37.81712 ] } },
{ "type": "Feature", "properties": { "name": "Paik's Noodle" }, "geometry": { "type": "Point", "coordinates": [ -111.95616, 40.69627 ] } },
{ "type": "Feature", "properties": { "name": "Hahn's Hibachi" }, "geometry": { "type": "Point", "coordinates": [ -122.46371, 37.76404 ] } },
{ "type": "Feature", "properties": { "name": "Korean Soul Chicken" }, "geometry": { "type": "Point", "coordinates": [ -122.42096, 37.79259 ] } },
{ "type": "Feature", "properties": { "name": "Gabose Pocha" }, "geometry": { "type": "Point", "coordinates": [ -80.25282, 26.1876 ] } },
{ "type": "Feature", "properties": { "name": "Gabose" }, "geometry": { "type": "Point", "coordinates": [ -80.25254, 26.18784 ] } },
{ "type": "Feature", "properties": { "name": "Shin Toe Bul Yi" }, "geometry": { "type": "Point", "coordinates": [ -122.48771, 37.74239 ] } },
{ "type": "Feature", "properties": { "name": "Jang Soo BBQ" }, "geometry": { "type": "Point", "coordinates": [ -122.48724, 37.78017 ] } },
{ "type": "Feature", "properties": { "name": "Da.Wa" }, "geometry": { "type": "Point", "coordinates": [ -72.97426, 41.2717 ] } },
{ "type": "Feature", "properties": { "name": "SSAL" }, "geometry": { "type": "Point", "coordinates": [ -122.42193, 37.79732 ] } },
{ "type": "Feature", "properties": { "name": "So Gong Dong" }, "geometry": { "type": "Point", "coordinates": [ -89.39501, 43.07471 ] } },
{ "type": "Feature", "properties": { "name": "Hanshin Pocha" }, "geometry": { "type": "Point", "coordinates": [ -122.26303, 37.83533 ] } },
{ "type": "Feature", "properties": { "name": "Mr. Sushi & Mrs. Roll" }, "geometry": { "type": "Point", "coordinates": [ -77.47272, 39.04407 ] } },
{ "type": "Feature", "properties": { "name": "Nara Teriyaki" }, "geometry": { "type": "Point", "coordinates": [ -122.96069, 45.53019 ] } },
{ "type": "Feature", "properties": { "name": "Gaonnuri" }, "geometry": { "type": "Point", "coordinates": [ -73.98784, 40.74782 ] } },
{ "type": "Feature", "properties": { "name": "Corner Grille Korean Fusion" }, "geometry": { "type": "Point", "coordinates": [ -118.60341, 34.16865 ] } },
{ "type": "Feature", "properties": { "name": "Take31" }, "geometry": { "type": "Point", "coordinates": [ -73.98485, 40.74622 ] } },
{ "type": "Feature", "properties": { "name": "Her Name is Han" }, "geometry": { "type": "Point", "coordinates": [ -73.98478, 40.74619 ] } },
{ "type": "Feature", "properties": { "name": "Korea House" }, "geometry": { "type": "Point", "coordinates": [ -123.08231, 44.04515 ] } },
{ "type": "Feature", "properties": { "name": "Oh G Burger/Chimmelier" }, "geometry": { "type": "Point", "coordinates": [ -122.27928, 37.89152 ] } },
{ "type": "Feature", "properties": { "name": "Cho Dang Gol" }, "geometry": { "type": "Point", "coordinates": [ -73.98634, 40.75017 ] } },
{ "type": "Feature", "properties": { "name": "The Crew" }, "geometry": { "type": "Point", "coordinates": [ -122.47814, 37.7543 ] } },
{ "type": "Feature", "properties": { "name": "Bab korean Bistro" }, "geometry": { "type": "Point", "coordinates": [ -71.06736, 42.42507 ] } },
{ "type": "Feature", "properties": { "name": "Toyose" }, "geometry": { "type": "Point", "coordinates": [ -122.50468, 37.75314 ] } },
{ "type": "Feature", "properties": { "name": "Kang San" }, "geometry": { "type": "Point", "coordinates": [ -103.06901, 44.13388 ] } },
{ "type": "Feature", "properties": { "name": "Wang Dae Bak" }, "geometry": { "type": "Point", "coordinates": [ -122.47383, 37.7321 ] } },
{ "type": "Feature", "properties": { "name": "Korean BBQ And More" }, "geometry": { "type": "Point", "coordinates": [ -84.33632, 30.45269 ] } },
{ "type": "Feature", "properties": { "name": "K-Manna Fusion" }, "geometry": { "type": "Point", "coordinates": [ -76.83554, 39.17645 ] } },
{ "type": "Feature", "properties": { "name": "Gogi Yogi" }, "geometry": { "type": "Point", "coordinates": [ -77.02276, 38.91644 ] } },
{ "type": "Feature", "properties": { "name": "Mokban Korean Bistro" }, "geometry": { "type": "Point", "coordinates": [ -71.41248, 41.82316 ] } },
{ "type": "Feature", "properties": { "name": "Manna Teriyaki" }, "geometry": { "type": "Point", "coordinates": [ -122.23084, 47.92219 ] } },
{ "type": "Feature", "properties": { "name": "Blind Tiger" }, "geometry": { "type": "Point", "coordinates": [ -122.26762, 37.81565 ] } },
{ "type": "Feature", "properties": { "name": "Kabuki" }, "geometry": { "type": "Point", "coordinates": [ -83.36001, 42.50028 ] } },
{ "type": "Feature", "properties": { "name": "The Third Place" }, "geometry": { "type": "Point", "coordinates": [ -122.12291, 47.67357 ] } },
{ "type": "Feature", "properties": { "name": "Bonchon Chicken" }, "geometry": { "type": "Point", "coordinates": [ -122.02723, 37.36236 ] } },
{ "type": "Feature", "properties": { "name": "Bell's Diner" }, "geometry": { "type": "Point", "coordinates": [ -83.77646, 42.27332 ] } },
{ "type": "Feature", "properties": { "name": "Ijji 4 Koren Bar-B-Que & Bar" }, "geometry": { "type": "Point", "coordinates": [ -119.86316, 39.53565 ] } },
{ "type": "Feature", "properties": { "name": "Yami Korean and Japanese Grill" }, "geometry": { "type": "Point", "coordinates": [ -80.08909, 26.5355 ] } },
{ "type": "Feature", "properties": { "name": "bb.q Chicken" }, "geometry": { "type": "Point", "coordinates": [ -73.98093, 40.74156 ] } },
{ "type": "Feature", "properties": { "name": "Brothers Restaurant" }, "geometry": { "type": "Point", "coordinates": [ -122.46377, 37.78124 ] } },
{ "type": "Feature", "properties": { "name": "CM Chicken & Ssong's Hotdogs" }, "geometry": { "type": "Point", "coordinates": [ -84.40468, 33.78185 ] } },
{ "type": "Feature", "properties": { "name": "Happy Time Korean BBQ" }, "geometry": { "type": "Point", "coordinates": [ -104.72824, 38.95446 ] } },
{ "type": "Feature", "properties": { "name": "K-Peppers" }, "geometry": { "type": "Point", "coordinates": [ -89.51364, 43.09629 ] } },
{ "type": "Feature", "properties": { "name": "Bibimbab" }, "geometry": { "type": "Point", "coordinates": [ -83.47131, 42.47831 ] } },
{ "type": "Feature", "properties": { "name": "My Way Korean Restaurant" }, "geometry": { "type": "Point", "coordinates": [ -74.44364, 40.49465 ] } },
{ "type": "Feature", "properties": { "name": "Beque Korean Grill" }, "geometry": { "type": "Point", "coordinates": [ -121.9819, 37.35143 ] } },
{ "type": "Feature", "properties": { "name": "Cho Dang Tofu" }, "geometry": { "type": "Point", "coordinates": [ -122.29978, 47.317 ] } },
{ "type": "Feature", "properties": { "name": "bb.q Chicken" }, "geometry": { "type": "Point", "coordinates": [ -78.84594, 35.79377 ] } },
{ "type": "Feature", "properties": { "name": "Omoni Korean Grill" }, "geometry": { "type": "Point", "coordinates": [ -86.13858, 39.9876 ] } },
{ "type": "Feature", "properties": { "name": "Bonchon Chicken" }, "geometry": { "type": "Point", "coordinates": [ -122.3231, 37.56595 ] } },
{ "type": "Feature", "properties": { "name": "Ariari" }, "geometry": { "type": "Point", "coordinates": [ -73.98579, 40.72725 ] } },
{ "type": "Feature", "properties": { "name": "Woorijip" }, "geometry": { "type": "Point", "coordinates": [ -73.98645, 40.74744 ] } },
{ "type": "Feature", "properties": { "name": "Koreana" }, "geometry": { "type": "Point", "coordinates": [ -122.7803, 45.48685 ] } },
{ "type": "Feature", "properties": { "name": "Kisa" }, "geometry": { "type": "Point", "coordinates": [ -73.98899, 40.72284 ] } },
{ "type": "Feature", "properties": { "name": "Bonchon Chicken" }, "geometry": { "type": "Point", "coordinates": [ -77.15178, 39.08548 ] } },
{ "type": "Feature", "properties": { "name": "Foodles" }, "geometry": { "type": "Point", "coordinates": [ -122.50078, 37.95865 ] } },
{ "type": "Feature", "properties": { "name": "Memphis Seoul" }, "geometry": { "type": "Point", "coordinates": [ -73.95793, 40.67171 ] } },
{ "type": "Feature", "properties": { "name": "Boom Boom Chicken" }, "geometry": { "type": "Point", "coordinates": [ -74.40831, 40.51307 ] } },
{ "type": "Feature", "properties": { "name": "Iron Pig Korean BBQ" }, "geometry": { "type": "Point", "coordinates": [ -76.90885, 38.99703 ] } },
{ "type": "Feature", "properties": { "name": "Kong Tofu House" }, "geometry": { "type": "Point", "coordinates": [ -122.31228, 47.65842 ] } },
{ "type": "Feature", "properties": { "name": "Sunberry" }, "geometry": { "type": "Point", "coordinates": [ -72.67447, 41.76757 ] } },
{ "type": "Feature", "properties": { "name": "Jin Mi Korean Cuisine" }, "geometry": { "type": "Point", "coordinates": [ -122.41668, 37.78163 ] } },
{ "type": "Feature", "properties": { "name": "YakiniQ" }, "geometry": { "type": "Point", "coordinates": [ -122.42885, 37.78581 ] } },
{ "type": "Feature", "properties": { "name": "Daeho" }, "geometry": { "type": "Point", "coordinates": [ -122.42854, 37.78585 ] } },
{ "type": "Feature", "properties": { "name": "MAD FOR CHICKEN" }, "geometry": { "type": "Point", "coordinates": [ -74.17013, 40.73483 ] } },
{ "type": "Feature", "properties": { "name": "Kimski" }, "geometry": { "type": "Point", "coordinates": [ -87.651, 41.8381 ] } },
{ "type": "Feature", "properties": { "name": "Kori" }, "geometry": { "type": "Point", "coordinates": [ -75.29289, 40.2175 ] } },
{ "type": "Feature", "properties": { "name": "Uncle Jay Burger House" }, "geometry": { "type": "Point", "coordinates": [ -122.03336, 37.97794 ] } },
{ "type": "Feature", "properties": { "name": "Gen Korean BBQ" }, "geometry": { "type": "Point", "coordinates": [ -95.10397, 29.54426 ] } },
{ "type": "Feature", "properties": { "name": "Best Friend" }, "geometry": { "type": "Point", "coordinates": [ -115.17392, 36.10494 ] } },
{ "type": "Feature", "properties": { "name": "The Grill King" }, "geometry": { "type": "Point", "coordinates": [ -122.34496, 47.74464 ] } },
{ "type": "Feature", "properties": { "name": "Grass Roots Cafe" }, "geometry": { "type": "Point", "coordinates": [ -71.0593, 42.35478 ] } },
{ "type": "Feature", "properties": { "name": "Late Night Kitchen" }, "geometry": { "type": "Point", "coordinates": [ -122.31325, 47.66675 ] } },
{ "type": "Feature", "properties": { "name": "Seoul Soulongtang" }, "geometry": { "type": "Point", "coordinates": [ -71.1319, 42.35025 ] } },
{ "type": "Feature", "properties": { "name": "Bonchon Chicken" }, "geometry": { "type": "Point", "coordinates": [ -71.13092, 42.35303 ] } },
{ "type": "Feature", "properties": { "name": "Myung Dong 1st Ave" }, "geometry": { "type": "Point", "coordinates": [ -71.13201, 42.35336 ] } },
{ "type": "Feature", "properties": { "name": "Kaju Tofu House" }, "geometry": { "type": "Point", "coordinates": [ -71.13228, 42.35434 ] } },
{ "type": "Feature", "properties": { "name": "kimchipapi kitchen" }, "geometry": { "type": "Point", "coordinates": [ -71.13237, 42.35358 ] } },
{ "type": "Feature", "properties": { "name": "Korean Garden" }, "geometry": { "type": "Point", "coordinates": [ -71.13174, 42.35238 ] } },
{ "type": "Feature", "properties": { "name": "Hanmaru" }, "geometry": { "type": "Point", "coordinates": [ -71.13141, 42.35142 ] } },
{ "type": "Feature", "properties": { "name": "Olitoki" }, "geometry": { "type": "Point", "coordinates": [ -71.1288, 42.35245 ] } },
{ "type": "Feature", "properties": { "name": "Be.bim Korean BBQ" }, "geometry": { "type": "Point", "coordinates": [ -76.62231, 39.32162 ] } },
{ "type": "Feature", "properties": { "name": "Seoul Garden" }, "geometry": { "type": "Point", "coordinates": [ -90.41002, 38.6741 ] } },
{ "type": "Feature", "properties": { "name": "IPot" }, "geometry": { "type": "Point", "coordinates": [ -84.62166, 42.74205 ] } },
{ "type": "Feature", "properties": { "name": "Yori" }, "geometry": { "type": "Point", "coordinates": [ -86.92944, 40.42547 ] } },
{ "type": "Feature", "properties": { "name": "Iron Age Korean Steak House" }, "geometry": { "type": "Point", "coordinates": [ -77.03249, 38.93124 ] } },
{ "type": "Feature", "properties": { "name": "Korea House" }, "geometry": { "type": "Point", "coordinates": [ -122.03883, 37.97499 ] } },
{ "type": "Feature", "properties": { "name": "Ohgane Korean BBQ" }, "geometry": { "type": "Point", "coordinates": [ -122.04328, 37.97301 ] } },
{ "type": "Feature", "properties": { "name": "Speed Bowl" }, "geometry": { "type": "Point", "coordinates": [ -82.23761, 34.91511 ] } },
{ "type": "Feature", "properties": { "name": "Kang's" }, "geometry": { "type": "Point", "coordinates": [ -83.73231, 42.27515 ] } },
{ "type": "Feature", "properties": { "name": "Seoul BBQ & Sushi 2" }, "geometry": { "type": "Point", "coordinates": [ -104.99021, 39.88664 ] } },
{ "type": "Feature", "properties": { "name": "Firepan" }, "geometry": { "type": "Point", "coordinates": [ -77.155, 38.87326 ] } },
{ "type": "Feature", "properties": { "name": "Gom Tang E" }, "geometry": { "type": "Point", "coordinates": [ -77.15493, 38.87294 ] } },
{ "type": "Feature", "properties": { "name": "Moa Korean BBQ" }, "geometry": { "type": "Point", "coordinates": [ -122.06841, 37.98123 ] } },
{ "type": "Feature", "properties": { "name": "KeunJib" }, "geometry": { "type": "Point", "coordinates": [ -122.06684, 37.98232 ] } },
{ "type": "Feature", "properties": { "name": "Pollo Pollo" }, "geometry": { "type": "Point", "coordinates": [ -122.06848, 37.98111 ] } },
{ "type": "Feature", "properties": { "name": "Sura BBQ Boston" }, "geometry": { "type": "Point", "coordinates": [ -71.10869, 42.41781 ] } },
{ "type": "Feature", "properties": { "name": "Ficus" }, "geometry": { "type": "Point", "coordinates": [ -74.6523, 40.35177 ] } },
{ "type": "Feature", "properties": { "name": "Rice Bar Bibimbap Noodle" }, "geometry": { "type": "Point", "coordinates": [ -77.03433, 38.90306 ] } },
{ "type": "Feature", "properties": { "name": "Hola Seoul" }, "geometry": { "type": "Point", "coordinates": [ -83.73997, 42.27875 ] } },
{ "type": "Feature", "properties": { "name": "Bumblebee" }, "geometry": { "type": "Point", "coordinates": [ -112.02416, 40.71144 ] } },
{ "type": "Feature", "properties": { "name": "Cupbop" }, "geometry": { "type": "Point", "coordinates": [ -116.59907, 43.60229 ] } },
{ "type": "Feature", "properties": { "name": "Chi Dang Tofu & BBQ" }, "geometry": { "type": "Point", "coordinates": [ -118.22187, 34.20554 ] } },
{ "type": "Feature", "properties": { "name": "Fam House" }, "geometry": { "type": "Point", "coordinates": [ -122.34464, 47.7302 ] } },
{ "type": "Feature", "properties": { "name": "Enjoy Seoul" }, "geometry": { "type": "Point", "coordinates": [ -121.85751, 37.33171 ] } },
{ "type": "Feature", "properties": { "name": "BUL" }, "geometry": { "type": "Point", "coordinates": [ -77.04193, 38.92133 ] } },
{ "type": "Feature", "properties": { "name": "SGD Tofu House" }, "geometry": { "type": "Point", "coordinates": [ -121.99108, 37.35193 ] } },
{ "type": "Feature", "properties": { "name": "MOGO Korean Fusion Tacos" }, "geometry": { "type": "Point", "coordinates": [ -74.01132, 40.21566 ] } },
{ "type": "Feature", "properties": { "name": "503 W" }, "geometry": { "type": "Point", "coordinates": [ -104.83464, 38.83258 ] } },
{ "type": "Feature", "properties": { "name": "Noori Chicken" }, "geometry": { "type": "Point", "coordinates": [ -83.73249, 42.27515 ] } },
{ "type": "Feature", "properties": { "name": "Sun Nong Dan" }, "geometry": { "type": "Point", "coordinates": [ -118.29748, 34.06298 ] } },
{ "type": "Feature", "properties": { "name": "Seoul Kitchen" }, "geometry": { "type": "Point", "coordinates": [ -122.48951, 48.7853 ] } },
{ "type": "Feature", "properties": { "name": "Bonchon Chicken" }, "geometry": { "type": "Point", "coordinates": [ -76.56734, 39.27753 ] } },
{ "type": "Feature", "properties": { "name": "Danji Korean Cuisine" }, "geometry": { "type": "Point", "coordinates": [ -122.01804, 47.54352 ] } },
{ "type": "Feature", "properties": { "name": "Korean Kitchen Hibachi BBQ" }, "geometry": { "type": "Point", "coordinates": [ -118.24056, 34.04908 ] } },
{ "type": "Feature", "properties": { "name": "bb.q Chicken" }, "geometry": { "type": "Point", "coordinates": [ -97.35818, 32.70634 ] } },
{ "type": "Feature", "properties": { "name": "Joodooboo" }, "geometry": { "type": "Point", "coordinates": [ -122.27372, 37.83252 ] } },
{ "type": "Feature", "properties": { "name": "Bab Cafe" }, "geometry": { "type": "Point", "coordinates": [ -119.81709, 39.52807 ] } },
{ "type": "Feature", "properties": { "name": "Green Pepper" }, "geometry": { "type": "Point", "coordinates": [ -79.92307, 40.43413 ] } },
{ "type": "Feature", "properties": { "name": "Koreana" }, "geometry": { "type": "Point", "coordinates": [ -81.88235, 26.54569 ] } },
{ "type": "Feature", "properties": { "name": "ChiKo" }, "geometry": { "type": "Point", "coordinates": [ -76.99519, 38.88303 ] } },
{ "type": "Feature", "properties": { "name": "Han Oak" }, "geometry": { "type": "Point", "coordinates": [ -122.64186, 45.52688 ] } },
{ "type": "Feature", "properties": { "name": "IL Poom" }, "geometry": { "type": "Point", "coordinates": [ -117.84527, 33.99842 ] } },
{ "type": "Feature", "properties": { "name": "Gangnam BBQ" }, "geometry": { "type": "Point", "coordinates": [ -111.86557, 33.38924 ] } },
{ "type": "Feature", "properties": { "name": "YakiniQ" }, "geometry": { "type": "Point", "coordinates": [ -121.92439, 37.32393 ] } },
{ "type": "Feature", "properties": { "name": "Jasmine" }, "geometry": { "type": "Point", "coordinates": [ -73.11998, 40.91601 ] } },
{ "type": "Feature", "properties": { "name": "Crisp" }, "geometry": { "type": "Point", "coordinates": [ -87.6444, 41.93612 ] } },
{ "type": "Feature", "properties": { "name": "Seoul Garden BBQ Buffet" }, "geometry": { "type": "Point", "coordinates": [ -117.81259, 33.73489 ] } },
{ "type": "Feature", "properties": { "name": "Gang Nam Gloucester" }, "geometry": { "type": "Point", "coordinates": [ -70.66573, 42.61145 ] } },
{ "type": "Feature", "properties": { "name": "Heoya" }, "geometry": { "type": "Point", "coordinates": [ -96.70017, 40.73765 ] } },
{ "type": "Feature", "properties": { "name": "Arirang" }, "geometry": { "type": "Point", "coordinates": [ -83.77019, 42.24191 ] } },
{ "type": "Feature", "properties": { "name": "Danbi Korean Restaurant" }, "geometry": { "type": "Point", "coordinates": [ -121.905, 37.35608 ] } },
{ "type": "Feature", "properties": { "name": "Dae Gee Korean BBQ" }, "geometry": { "type": "Point", "coordinates": [ -104.86545, 39.68186 ] } },
{ "type": "Feature", "properties": { "name": "Hae Jang Chon" }, "geometry": { "type": "Point", "coordinates": [ -118.306, 34.06385 ] } },
{ "type": "Feature", "properties": { "name": "M Kokko" }, "geometry": { "type": "Point", "coordinates": [ -78.90123, 35.99731 ] } },
{ "type": "Feature", "properties": { "name": "Go Goong" }, "geometry": { "type": "Point", "coordinates": [ -121.93593, 37.70411 ] } },
{ "type": "Feature", "properties": { "name": "Bulgogi Hut" }, "geometry": { "type": "Point", "coordinates": [ -118.30325, 34.06152 ] } },
{ "type": "Feature", "properties": { "name": "Gogobop Korean Rice Bar" }, "geometry": { "type": "Point", "coordinates": [ -118.3, 34.06148 ] } },
{ "type": "Feature", "properties": { "name": "Jjamppong Zizon" }, "geometry": { "type": "Point", "coordinates": [ -118.29945, 34.06147 ] } },
{ "type": "Feature", "properties": { "name": "Jjukku Jjukku Korean BBQ" }, "geometry": { "type": "Point", "coordinates": [ -118.29777, 34.06225 ] } },
{ "type": "Feature", "properties": { "name": "Bonchon Chicken" }, "geometry": { "type": "Point", "coordinates": [ -77.00767, 38.87825 ] } },
{ "type": "Feature", "properties": { "name": "The Neighborhood Eatery" }, "geometry": { "type": "Point", "coordinates": [ -81.37737, 28.54534 ] } },
{ "type": "Feature", "properties": { "name": "Mr. Tang" }, "geometry": { "type": "Point", "coordinates": [ -104.86507, 39.66808 ] } },
{ "type": "Feature", "properties": { "name": "Broadway Cafe" }, "geometry": { "type": "Point", "coordinates": [ -83.73711, 42.29071 ] } },
{ "type": "Feature", "properties": { "name": "New Generation" }, "geometry": { "type": "Point", "coordinates": [ -76.60271, 39.39995 ] } },
{ "type": "Feature", "properties": { "name": "Purple Rice" }, "geometry": { "type": "Point", "coordinates": [ -122.4308, 37.77197 ] } },
{ "type": "Feature", "properties": { "name": "Gogobop" }, "geometry": { "type": "Point", "coordinates": [ -118.44643, 34.06143 ] } },
{ "type": "Feature", "properties": { "name": "Joanne's Grill" }, "geometry": { "type": "Point", "coordinates": [ -76.61571, 39.30462 ] } },
{ "type": "Feature", "properties": { "name": "Oita" }, "geometry": { "type": "Point", "coordinates": [ -73.97627, 40.67492 ] } },
{ "type": "Feature", "properties": { "name": "Banseok Korean BBQ" }, "geometry": { "type": "Point", "coordinates": [ -121.93584, 37.70697 ] } },
{ "type": "Feature", "properties": { "name": "Sodam" }, "geometry": { "type": "Point", "coordinates": [ -121.93595, 37.70517 ] } },
{ "type": "Feature", "properties": { "name": "Tofu House" }, "geometry": { "type": "Point", "coordinates": [ -121.93811, 37.70419 ] } },
{ "type": "Feature", "properties": { "name": "Oishii Bento" }, "geometry": { "type": "Point", "coordinates": [ -79.95716, 40.44185 ] } },
{ "type": "Feature", "properties": { "name": "Barn Joo 35" }, "geometry": { "type": "Point", "coordinates": [ -73.98577, 40.7497 ] } },
{ "type": "Feature", "properties": { "name": "missKOREA BBQ" }, "geometry": { "type": "Point", "coordinates": [ -73.98639, 40.74741 ] } },
{ "type": "Feature", "properties": { "name": "Jongro BBQ" }, "geometry": { "type": "Point", "coordinates": [ -73.9869, 40.74756 ] } },
{ "type": "Feature", "properties": { "name": "Gen Korean BBQ" }, "geometry": { "type": "Point", "coordinates": [ -118.12769, 34.09459 ] } },
{ "type": "Feature", "properties": { "name": "OZ Korean BBQ" }, "geometry": { "type": "Point", "coordinates": [ -121.3356, 38.56357 ] } },
{ "type": "Feature", "properties": { "name": "Umi Sushi" }, "geometry": { "type": "Point", "coordinates": [ -83.69472, 42.30503 ] } },
{ "type": "Feature", "properties": { "name": "Ahri's Kitchen" }, "geometry": { "type": "Point", "coordinates": [ -74.04379, 40.72599 ] } },
{ "type": "Feature", "properties": { "name": "Seoul Restaurant" }, "geometry": { "type": "Point", "coordinates": [ -76.31847, 39.43581 ] } },
{ "type": "Feature", "properties": { "name": "BIBIBOP Asian Grill" }, "geometry": { "type": "Point", "coordinates": [ -81.6047, 41.50966 ] } },
{ "type": "Feature", "properties": { "name": "Seoulmates" }, "geometry": { "type": "Point", "coordinates": [ -122.31966, 47.61308 ] } },
{ "type": "Feature", "properties": { "name": "Han Joong Kwan" }, "geometry": { "type": "Point", "coordinates": [ -76.83389, 39.27807 ] } },
{ "type": "Feature", "properties": { "name": "Korean Tofu House" }, "geometry": { "type": "Point", "coordinates": [ -122.31402, 47.65822 ] } },
{ "type": "Feature", "properties": { "name": "Bonchon Chicken" }, "geometry": { "type": "Point", "coordinates": [ -94.17842, 36.3098 ] } },
{ "type": "Feature", "properties": { "name": "Cupbop" }, "geometry": { "type": "Point", "coordinates": [ -111.91214, 40.62002 ] } },
{ "type": "Feature", "properties": { "name": "Seoul Spice" }, "geometry": { "type": "Point", "coordinates": [ -77.0807, 38.94989 ] } },
{ "type": "Feature", "properties": { "name": "MoDak Korean Chicken" }, "geometry": { "type": "Point", "coordinates": [ -121.97326, 37.31986 ] } },
{ "type": "Feature", "properties": { "name": "Cupbop Korean BBQ" }, "geometry": { "type": "Point", "coordinates": [ -111.88462, 40.63677 ] } },
{ "type": "Feature", "properties": { "name": "Giwa" }, "geometry": { "type": "Point", "coordinates": [ -121.99999, 37.35142 ] } },
{ "type": "Feature", "properties": { "name": "Korea Restaurant" }, "geometry": { "type": "Point", "coordinates": [ -93.22672, 44.97429 ] } },
{ "type": "Feature", "properties": { "name": "Hoban Korean Barbecue" }, "geometry": { "type": "Point", "coordinates": [ -93.29809, 44.94881 ] } },
{ "type": "Feature", "properties": { "name": "KPOT Korean BBQ & Hot Pot" }, "geometry": { "type": "Point", "coordinates": [ -78.96189, 35.07161 ] } },
{ "type": "Feature", "properties": { "name": "Gen Korean BBQ" }, "geometry": { "type": "Point", "coordinates": [ -122.05137, 37.96966 ] } },
{ "type": "Feature", "properties": { "name": "Pow Pow" }, "geometry": { "type": "Point", "coordinates": [ -76.98856, 38.90002 ] } },
{ "type": "Feature", "properties": { "name": "Garlic to the Chicken" }, "geometry": { "type": "Point", "coordinates": [ -73.90219, 40.705 ] } },
{ "type": "Feature", "properties": { "name": "Bewon" }, "geometry": { "type": "Point", "coordinates": [ -83.69136, 42.30425 ] } },
{ "type": "Feature", "properties": { "name": "UFC Chicken" }, "geometry": { "type": "Point", "coordinates": [ -73.99411, 40.75605 ] } },
{ "type": "Feature", "properties": { "name": "Seoul Kitchen" }, "geometry": { "type": "Point", "coordinates": [ -122.234, 37.48612 ] } },
{ "type": "Feature", "properties": { "name": "Gammeeok" }, "geometry": { "type": "Point", "coordinates": [ -73.98614, 40.74762 ] } },
{ "type": "Feature", "properties": { "name": "Joomak Banjum" }, "geometry": { "type": "Point", "coordinates": [ -73.98584, 40.74701 ] } },
{ "type": "Feature", "properties": { "name": "Dish" }, "geometry": { "type": "Point", "coordinates": [ -84.28793, 33.88769 ] } },
{ "type": "Feature", "properties": { "name": "Yuk Dae Jang" }, "geometry": { "type": "Point", "coordinates": [ -118.28798, 34.06403 ] } },
{ "type": "Feature", "properties": { "name": "Blossom Tree" }, "geometry": { "type": "Point", "coordinates": [ -84.38911, 33.75549 ] } },
{ "type": "Feature", "properties": { "name": "Bonchon Chicken" }, "geometry": { "type": "Point", "coordinates": [ -72.93037, 41.3053 ] } },
{ "type": "Feature", "properties": { "name": "Seoul K-BBQ & Hot Pot" }, "geometry": { "type": "Point", "coordinates": [ -104.86519, 39.67873 ] } },
{ "type": "Feature", "properties": { "name": "Suzy's Kitchen" }, "geometry": { "type": "Point", "coordinates": [ -122.65287, 47.5671 ] } },
{ "type": "Feature", "properties": { "name": "Asiana" }, "geometry": { "type": "Point", "coordinates": [ -84.39632, 39.34842 ] } },
{ "type": "Feature", "properties": { "name": "BCD Tofu House" }, "geometry": { "type": "Point", "coordinates": [ -118.08423, 33.8582 ] } },
{ "type": "Feature", "properties": { "name": "Mapo Galmaegi" }, "geometry": { "type": "Point", "coordinates": [ -73.8276, 40.76034 ] } },
{ "type": "Feature", "properties": { "name": "Seoul Taco" }, "geometry": { "type": "Point", "coordinates": [ -87.63144, 41.89601 ] } },
{ "type": "Feature", "properties": { "name": "Mister Tiger" }, "geometry": { "type": "Point", "coordinates": [ -87.65598, 41.89125 ] } },
{ "type": "Feature", "properties": { "name": "Paju" }, "geometry": { "type": "Point", "coordinates": [ -122.33866, 47.6242 ] } },
{ "type": "Feature", "properties": { "name": "Gumii" }, "geometry": { "type": "Point", "coordinates": [ -88.20416, 41.70693 ] } },
{ "type": "Feature", "properties": { "name": "Mr Tofu House" }, "geometry": { "type": "Point", "coordinates": [ -74.26695, 40.91504 ] } },
{ "type": "Feature", "properties": { "name": "O Mok Jo Mok" }, "geometry": { "type": "Point", "coordinates": [ -121.98212, 37.35174 ] } },
{ "type": "Feature", "properties": { "name": "Kobunga Korean Grill" }, "geometry": { "type": "Point", "coordinates": [ -118.2854, 34.02505 ] } },
{ "type": "Feature", "properties": { "name": "Chictea" }, "geometry": { "type": "Point", "coordinates": [ -74.02829, 40.63064 ] } },
{ "type": "Feature", "properties": { "name": "Seoul Gom Tang" }, "geometry": { "type": "Point", "coordinates": [ -122.26535, 37.82681 ] } },
{ "type": "Feature", "properties": { "name": "Dae Gee Korean Barbeque" }, "geometry": { "type": "Point", "coordinates": [ -85.12544, 41.12291 ] } },
{ "type": "Feature", "properties": { "name": "Old Village" }, "geometry": { "type": "Point", "coordinates": [ -122.34489, 47.7392 ] } },
{ "type": "Feature", "properties": { "name": "Bonchon Chicken" }, "geometry": { "type": "Point", "coordinates": [ -95.39415, 29.55287 ] } },
{ "type": "Feature", "properties": { "name": "Mina's Korean BBQ" }, "geometry": { "type": "Point", "coordinates": [ -121.9457, 37.41073 ] } },
{ "type": "Feature", "properties": { "name": "Seoul Kitchen" }, "geometry": { "type": "Point", "coordinates": [ -71.4185, 42.56916 ] } },
{ "type": "Feature", "properties": { "name": "Itaewon Grill" }, "geometry": { "type": "Point", "coordinates": [ -78.94498, 36.00921 ] } },
{ "type": "Feature", "properties": { "name": "Seoul Kitchen" }, "geometry": { "type": "Point", "coordinates": [ -74.0112, 41.49726 ] } },
{ "type": "Feature", "properties": { "name": "Iron Age Korean Steak House" }, "geometry": { "type": "Point", "coordinates": [ -76.76157, 39.28652 ] } },
{ "type": "Feature", "properties": { "name": "Choo Choo" }, "geometry": { "type": "Point", "coordinates": [ -83.33662, 33.92688 ] } },
{ "type": "Feature", "properties": { "name": "Master Shin's" }, "geometry": { "type": "Point", "coordinates": [ -121.8949, 37.3364 ] } },
{ "type": "Feature", "properties": { "name": "Seoulicious" }, "geometry": { "type": "Point", "coordinates": [ -117.91459, 33.80386 ] } },
{ "type": "Feature", "properties": { "name": "Anju Bar and Eatery" }, "geometry": { "type": "Point", "coordinates": [ -122.3554, 47.51604 ] } },
{ "type": "Feature", "properties": { "name": "K-Town BBQ" }, "geometry": { "type": "Point", "coordinates": [ -121.9931, 37.5193 ] } },
{ "type": "Feature", "properties": { "name": "Bonchon" }, "geometry": { "type": "Point", "coordinates": [ -121.99602, 37.52091 ] } },
{ "type": "Feature", "properties": { "name": "CM Chicken" }, "geometry": { "type": "Point", "coordinates": [ -85.70522, 38.25361 ] } },
{ "type": "Feature", "properties": { "name": "Sia Fusion Eatery" }, "geometry": { "type": "Point", "coordinates": [ -122.00399, 37.52239 ] } },
{ "type": "Feature", "properties": { "name": "Seoul Tofu House Korean BBQ" }, "geometry": { "type": "Point", "coordinates": [ -122.00681, 37.52338 ] } },
{ "type": "Feature", "properties": { "name": "Thursday" }, "geometry": { "type": "Point", "coordinates": [ -73.98377, 40.72761 ] } },
{ "type": "Feature", "properties": { "name": "The COOP Restaurant and Bar" }, "geometry": { "type": "Point", "coordinates": [ -73.83272, 40.75939 ] } },
{ "type": "Feature", "properties": { "name": "Doma" }, "geometry": { "type": "Point", "coordinates": [ -73.9231, 40.7442 ] } },
{ "type": "Feature", "properties": { "name": "Umma Korean Restaurant" }, "geometry": { "type": "Point", "coordinates": [ -122.96116, 45.53041 ] } },
{ "type": "Feature", "properties": { "name": "Cho Dang Tofu Restaurant" }, "geometry": { "type": "Point", "coordinates": [ -122.29976, 47.84086 ] } },
{ "type": "Feature", "properties": { "name": "Bonchon Chicken" }, "geometry": { "type": "Point", "coordinates": [ -93.24234, 44.85401 ] } },
{ "type": "Feature", "properties": { "name": "Pier 53 Sandwich Shop" }, "geometry": { "type": "Point", "coordinates": [ -74.01885, 40.64703 ] } },
{ "type": "Feature", "properties": { "name": "bb.q Chicken" }, "geometry": { "type": "Point", "coordinates": [ -93.15624, 44.93991 ] } },
{ "type": "Feature", "properties": { "name": "BroKogi Korean Fusion Cuisine" }, "geometry": { "type": "Point", "coordinates": [ -89.57548, 44.53366 ] } },
{ "type": "Feature", "properties": { "name": "Kko Kko Place" }, "geometry": { "type": "Point", "coordinates": [ -122.49195, 47.15615 ] } },
{ "type": "Feature", "properties": { "name": "BBQ Town" }, "geometry": { "type": "Point", "coordinates": [ -121.89487, 37.38383 ] } },
{ "type": "Feature", "properties": { "name": "Korean Garden" }, "geometry": { "type": "Point", "coordinates": [ -104.70005, 38.71456 ] } },
{ "type": "Feature", "properties": { "name": "Fukuya" }, "geometry": { "type": "Point", "coordinates": [ -97.83285, 30.4787 ] } },
{ "type": "Feature", "properties": { "name": "Bonchan" }, "geometry": { "type": "Point", "coordinates": [ -76.29062, 36.84988 ] } },
{ "type": "Feature", "properties": { "name": "Bob-Bob Korean Grill" }, "geometry": { "type": "Point", "coordinates": [ -76.49123, 37.06585 ] } },
{ "type": "Feature", "properties": { "name": "Bonchon Chicken" }, "geometry": { "type": "Point", "coordinates": [ -96.69666, 32.99831 ] } },
{ "type": "Feature", "properties": { "name": "Kimchi" }, "geometry": { "type": "Point", "coordinates": [ -83.48921, 42.32251 ] } },
{ "type": "Feature", "properties": { "name": "Bonchon Chicken" }, "geometry": { "type": "Point", "coordinates": [ -76.72445, 39.15322 ] } },
{ "type": "Feature", "properties": { "name": "Road to Seoul" }, "geometry": { "type": "Point", "coordinates": [ -118.30885, 34.04848 ] } },
{ "type": "Feature", "properties": { "name": "Anju Bar and Eatery" }, "geometry": { "type": "Point", "coordinates": [ -122.35421, 47.51619 ] } },
{ "type": "Feature", "properties": { "name": "Mister Bossam" }, "geometry": { "type": "Point", "coordinates": [ -118.30896, 34.06807 ] } },
{ "type": "Feature", "properties": { "name": "Spoon House" }, "geometry": { "type": "Point", "coordinates": [ -117.07965, 32.64109 ] } },
{ "type": "Feature", "properties": { "name": "Jipbap Taste of Korea" }, "geometry": { "type": "Point", "coordinates": [ -88.23058, 40.11138 ] } },
{ "type": "Feature", "properties": { "name": "Bab Plus" }, "geometry": { "type": "Point", "coordinates": [ -88.22132, 40.10665 ] } },
{ "type": "Feature", "properties": { "name": "Eight Korean BBQ" }, "geometry": { "type": "Point", "coordinates": [ -118.30989, 34.05603 ] } },
{ "type": "Feature", "properties": { "name": "Mirror of Korea" }, "geometry": { "type": "Point", "coordinates": [ -93.44125, 44.86502 ] } },
{ "type": "Feature", "properties": { "name": "Kosmo's BopShop" }, "geometry": { "type": "Point", "coordinates": [ -83.75002, 42.27934 ] } },
{ "type": "Feature", "properties": { "name": "KPOT" }, "geometry": { "type": "Point", "coordinates": [ -77.15014, 38.86944 ] } },
{ "type": "Feature", "properties": { "name": "Seoul House of Tofu" }, "geometry": { "type": "Point", "coordinates": [ -118.44262, 34.03925 ] } },
{ "type": "Feature", "properties": { "name": "Amitabul" }, "geometry": { "type": "Point", "coordinates": [ -87.78449, 41.99411 ] } },
{ "type": "Feature", "properties": { "name": "Fuji Japanese Buffet" }, "geometry": { "type": "Point", "coordinates": [ -83.11028, 42.53054 ] } },
{ "type": "Feature", "properties": { "name": "Pyeong Chang Tofu" }, "geometry": { "type": "Point", "coordinates": [ -122.2875, 37.8699 ] } },
{ "type": "Feature", "properties": { "name": "Big Norm" }, "geometry": { "type": "Point", "coordinates": [ -73.9927, 40.68322 ] } },
{ "type": "Feature", "properties": { "name": "Hangawi" }, "geometry": { "type": "Point", "coordinates": [ -73.98469, 40.74669 ] } },
{ "type": "Feature", "properties": { "name": "KPOT Korean BBQ & Hot Pot" }, "geometry": { "type": "Point", "coordinates": [ -93.80469, 41.56452 ] } },
{ "type": "Feature", "properties": { "name": "bb.q Chicken" }, "geometry": { "type": "Point", "coordinates": [ -71.31012, 42.64581 ] } },
{ "type": "Feature", "properties": { "name": "Kimbop" }, "geometry": { "type": "Point", "coordinates": [ -80.3992, 25.68422 ] } },
{ "type": "Feature", "properties": { "name": "Korean restaurant" }, "geometry": { "type": "Point", "coordinates": [ -87.88545, 43.05806 ] } },
{ "type": "Feature", "properties": { "name": "The Kunjip" }, "geometry": { "type": "Point", "coordinates": [ -73.98717, 40.74775 ] } },
{ "type": "Feature", "properties": { "name": "New Wonjo" }, "geometry": { "type": "Point", "coordinates": [ -73.98674, 40.74779 ] } },
{ "type": "Feature", "properties": { "name": "Bibi 2 Go" }, "geometry": { "type": "Point", "coordinates": [ -122.69881, 45.53015 ] } },
{ "type": "Feature", "properties": { "name": "Gossip House" }, "geometry": { "type": "Point", "coordinates": [ -73.81773, 40.76517 ] } },
{ "type": "Feature", "properties": { "name": "Bonchon Chicken" }, "geometry": { "type": "Point", "coordinates": [ -81.53657, 30.25594 ] } },
{ "type": "Feature", "properties": { "name": "COTE MIAMI" }, "geometry": { "type": "Point", "coordinates": [ -80.19158, 25.81291 ] } },
{ "type": "Feature", "properties": { "name": "Sam Oh Jung Restaurant" }, "geometry": { "type": "Point", "coordinates": [ -122.29775, 47.84069 ] } },
{ "type": "Feature", "properties": { "name": "Haenyeo" }, "geometry": { "type": "Point", "coordinates": [ -73.98114, 40.67518 ] } },
{ "type": "Feature", "properties": { "name": "Drunken Dragon" }, "geometry": { "type": "Point", "coordinates": [ -80.14135, 25.78607 ] } },
{ "type": "Feature", "properties": { "name": "Cryster" }, "geometry": { "type": "Point", "coordinates": [ -95.71819, 39.13241 ] } },
{ "type": "Feature", "properties": { "name": "Namdo Korean BBQ" }, "geometry": { "type": "Point", "coordinates": [ -122.21601, 47.79333 ] } },
{ "type": "Feature", "properties": { "name": "kogiya korean bbq" }, "geometry": { "type": "Point", "coordinates": [ -77.19705, 38.83196 ] } },
{ "type": "Feature", "properties": { "name": "Mad For Grill" }, "geometry": { "type": "Point", "coordinates": [ -77.19773, 38.83036 ] } },
{ "type": "Feature", "properties": { "name": "Perilla Steakhouse" }, "geometry": { "type": "Point", "coordinates": [ -87.62611, 41.88653 ] } },
{ "type": "Feature", "properties": { "name": "BiBiMix" }, "geometry": { "type": "Point", "coordinates": [ -77.08096, 38.89276 ] } },
{ "type": "Feature", "properties": { "name": "PERILLA fare" }, "geometry": { "type": "Point", "coordinates": [ -87.64451, 41.88935 ] } },
{ "type": "Feature", "properties": { "name": "House of Seoul" }, "geometry": { "type": "Point", "coordinates": [ -117.58723, 47.64199 ] } },
{ "type": "Feature", "properties": { "name": "Garden House Korean Restaurant" }, "geometry": { "type": "Point", "coordinates": [ -71.14997, 42.69054 ] } },
{ "type": "Feature", "properties": { "name": "Bomul Island" }, "geometry": { "type": "Point", "coordinates": [ -73.99776, 40.84774 ] } },
{ "type": "Feature", "properties": { "name": "So Moon Nan Jip" }, "geometry": { "type": "Point", "coordinates": [ -73.99858, 40.84659 ] } },
{ "type": "Feature", "properties": { "name": "Pizzamaru" }, "geometry": { "type": "Point", "coordinates": [ -73.99715, 40.84855 ] } },
{ "type": "Feature", "properties": { "name": "JP Seoul Tofu House" }, "geometry": { "type": "Point", "coordinates": [ -122.14182, 37.70214 ] } },
{ "type": "Feature", "properties": { "name": "Yummy Banchan" }, "geometry": { "type": "Point", "coordinates": [ -122.31306, 47.30234 ] } },
{ "type": "Feature", "properties": { "name": "So Moon Nan Jib BBQ" }, "geometry": { "type": "Point", "coordinates": [ -122.31256, 47.30205 ] } },
{ "type": "Feature", "properties": { "name": "Yangpyung Seoul Restaurant" }, "geometry": { "type": "Point", "coordinates": [ -122.3122, 47.30249 ] } },
{ "type": "Feature", "properties": { "name": "Namu Korean BBQ Restaurant" }, "geometry": { "type": "Point", "coordinates": [ -73.84643, 42.72824 ] } },
{ "type": "Feature", "properties": { "name": "bb.q Chicken" }, "geometry": { "type": "Point", "coordinates": [ -77.19191, 38.89445 ] } },
{ "type": "Feature", "properties": { "name": "Airi Poke and Ramen" }, "geometry": { "type": "Point", "coordinates": [ -95.22893, 30.13405 ] } },
{ "type": "Feature", "properties": { "name": "SGD DUBU SO GONG DONG TOFU & KOREAN BBQ" }, "geometry": { "type": "Point", "coordinates": [ -88.06256, 42.04938 ] } },
{ "type": "Feature", "properties": { "name": "Koreana Restaurant" }, "geometry": { "type": "Point", "coordinates": [ -88.09858, 42.04724 ] } },
{ "type": "Feature", "properties": { "name": "Korean restaurant" }, "geometry": { "type": "Point", "coordinates": [ -73.56026, 40.72509 ] } },
{ "type": "Feature", "properties": { "name": "Korean Express" }, "geometry": { "type": "Point", "coordinates": [ -73.96655, 40.76422 ] } },
{ "type": "Feature", "properties": { "name": "K Town Korean BBQ" }, "geometry": { "type": "Point", "coordinates": [ -122.57725, 45.48242 ] } },
{ "type": "Feature", "properties": { "name": "C as in Charlie" }, "geometry": { "type": "Point", "coordinates": [ -73.99271, 40.72546 ] } },
{ "type": "Feature", "properties": { "name": "Mari" }, "geometry": { "type": "Point", "coordinates": [ -73.99061, 40.76152 ] } },
{ "type": "Feature", "properties": { "name": "Ms. Yoo" }, "geometry": { "type": "Point", "coordinates": [ -73.98969, 40.72118 ] } },
{ "type": "Feature", "properties": { "name": "Bento: Kitchen Cravings" }, "geometry": { "type": "Point", "coordinates": [ -84.50744, 42.73739 ] } },
{ "type": "Feature", "properties": { "name": "Kiss My Seoul" }, "geometry": { "type": "Point", "coordinates": [ -122.40329, 37.77498 ] } },
{ "type": "Feature", "properties": { "name": "Bonchon Chicken" }, "geometry": { "type": "Point", "coordinates": [ -87.63494, 41.8536 ] } },
{ "type": "Feature", "properties": { "name": "Bonchon Chicken" }, "geometry": { "type": "Point", "coordinates": [ -87.67126, 41.90348 ] } },
{ "type": "Feature", "properties": { "name": "Lees Korean BBQ & Tofu House" }, "geometry": { "type": "Point", "coordinates": [ -118.54666, 34.42128 ] } },
{ "type": "Feature", "properties": { "name": "Shiroi Sushi" }, "geometry": { "type": "Point", "coordinates": [ -87.84116, 42.05837 ] } },
{ "type": "Feature", "properties": { "name": "En Hakkore" }, "geometry": { "type": "Point", "coordinates": [ -87.67444, 41.90861 ] } },
{ "type": "Feature", "properties": { "name": "Kpot Korean BBQ & Hot Pot" }, "geometry": { "type": "Point", "coordinates": [ -74.39885, 40.45612 ] } },
{ "type": "Feature", "properties": { "name": "Gogi" }, "geometry": { "type": "Point", "coordinates": [ -87.7, 41.99513 ] } },
{ "type": "Feature", "properties": { "name": "SyKo" }, "geometry": { "type": "Point", "coordinates": [ -73.98066, 40.66028 ] } },
{ "type": "Feature", "properties": { "name": "Jumak" }, "geometry": { "type": "Point", "coordinates": [ -118.14909, 34.14666 ] } },
{ "type": "Feature", "properties": { "name": "SoJu BBQ" }, "geometry": { "type": "Point", "coordinates": [ -87.66699, 41.8803 ] } },
{ "type": "Feature", "properties": { "name": "KJUN" }, "geometry": { "type": "Point", "coordinates": [ -73.97634, 40.74896 ] } },
{ "type": "Feature", "properties": { "name": "Sunday Bird" }, "geometry": { "type": "Point", "coordinates": [ -122.43251, 37.78369 ] } },
{ "type": "Feature", "properties": { "name": "Kimchi Pop" }, "geometry": { "type": "Point", "coordinates": [ -87.66698, 41.89912 ] } },
{ "type": "Feature", "properties": { "name": "Egg Tuck" }, "geometry": { "type": "Point", "coordinates": [ -87.62483, 41.88761 ] } },
{ "type": "Feature", "properties": { "name": "Kang Ho Dong Baekjeong" }, "geometry": { "type": "Point", "coordinates": [ -118.0731, 34.10395 ] } },
{ "type": "Feature", "properties": { "name": "Ssam" }, "geometry": { "type": "Point", "coordinates": [ -73.99119, 40.68591 ] } },
{ "type": "Feature", "properties": { "name": "꽃" }, "geometry": { "type": "Point", "coordinates": [ -73.99143, 40.74104 ] } },
{ "type": "Feature", "properties": { "name": "Modoo Hansang" }, "geometry": { "type": "Point", "coordinates": [ -122.19144, 47.7666 ] } },
{ "type": "Feature", "properties": { "name": "Kogi" }, "geometry": { "type": "Point", "coordinates": [ -70.66569, 41.95729 ] } },
{ "type": "Feature", "properties": { "name": "Yong Gung" }, "geometry": { "type": "Point", "coordinates": [ -104.86491, 39.67915 ] } },
{ "type": "Feature", "properties": { "name": "Yoon Haeundae Galbi" }, "geometry": { "type": "Point", "coordinates": [ -73.98446, 40.74991 ] } },
{ "type": "Feature", "properties": { "name": "Yakitori Jinbei" }, "geometry": { "type": "Point", "coordinates": [ -84.47716, 33.8935 ] } },
{ "type": "Feature", "properties": { "name": "Dancen" }, "geometry": { "type": "Point", "coordinates": [ -87.69248, 41.97454 ] } },
{ "type": "Feature", "properties": { "name": "Tofu Story" }, "geometry": { "type": "Point", "coordinates": [ -104.86503, 39.6789 ] } },
{ "type": "Feature", "properties": { "name": "Bonchon Chicken" }, "geometry": { "type": "Point", "coordinates": [ -97.67758, 30.48113 ] } },
{ "type": "Feature", "properties": { "name": "bopNgrill" }, "geometry": { "type": "Point", "coordinates": [ -87.66111, 42.0028 ] } },
{ "type": "Feature", "properties": { "name": "Kimchi Pop" }, "geometry": { "type": "Point", "coordinates": [ -87.66626, 42.00757 ] } },
{ "type": "Feature", "properties": { "name": "Abang Yoli Minnetonka" }, "geometry": { "type": "Point", "coordinates": [ -93.44379, 44.94173 ] } },
{ "type": "Feature", "properties": { "name": "Road to Seoul BBQ" }, "geometry": { "type": "Point", "coordinates": [ -118.12715, 34.09527 ] } },
{ "type": "Feature", "properties": { "name": "Five Senses" }, "geometry": { "type": "Point", "coordinates": [ -73.98617, 40.74758 ] } },
{ "type": "Feature", "properties": { "name": "Na Ra" }, "geometry": { "type": "Point", "coordinates": [ -108.51566, 45.77653 ] } },
{ "type": "Feature", "properties": { "name": "Teriyaki Me!" }, "geometry": { "type": "Point", "coordinates": [ -118.2568, 34.1482 ] } },
{ "type": "Feature", "properties": { "name": "Kimchi Joy" }, "geometry": { "type": "Point", "coordinates": [ -76.18995, 39.52083 ] } },
{ "type": "Feature", "properties": { "name": "Baekjeong" }, "geometry": { "type": "Point", "coordinates": [ -122.27108, 47.83094 ] } },
{ "type": "Feature", "properties": { "name": "Kimchi Garden" }, "geometry": { "type": "Point", "coordinates": [ -122.25821, 37.86808 ] } },
{ "type": "Feature", "properties": { "name": "Ham Ji Park" }, "geometry": { "type": "Point", "coordinates": [ -118.29594, 34.06371 ] } },
{ "type": "Feature", "properties": { "name": "Olé Olé" }, "geometry": { "type": "Point", "coordinates": [ -76.48574, 42.48183 ] } },
{ "type": "Feature", "properties": { "name": "Atti" }, "geometry": { "type": "Point", "coordinates": [ -73.98282, 40.68835 ] } },
{ "type": "Feature", "properties": { "name": "Galbi Burger" }, "geometry": { "type": "Point", "coordinates": [ -122.32134, 47.62058 ] } },
{ "type": "Feature", "properties": { "name": "CupBop BBQ" }, "geometry": { "type": "Point", "coordinates": [ -111.87567, 40.52713 ] } },
{ "type": "Feature", "properties": { "name": "Han Bul" }, "geometry": { "type": "Point", "coordinates": [ -122.71652, 38.44222 ] } },
{ "type": "Feature", "properties": { "name": "Organic Tofu House" }, "geometry": { "type": "Point", "coordinates": [ -74.1237, 40.97855 ] } },
{ "type": "Feature", "properties": { "name": "Bonchon Chicken" }, "geometry": { "type": "Point", "coordinates": [ -76.95182, 38.9688 ] } },
{ "type": "Feature", "properties": { "name": "Zzaam Fresh Korean Grill" }, "geometry": { "type": "Point", "coordinates": [ -77.63257, 37.41911 ] } },
{ "type": "Feature", "properties": { "name": "Izen's Drunken Bento" }, "geometry": { "type": "Point", "coordinates": [ -84.51979, 39.12802 ] } },
{ "type": "Feature", "properties": { "name": "Bonchon Chicken" }, "geometry": { "type": "Point", "coordinates": [ -77.35374, 37.60613 ] } },
{ "type": "Feature", "properties": { "name": "Seoul Spice" }, "geometry": { "type": "Point", "coordinates": [ -76.94257, 38.98042 ] } },
{ "type": "Feature", "properties": { "name": "Bonchon Chicken" }, "geometry": { "type": "Point", "coordinates": [ -76.58465, 39.12323 ] } },
{ "type": "Feature", "properties": { "name": "Ninja Bowl Sushi" }, "geometry": { "type": "Point", "coordinates": [ -104.74372, 38.97231 ] } },
{ "type": "Feature", "properties": { "name": "YD Tofu House" }, "geometry": { "type": "Point", "coordinates": [ -121.49702, 38.52428 ] } },
{ "type": "Feature", "properties": { "name": "Yangban Society" }, "geometry": { "type": "Point", "coordinates": [ -118.2298, 34.03399 ] } },
{ "type": "Feature", "properties": { "name": "BullGogi" }, "geometry": { "type": "Point", "coordinates": [ -84.55139, 33.95417 ] } },
{ "type": "Feature", "properties": { "name": "One Korean Bistro" }, "geometry": { "type": "Point", "coordinates": [ -84.55158, 33.9543 ] } },
{ "type": "Feature", "properties": { "name": "Zen Ramen" }, "geometry": { "type": "Point", "coordinates": [ -123.10025, 47.21629 ] } },
{ "type": "Feature", "properties": { "name": "Barn Joo" }, "geometry": { "type": "Point", "coordinates": [ -73.99069, 40.73684 ] } },
{ "type": "Feature", "properties": { "name": "Jijime" }, "geometry": { "type": "Point", "coordinates": [ -122.47884, 37.78055 ] } },
{ "type": "Feature", "properties": { "name": "High Point Korean BBQ" }, "geometry": { "type": "Point", "coordinates": [ -80.02174, 35.98367 ] } },
{ "type": "Feature", "properties": { "name": "Chicken Space" }, "geometry": { "type": "Point", "coordinates": [ -115.31416, 36.10048 ] } },
{ "type": "Feature", "properties": { "name": "Vons Chicken" }, "geometry": { "type": "Point", "coordinates": [ -122.04979, 37.54898 ] } },
{ "type": "Feature", "properties": { "name": "Red Poke" }, "geometry": { "type": "Point", "coordinates": [ -73.99203, 40.75894 ] } },
{ "type": "Feature", "properties": { "name": "Gangnam Korean BBQ" }, "geometry": { "type": "Point", "coordinates": [ -122.47683, 37.72802 ] } },
{ "type": "Feature", "properties": { "name": "Kim Bob Na Ra" }, "geometry": { "type": "Point", "coordinates": [ -76.83469, 39.27713 ] } },
{ "type": "Feature", "properties": { "name": "Spoon Korean Bistro" }, "geometry": { "type": "Point", "coordinates": [ -122.2899, 37.85162 ] } },
{ "type": "Feature", "properties": { "name": "STE 101" }, "geometry": { "type": "Point", "coordinates": [ -118.29683, 34.0631 ] } },
{ "type": "Feature", "properties": { "name": "Chunju Han Il Kwan" }, "geometry": { "type": "Point", "coordinates": [ -118.29716, 34.06316 ] } },
{ "type": "Feature", "properties": { "name": "Daol tofu" }, "geometry": { "type": "Point", "coordinates": [ -122.26403, 37.83171 ] } },
{ "type": "Feature", "properties": { "name": "Mugunghwa" }, "geometry": { "type": "Point", "coordinates": [ -122.26399, 37.8319 ] } },
{ "type": "Feature", "properties": { "name": "Aria Korean Tapas" }, "geometry": { "type": "Point", "coordinates": [ -122.41804, 37.78649 ] } },
{ "type": "Feature", "properties": { "name": "Garionban" }, "geometry": { "type": "Point", "coordinates": [ -115.20247, 36.126 ] } },
{ "type": "Feature", "properties": { "name": "New Koa Mart" }, "geometry": { "type": "Point", "coordinates": [ -87.41515, 36.59177 ] } },
{ "type": "Feature", "properties": { "name": "Dae Bok Chop House" }, "geometry": { "type": "Point", "coordinates": [ -87.41522, 36.59185 ] } },
{ "type": "Feature", "properties": { "name": "Ohana Korean Grill" }, "geometry": { "type": "Point", "coordinates": [ -96.30639, 30.60696 ] } },
{ "type": "Feature", "properties": { "name": "Burning Rice" }, "geometry": { "type": "Point", "coordinates": [ -96.73391, 33.12667 ] } },
{ "type": "Feature", "properties": { "name": "Mochi Tori Korean Snack Food" }, "geometry": { "type": "Point", "coordinates": [ -74.02899, 40.74309 ] } },
{ "type": "Feature", "properties": { "name": "K-Fusion" }, "geometry": { "type": "Point", "coordinates": [ -116.19338, 43.59169 ] } },
{ "type": "Feature", "properties": { "name": "Gogi Grill" }, "geometry": { "type": "Point", "coordinates": [ -74.02994, 40.73621 ] } },
{ "type": "Feature", "properties": { "name": "Tiger Box" }, "geometry": { "type": "Point", "coordinates": [ -73.97272, 40.69629 ] } },
{ "type": "Feature", "properties": { "name": "Samwon Garden Korean BBQ" }, "geometry": { "type": "Point", "coordinates": [ -81.60188, 30.27867 ] } },
{ "type": "Feature", "properties": { "name": "Seoul Taco" }, "geometry": { "type": "Point", "coordinates": [ -90.24987, 38.6284 ] } },
{ "type": "Feature", "properties": { "name": "Paik's Noodle" }, "geometry": { "type": "Point", "coordinates": [ -121.97822, 37.35143 ] } },
{ "type": "Feature", "properties": { "name": "Bonchon Chicken" }, "geometry": { "type": "Point", "coordinates": [ -93.29789, 44.94849 ] } },
{ "type": "Feature", "properties": { "name": "Whisper" }, "geometry": { "type": "Point", "coordinates": [ -122.3246, 37.56729 ] } },
{ "type": "Feature", "properties": { "name": "OhK-Dog" }, "geometry": { "type": "Point", "coordinates": [ -72.92991, 41.30589 ] } },
{ "type": "Feature", "properties": { "name": "Gogi Fire" }, "geometry": { "type": "Point", "coordinates": [ -84.74168, 33.39626 ] } },
{ "type": "Feature", "properties": { "name": "My Tofu House" }, "geometry": { "type": "Point", "coordinates": [ -122.4691, 37.78062 ] } },
{ "type": "Feature", "properties": { "name": "Korean Village Wooden Charcoal" }, "geometry": { "type": "Point", "coordinates": [ -122.46884, 37.78064 ] } },
{ "type": "Feature", "properties": { "name": "Muu Kara Thai Charcoal BBQ" }, "geometry": { "type": "Point", "coordinates": [ -122.46466, 37.78082 ] } },
{ "type": "Feature", "properties": { "name": "BIBIBOP Asian Grill" }, "geometry": { "type": "Point", "coordinates": [ -84.31421, 39.29981 ] } },
{ "type": "Feature", "properties": { "name": "KBG" }, "geometry": { "type": "Point", "coordinates": [ -74.66189, 40.51401 ] } },
{ "type": "Feature", "properties": { "name": "NabiQ" }, "geometry": { "type": "Point", "coordinates": [ -121.84032, 37.34129 ] } },
{ "type": "Feature", "properties": { "name": "Cupbop" }, "geometry": { "type": "Point", "coordinates": [ -111.67856, 40.27352 ] } },
{ "type": "Feature", "properties": { "name": "Seoul Restaurant" }, "geometry": { "type": "Point", "coordinates": [ -80.94145, 34.0439 ] } },
{ "type": "Feature", "properties": { "name": "Kimchi" }, "geometry": { "type": "Point", "coordinates": [ -80.94372, 34.04735 ] } },
{ "type": "Feature", "properties": { "name": "Jin's" }, "geometry": { "type": "Point", "coordinates": [ -112.06559, 41.08952 ] } },
{ "type": "Feature", "properties": { "name": "Seoul Taco" }, "geometry": { "type": "Point", "coordinates": [ -87.59394, 41.79134 ] } },
{ "type": "Feature", "properties": { "name": "The Koop" }, "geometry": { "type": "Point", "coordinates": [ -77.85772, 40.79613 ] } },
{ "type": "Feature", "properties": { "name": "Han Sung BBQ" }, "geometry": { "type": "Point", "coordinates": [ -121.97504, 37.35103 ] } },
{ "type": "Feature", "properties": { "name": "Tha Joint Sushi" }, "geometry": { "type": "Point", "coordinates": [ -119.74137, 39.58454 ] } },
{ "type": "Feature", "properties": { "name": "Flame Broiler" }, "geometry": { "type": "Point", "coordinates": [ -118.00838, 34.13949 ] } },
{ "type": "Feature", "properties": { "name": "Izakaya Maru Grill & Ramen" }, "geometry": { "type": "Point", "coordinates": [ -77.26112, 38.86969 ] } },
{ "type": "Feature", "properties": { "name": "Bonchon Chicken" }, "geometry": { "type": "Point", "coordinates": [ -76.86509, 39.21556 ] } },
{ "type": "Feature", "properties": { "name": "Ban Po Jung" }, "geometry": { "type": "Point", "coordinates": [ -87.7156, 41.97591 ] } },
{ "type": "Feature", "properties": { "name": "Seoul Galbi Korean BBQ" }, "geometry": { "type": "Point", "coordinates": [ -74.09135, 40.93411 ] } },
{ "type": "Feature", "properties": { "name": "5 Star Korean BBQ" }, "geometry": { "type": "Point", "coordinates": [ -89.37636, 43.07721 ] } },
{ "type": "Feature", "properties": { "name": "The Angry Korean" }, "geometry": { "type": "Point", "coordinates": [ -111.98044, 40.54072 ] } },
{ "type": "Feature", "properties": { "name": "WON KBBQ" }, "geometry": { "type": "Point", "coordinates": [ -73.61827, 40.74355 ] } },
{ "type": "Feature", "properties": { "name": "Blasian Asian Way" }, "geometry": { "type": "Point", "coordinates": [ -80.83219, 35.24527 ] } },
{ "type": "Feature", "properties": { "name": "BB.Q Olive Chicken" }, "geometry": { "type": "Point", "coordinates": [ -73.98685, 40.74784 ] } },
{ "type": "Feature", "properties": { "name": "Jeje Grill" }, "geometry": { "type": "Point", "coordinates": [ -75.8294, 39.60373 ] } },
{ "type": "Feature", "properties": { "name": "Hanul Korean Restaurant" }, "geometry": { "type": "Point", "coordinates": [ -121.83191, 37.23816 ] } },
{ "type": "Feature", "properties": { "name": "bb.q Chicken" }, "geometry": { "type": "Point", "coordinates": [ -87.65825, 41.98355 ] } },
{ "type": "Feature", "properties": { "name": "Revel" }, "geometry": { "type": "Point", "coordinates": [ -122.35422, 47.65202 ] } },
{ "type": "Feature", "properties": { "name": "K Pot" }, "geometry": { "type": "Point", "coordinates": [ -74.05249, 40.71767 ] } },
{ "type": "Feature", "properties": { "name": "Hosoonyi" }, "geometry": { "type": "Point", "coordinates": [ -122.34482, 47.78291 ] } },
{ "type": "Feature", "properties": { "name": "Korean BBQ" }, "geometry": { "type": "Point", "coordinates": [ -87.99803, 42.24132 ] } },
{ "type": "Feature", "properties": { "name": "Big Grill BBQ" }, "geometry": { "type": "Point", "coordinates": [ -121.63985, 37.11104 ] } },
{ "type": "Feature", "properties": { "name": "Bonchon Chicken" }, "geometry": { "type": "Point", "coordinates": [ -77.52346, 39.08868 ] } },
{ "type": "Feature", "properties": { "name": "Korean Garden" }, "geometry": { "type": "Point", "coordinates": [ -104.68393, 38.92616 ] } },
{ "type": "Feature", "properties": { "name": "Seoul House" }, "geometry": { "type": "Point", "coordinates": [ -81.66498, 41.51248 ] } },
{ "type": "Feature", "properties": { "name": "4 Plus 3 Korean Barbaque" }, "geometry": { "type": "Point", "coordinates": [ -123.12562, 44.04755 ] } },
{ "type": "Feature", "properties": { "name": "Seoul Garden" }, "geometry": { "type": "Point", "coordinates": [ -83.46199, 34.25112 ] } },
{ "type": "Feature", "properties": { "name": "Seoul Fusion" }, "geometry": { "type": "Point", "coordinates": [ -119.1887, 46.21214 ] } },
{ "type": "Feature", "properties": { "name": "Buns N Rice" }, "geometry": { "type": "Point", "coordinates": [ -77.07135, 39.02752 ] } },
{ "type": "Feature", "properties": { "name": "Mr. Kimchi" }, "geometry": { "type": "Point", "coordinates": [ -75.31401, 43.08768 ] } },
{ "type": "Feature", "properties": { "name": "Haewoondae" }, "geometry": { "type": "Point", "coordinates": [ -73.88948, 40.74572 ] } },
{ "type": "Feature", "properties": { "name": "Shin's Korean Restaurant" }, "geometry": { "type": "Point", "coordinates": [ -84.76818, 43.58605 ] } },
{ "type": "Feature", "properties": { "name": "Fomo Chicken" }, "geometry": { "type": "Point", "coordinates": [ -122.63764, 45.52174 ] } },
{ "type": "Feature", "properties": { "name": "Bibillia" }, "geometry": { "type": "Point", "coordinates": [ -74.11954, 40.97988 ] } },
{ "type": "Feature", "properties": { "name": "Jongro BBQ" }, "geometry": { "type": "Point", "coordinates": [ -73.80948, 40.76386 ] } },
{ "type": "Feature", "properties": { "name": "O'daku Sushi" }, "geometry": { "type": "Point", "coordinates": [ -97.70232, 30.41799 ] } },
{ "type": "Feature", "properties": { "name": "Bowllin'" }, "geometry": { "type": "Point", "coordinates": [ -73.99504, 40.73059 ] } },
{ "type": "Feature", "properties": { "name": "KimChi Korean BBQ" }, "geometry": { "type": "Point", "coordinates": [ -74.56454, 39.4054 ] } },
{ "type": "Feature", "properties": { "name": "August Moon" }, "geometry": { "type": "Point", "coordinates": [ -75.33928, 40.11243 ] } },
{ "type": "Feature", "properties": { "name": "Café uu" }, "geometry": { "type": "Point", "coordinates": [ -122.20701, 47.97845 ] } },
{ "type": "Feature", "properties": { "name": "Tang" }, "geometry": { "type": "Point", "coordinates": [ -73.78388, 40.75761 ] } },
{ "type": "Feature", "properties": { "name": "Yupdduk LA" }, "geometry": { "type": "Point", "coordinates": [ -118.3008, 34.06395 ] } },
{ "type": "Feature", "properties": { "name": "Ms. Ohho" }, "geometry": { "type": "Point", "coordinates": [ -73.94756, 40.72474 ] } },
{ "type": "Feature", "properties": { "name": "Young Dong Tofu House" }, "geometry": { "type": "Point", "coordinates": [ -118.08758, 34.10398 ] } },
{ "type": "Feature", "properties": { "name": "Bonchon Chicken" }, "geometry": { "type": "Point", "coordinates": [ -118.11041, 34.10182 ] } },
{ "type": "Feature", "properties": { "name": "Seol Restaurant" }, "geometry": { "type": "Point", "coordinates": [ -81.61918, 31.82722 ] } },
{ "type": "Feature", "properties": { "name": "Hangari Kalguksu" }, "geometry": { "type": "Point", "coordinates": [ -118.2976, 34.06287 ] } },
{ "type": "Feature", "properties": { "name": "Atoboy" }, "geometry": { "type": "Point", "coordinates": [ -73.98451, 40.7437 ] } },
{ "type": "Feature", "properties": { "name": "JY Kitchen" }, "geometry": { "type": "Point", "coordinates": [ -84.4703, 38.03816 ] } },
{ "type": "Feature", "properties": { "name": "Oya Sushi" }, "geometry": { "type": "Point", "coordinates": [ -80.03514, 40.36948 ] } },
{ "type": "Feature", "properties": { "name": "K-Town Kitchen & Bar" }, "geometry": { "type": "Point", "coordinates": [ -77.44038, 37.54114 ] } },
{ "type": "Feature", "properties": { "name": "Bopjoa" }, "geometry": { "type": "Point", "coordinates": [ -96.60485, 32.96841 ] } },
{ "type": "Feature", "properties": { "name": "The Fire Spot" }, "geometry": { "type": "Point", "coordinates": [ -117.15588, 32.82482 ] } },
{ "type": "Feature", "properties": { "name": "Bonchon Chicken" }, "geometry": { "type": "Point", "coordinates": [ -117.15576, 32.82636 ] } },
{ "type": "Feature", "properties": { "name": "bb.q Chicken" }, "geometry": { "type": "Point", "coordinates": [ -115.19724, 36.12794 ] } },
{ "type": "Feature", "properties": { "name": "Asiana Garden Restaurant" }, "geometry": { "type": "Point", "coordinates": [ -89.86425, 35.07329 ] } },
{ "type": "Feature", "properties": { "name": "Oegadgib" }, "geometry": { "type": "Point", "coordinates": [ -77.19861, 38.83012 ] } },
{ "type": "Feature", "properties": { "name": "Iron Age Annandale" }, "geometry": { "type": "Point", "coordinates": [ -77.18909, 38.82864 ] } },
{ "type": "Feature", "properties": { "name": "CM Chicken Gainesville - HQ1" }, "geometry": { "type": "Point", "coordinates": [ -77.60263, 38.80392 ] } },
{ "type": "Feature", "properties": { "name": "Zzaam!" }, "geometry": { "type": "Point", "coordinates": [ -72.91939, 41.37143 ] } },
{ "type": "Feature", "properties": { "name": "KBOP Korean Fusion Cafe" }, "geometry": { "type": "Point", "coordinates": [ -104.71587, 38.88635 ] } },
{ "type": "Feature", "properties": { "name": "Momo Korean Restaurant" }, "geometry": { "type": "Point", "coordinates": [ -104.77669, 38.9415 ] } },
{ "type": "Feature", "properties": { "name": "Bonchon" }, "geometry": { "type": "Point", "coordinates": [ -73.98593, 40.69208 ] } },
{ "type": "Feature", "properties": { "name": "Gangnam Spice" }, "geometry": { "type": "Point", "coordinates": [ -71.09934, 42.32291 ] } },
{ "type": "Feature", "properties": { "name": "Takorea" }, "geometry": { "type": "Point", "coordinates": [ -74.15586, 40.73986 ] } },
{ "type": "Feature", "properties": { "name": "Yi’s Traditional Korean Beef Soup" }, "geometry": { "type": "Point", "coordinates": [ -122.31268, 47.32108 ] } },
{ "type": "Feature", "properties": { "name": "Mi Rak Restaurant" }, "geometry": { "type": "Point", "coordinates": [ -122.31264, 47.32077 ] } },
{ "type": "Feature", "properties": { "name": "Youngwol Noodle" }, "geometry": { "type": "Point", "coordinates": [ -122.31216, 47.32077 ] } },
{ "type": "Feature", "properties": { "name": "Malrihyang" }, "geometry": { "type": "Point", "coordinates": [ -122.31497, 47.32153 ] } },
{ "type": "Feature", "properties": { "name": "Ichi Teriyaki 30" }, "geometry": { "type": "Point", "coordinates": [ -122.70123, 45.81398 ] } },
{ "type": "Feature", "properties": { "name": "Seoul Garden" }, "geometry": { "type": "Point", "coordinates": [ -97.90864, 31.1122 ] } },
{ "type": "Feature", "properties": { "name": "KPOT" }, "geometry": { "type": "Point", "coordinates": [ -74.20345, 39.96591 ] } },
{ "type": "Feature", "properties": { "name": "Gen Korean BBQ" }, "geometry": { "type": "Point", "coordinates": [ -117.73119, 34.00295 ] } },
{ "type": "Feature", "properties": { "name": "Oken" }, "geometry": { "type": "Point", "coordinates": [ -122.25201, 37.84953 ] } },
{ "type": "Feature", "properties": { "name": "Ohgane" }, "geometry": { "type": "Point", "coordinates": [ -122.25716, 37.82727 ] } },
{ "type": "Feature", "properties": { "name": "Bonchon Chicken" }, "geometry": { "type": "Point", "coordinates": [ -77.08589, 38.88079 ] } },
{ "type": "Feature", "properties": { "name": "Golden Pig Authentic Korean Cuisine" }, "geometry": { "type": "Point", "coordinates": [ -80.1885, 40.32781 ] } },
{ "type": "Feature", "properties": { "name": "Keo Ku Restaurant" }, "geometry": { "type": "Point", "coordinates": [ -74.35672, 40.85799 ] } },
{ "type": "Feature", "properties": { "name": "Pick and Mix" }, "geometry": { "type": "Point", "coordinates": [ -72.60213, 41.70937 ] } },
{ "type": "Feature", "properties": { "name": "Rome" }, "geometry": { "type": "Point", "coordinates": [ -73.98803, 40.86128 ] } },
{ "type": "Feature", "properties": { "name": "Bonchon Chicken" }, "geometry": { "type": "Point", "coordinates": [ -77.08245, 38.76927 ] } },
{ "type": "Feature", "properties": { "name": "Noori Chicken" }, "geometry": { "type": "Point", "coordinates": [ -122.25531, 37.80907 ] } },
{ "type": "Feature", "properties": { "name": "Donwoori Korean" }, "geometry": { "type": "Point", "coordinates": [ -73.14648, 44.45947 ] } },
{ "type": "Feature", "properties": { "name": "bb.q Chicken" }, "geometry": { "type": "Point", "coordinates": [ -73.97856, 40.84536 ] } },
{ "type": "Feature", "properties": { "name": "Kami Poke" }, "geometry": { "type": "Point", "coordinates": [ -84.25054, 30.43054 ] } },
{ "type": "Feature", "properties": { "name": "Burning Rice Korean BBQ Bibimbop" }, "geometry": { "type": "Point", "coordinates": [ -96.78838, 33.0274 ] } },
{ "type": "Feature", "properties": { "name": "Hanmaru Korean Cuisine" }, "geometry": { "type": "Point", "coordinates": [ -121.91037, 37.45711 ] } },
{ "type": "Feature", "properties": { "name": "Chick-N-Bap" }, "geometry": { "type": "Point", "coordinates": [ -71.80518, 42.27343 ] } },
{ "type": "Feature", "properties": { "name": "KPOT" }, "geometry": { "type": "Point", "coordinates": [ -77.41281, 39.37565 ] } },
{ "type": "Feature", "properties": { "name": "Galbi King" }, "geometry": { "type": "Point", "coordinates": [ -118.431, 34.02661 ] } },
{ "type": "Feature", "properties": { "name": "Charm Korean BBQ" }, "geometry": { "type": "Point", "coordinates": [ -97.67044, 30.42514 ] } },
{ "type": "Feature", "properties": { "name": "Sunny's Korean Restaurant" }, "geometry": { "type": "Point", "coordinates": [ -86.18317, 41.65655 ] } },
{ "type": "Feature", "properties": { "name": "Cupbop" }, "geometry": { "type": "Point", "coordinates": [ -116.20202, 43.61697 ] } },
{ "type": "Feature", "properties": { "name": "Korea Garden" }, "geometry": { "type": "Point", "coordinates": [ -121.8772, 37.41649 ] } },
{ "type": "Feature", "properties": { "name": "gilson" }, "geometry": { "type": "Point", "coordinates": [ -122.33711, 47.79293 ] } },
{ "type": "Feature", "properties": { "name": "OMEE J2" }, "geometry": { "type": "Point", "coordinates": [ -121.99706, 37.29296 ] } },
{ "type": "Feature", "properties": { "name": "Korean restaurant" }, "geometry": { "type": "Point", "coordinates": [ -121.8653, 37.30214 ] } },
{ "type": "Feature", "properties": { "name": "Gushi" }, "geometry": { "type": "Point", "coordinates": [ -118.44792, 34.06227 ] } },
{ "type": "Feature", "properties": { "name": "Seoul Korean Restaurant" }, "geometry": { "type": "Point", "coordinates": [ -73.79588, 42.7619 ] } },
{ "type": "Feature", "properties": { "name": "Hangsang Tofu" }, "geometry": { "type": "Point", "coordinates": [ -121.9018, 37.43405 ] } },
{ "type": "Feature", "properties": { "name": "Mom's Kitchen" }, "geometry": { "type": "Point", "coordinates": [ -96.91379, 33.02038 ] } },
{ "type": "Feature", "properties": { "name": "Red Poke" }, "geometry": { "type": "Point", "coordinates": [ -73.98505, 40.76409 ] } },
{ "type": "Feature", "properties": { "name": "Zazang Korean Noodles" }, "geometry": { "type": "Point", "coordinates": [ -122.44187, 37.78321 ] } },
{ "type": "Feature", "properties": { "name": "Chi'Lantro BBQ" }, "geometry": { "type": "Point", "coordinates": [ -97.72824, 30.24382 ] } },
{ "type": "Feature", "properties": { "name": "Maru Korea" }, "geometry": { "type": "Point", "coordinates": [ -76.50685, 42.43943 ] } },
{ "type": "Feature", "properties": { "name": "Koba Korean Charcoal Grill" }, "geometry": { "type": "Point", "coordinates": [ -76.60935, 39.36434 ] } },
{ "type": "Feature", "properties": { "name": "Donwoori" }, "geometry": { "type": "Point", "coordinates": [ -73.18671, 44.49008 ] } },
{ "type": "Feature", "properties": { "name": "Manna Korean BBQ" }, "geometry": { "type": "Point", "coordinates": [ -118.23866, 34.04557 ] } },
{ "type": "Feature", "properties": { "name": "Bite of Korea" }, "geometry": { "type": "Point", "coordinates": [ -84.36808, 33.76381 ] } },
{ "type": "Feature", "properties": { "name": "Taste of Korea" }, "geometry": { "type": "Point", "coordinates": [ -122.27921, 47.83237 ] } },
{ "type": "Feature", "properties": { "name": "Rising Grill BBQ" }, "geometry": { "type": "Point", "coordinates": [ -81.6625, 41.5098 ] } },
{ "type": "Feature", "properties": { "name": "Pumkin Blossom Bistro" }, "geometry": { "type": "Point", "coordinates": [ -73.96749, 40.85645 ] } },
{ "type": "Feature", "properties": { "name": "Restaurant Gish" }, "geometry": { "type": "Point", "coordinates": [ -121.95903, 37.34332 ] } },
{ "type": "Feature", "properties": { "name": "Sunny’s To Go" }, "geometry": { "type": "Point", "coordinates": [ -121.98613, 37.35201 ] } },
{ "type": "Feature", "properties": { "name": "Dae Bak" }, "geometry": { "type": "Point", "coordinates": [ -121.98636, 37.35201 ] } },
{ "type": "Feature", "properties": { "name": "시골 대가 집;Shu’s Korean Restaurant" }, "geometry": { "type": "Point", "coordinates": [ -121.98601, 37.35215 ] } },
{ "type": "Feature", "properties": { "name": "Kuku" }, "geometry": { "type": "Point", "coordinates": [ -73.84552, 40.72088 ] } },
{ "type": "Feature", "properties": { "name": "Kkoki Korean BBQ" }, "geometry": { "type": "Point", "coordinates": [ -122.98865, 44.9394 ] } },
{ "type": "Feature", "properties": { "name": "Chinese Korean" }, "geometry": { "type": "Point", "coordinates": [ -115.19346, 36.14404 ] } },
{ "type": "Feature", "properties": { "name": "Tian Chinese & Korean Restaurant" }, "geometry": { "type": "Point", "coordinates": [ -76.81749, 39.27733 ] } },
{ "type": "Feature", "properties": { "name": "Korean Grill" }, "geometry": { "type": "Point", "coordinates": [ -97.68689, 30.37905 ] } },
{ "type": "Feature", "properties": { "name": "Rainpia" }, "geometry": { "type": "Point", "coordinates": [ -76.86423, 39.28032 ] } },
{ "type": "Feature", "properties": { "name": "Chicken Insider" }, "geometry": { "type": "Point", "coordinates": [ -73.94907, 40.78124 ] } },
{ "type": "Feature", "properties": { "name": "bb.q Chicken" }, "geometry": { "type": "Point", "coordinates": [ -74.34718, 40.5343 ] } },
{ "type": "Feature", "properties": { "name": "Spicy Hot Pot Wok Bar" }, "geometry": { "type": "Point", "coordinates": [ -74.34713, 40.53438 ] } },
{ "type": "Feature", "properties": { "name": "Kimchi Korean Taste" }, "geometry": { "type": "Point", "coordinates": [ -74.34711, 40.53446 ] } },
{ "type": "Feature", "properties": { "name": "Mr. Kimchi" }, "geometry": { "type": "Point", "coordinates": [ -87.96279, 42.04788 ] } },
{ "type": "Feature", "properties": { "name": "KPOT" }, "geometry": { "type": "Point", "coordinates": [ -84.15875, 35.89862 ] } },
{ "type": "Feature", "properties": { "name": "Cupbop" }, "geometry": { "type": "Point", "coordinates": [ -116.41299, 43.66326 ] } },
{ "type": "Feature", "properties": { "name": "Kimchi Guys" }, "geometry": { "type": "Point", "coordinates": [ -90.1845, 38.62971 ] } },
{ "type": "Feature", "properties": { "name": "Korean Spring" }, "geometry": { "type": "Point", "coordinates": [ -121.97842, 37.34584 ] } },
{ "type": "Feature", "properties": { "name": "BIBIO Korean" }, "geometry": { "type": "Point", "coordinates": [ -111.68756, 33.32576 ] } },
{ "type": "Feature", "properties": { "name": "Big House" }, "geometry": { "type": "Point", "coordinates": [ -87.93997, 42.0316 ] } },
{ "type": "Feature", "properties": { "name": "Korean House" }, "geometry": { "type": "Point", "coordinates": [ -121.92825, 37.38522 ] } },
{ "type": "Feature", "properties": { "name": "dPot at The Source" }, "geometry": { "type": "Point", "coordinates": [ -117.99602, 33.86003 ] } },
{ "type": "Feature", "properties": { "name": "Pelicana Chicken" }, "geometry": { "type": "Point", "coordinates": [ -117.99664, 33.85995 ] } },
{ "type": "Feature", "properties": { "name": "K SOUL FOOD" }, "geometry": { "type": "Point", "coordinates": [ -117.99699, 33.85925 ] } },
{ "type": "Feature", "properties": { "name": "Magal Town (Magal BBQ & Misoolkwan)" }, "geometry": { "type": "Point", "coordinates": [ -117.99716, 33.85925 ] } },
{ "type": "Feature", "properties": { "name": "Ten-Raku" }, "geometry": { "type": "Point", "coordinates": [ -118.30524, 34.06922 ] } },
{ "type": "Feature", "properties": { "name": "GogiGo Korean BBQ" }, "geometry": { "type": "Point", "coordinates": [ -77.53593, 38.28991 ] } },
{ "type": "Feature", "properties": { "name": "So Gong Dong Tofu House San Jose" }, "geometry": { "type": "Point", "coordinates": [ -121.8567, 37.2496 ] } },
{ "type": "Feature", "properties": { "name": "Mugunghwa" }, "geometry": { "type": "Point", "coordinates": [ -122.30341, 37.90306 ] } },
{ "type": "Feature", "properties": { "name": "Vons Chicken" }, "geometry": { "type": "Point", "coordinates": [ -121.97662, 37.3156 ] } },
{ "type": "Feature", "properties": { "name": "Panda Korean & Chinese Foods" }, "geometry": { "type": "Point", "coordinates": [ -83.6993, 42.24475 ] } },
{ "type": "Feature", "properties": { "name": "Sodam Korean House" }, "geometry": { "type": "Point", "coordinates": [ -77.61594, 43.08866 ] } },
{ "type": "Feature", "properties": { "name": "Bo Korean BBQ" }, "geometry": { "type": "Point", "coordinates": [ -97.36122, 27.70421 ] } },
{ "type": "Feature", "properties": { "name": "Japanese and Korean" }, "geometry": { "type": "Point", "coordinates": [ -117.82521, 33.66444 ] } },
{ "type": "Feature", "properties": { "name": "Seoul Bowl" }, "geometry": { "type": "Point", "coordinates": [ -122.27461, 47.8288 ] } },
{ "type": "Feature", "properties": { "name": "BB.Q Chicken" }, "geometry": { "type": "Point", "coordinates": [ -76.81749, 39.27673 ] } },
{ "type": "Feature", "properties": { "name": "Dal Shabu Hot Pot" }, "geometry": { "type": "Point", "coordinates": [ -77.18827, 38.83022 ] } },
{ "type": "Feature", "properties": { "name": "Taco Ssam" }, "geometry": { "type": "Point", "coordinates": [ -77.18829, 38.83033 ] } },
{ "type": "Feature", "properties": { "name": "Tide Mill Café" }, "geometry": { "type": "Point", "coordinates": [ -76.38559, 37.06378 ] } },
{ "type": "Feature", "properties": { "name": "Seoul Good Korean Fried Chicken" }, "geometry": { "type": "Point", "coordinates": [ -86.61247, 34.72134 ] } },
{ "type": "Feature", "properties": { "name": "Bonchon" }, "geometry": { "type": "Point", "coordinates": [ -121.77569, 37.2266 ] } },
{ "type": "Feature", "properties": { "name": "Young's" }, "geometry": { "type": "Point", "coordinates": [ -93.0111, 45.08552 ] } },
{ "type": "Feature", "properties": { "name": "Gogi & Asian Cuisine" }, "geometry": { "type": "Point", "coordinates": [ -111.97779, 33.31735 ] } },
{ "type": "Feature", "properties": { "name": "SeoulGarden" }, "geometry": { "type": "Point", "coordinates": [ -81.50821, 41.14335 ] } },
{ "type": "Feature", "properties": { "name": "Asian Market" }, "geometry": { "type": "Point", "coordinates": [ -81.50821, 41.1399 ] } },
{ "type": "Feature", "properties": { "name": "Moonbowls" }, "geometry": { "type": "Point", "coordinates": [ -87.69315, 41.9568 ] } },
{ "type": "Feature", "properties": { "name": "Sushi & Seoul at Celery City Craft" }, "geometry": { "type": "Point", "coordinates": [ -81.26625, 28.8111 ] } },
{ "type": "Feature", "properties": { "name": "Kimchi Korean Restaurant" }, "geometry": { "type": "Point", "coordinates": [ -81.20757, 28.64977 ] } },
{ "type": "Feature", "properties": { "name": "Koja Kitchen" }, "geometry": { "type": "Point", "coordinates": [ -122.28052, 37.78721 ] } },
{ "type": "Feature", "properties": { "name": "Korean restaurant" }, "geometry": { "type": "Point", "coordinates": [ -74.18128, 40.41857 ] } },
{ "type": "Feature", "properties": { "name": "Bonchon Chicken" }, "geometry": { "type": "Point", "coordinates": [ -93.23539, 44.98071 ] } },
{ "type": "Feature", "properties": { "name": "Korean restaurant" }, "geometry": { "type": "Point", "coordinates": [ -86.66775, 35.94996 ] } },
{ "type": "Feature", "properties": { "name": "R & C Korean Restaurant" }, "geometry": { "type": "Point", "coordinates": [ -88.9368, 30.40315 ] } },
{ "type": "Feature", "properties": { "name": "LA Wine Bar" }, "geometry": { "type": "Point", "coordinates": [ -91.53358, 41.65804 ] } },
{ "type": "Feature", "properties": { "name": "Hanyanwang Jokbal" }, "geometry": { "type": "Point", "coordinates": [ -104.86505, 39.67631 ] } },
{ "type": "Feature", "properties": { "name": "HalGaTteok" }, "geometry": { "type": "Point", "coordinates": [ -111.89, 40.69786 ] } },
{ "type": "Feature", "properties": { "name": "SanFran Burrito N Fryz" }, "geometry": { "type": "Point", "coordinates": [ -111.88983, 40.69786 ] } },
{ "type": "Feature", "properties": { "name": "Lighthouse Tofu" }, "geometry": { "type": "Point", "coordinates": [ -77.19003, 38.83382 ] } },
{ "type": "Feature", "properties": { "name": "Bonchon Chicken" }, "geometry": { "type": "Point", "coordinates": [ -76.58341, 39.39646 ] } },
{ "type": "Feature", "properties": { "name": "Momoyaki" }, "geometry": { "type": "Point", "coordinates": [ -82.33969, 29.63568 ] } },
{ "type": "Feature", "properties": { "name": "Bangia" }, "geometry": { "type": "Point", "coordinates": [ -73.98458, 40.74688 ] } },
{ "type": "Feature", "properties": { "name": "DOMA" }, "geometry": { "type": "Point", "coordinates": [ -78.48976, 38.03155 ] } },
{ "type": "Feature", "properties": { "name": "Baek Ri Hyang" }, "geometry": { "type": "Point", "coordinates": [ -111.88955, 40.69762 ] } },
{ "type": "Feature", "properties": { "name": "Yummy's Korean BBQ" }, "geometry": { "type": "Point", "coordinates": [ -111.96252, 40.66798 ] } },
{ "type": "Feature", "properties": { "name": "K Pot" }, "geometry": { "type": "Point", "coordinates": [ -73.9836, 40.69072 ] } },
{ "type": "Feature", "properties": { "name": "Sharon Korean Kitchen" }, "geometry": { "type": "Point", "coordinates": [ -71.14931, 42.28741 ] } },
{ "type": "Feature", "properties": { "name": "Miso Korean & Japanese Dining" }, "geometry": { "type": "Point", "coordinates": [ -97.67891, 30.48702 ] } },
{ "type": "Feature", "properties": { "name": "Bonchon Chicken" }, "geometry": { "type": "Point", "coordinates": [ -75.38836, 40.08845 ] } },
{ "type": "Feature", "properties": { "name": "BCD Tofu House" }, "geometry": { "type": "Point", "coordinates": [ -117.8339, 33.68862 ] } },
{ "type": "Feature", "properties": { "name": "King’s Porkfeet" }, "geometry": { "type": "Point", "coordinates": [ -121.99445, 37.33907 ] } },
{ "type": "Feature", "properties": { "name": "Kkoki Korean BBQ" }, "geometry": { "type": "Point", "coordinates": [ -122.57936, 45.49896 ] } },
{ "type": "Feature", "properties": { "name": "Hannok Tofu House" }, "geometry": { "type": "Point", "coordinates": [ -74.39817, 40.44718 ] } },
{ "type": "Feature", "properties": { "name": "Gangnam Station" }, "geometry": { "type": "Point", "coordinates": [ -76.48643, 42.44174 ] } },
{ "type": "Feature", "properties": { "name": "Four Seasons" }, "geometry": { "type": "Point", "coordinates": [ -76.48762, 42.44178 ] } },
{ "type": "Feature", "properties": { "name": "Mirror of Korea" }, "geometry": { "type": "Point", "coordinates": [ -93.16734, 44.96394 ] } },
{ "type": "Feature", "properties": { "name": "Mokdong Gimbap" }, "geometry": { "type": "Point", "coordinates": [ -122.62758, 45.5122 ] } },
{ "type": "Feature", "properties": { "name": "Island Wing Company" }, "geometry": { "type": "Point", "coordinates": [ -84.26214, 30.44054 ] } },
{ "type": "Feature", "properties": { "name": "Beque" }, "geometry": { "type": "Point", "coordinates": [ -122.43206, 37.78497 ] } },
{ "type": "Feature", "properties": { "name": "TTO Bong EE" }, "geometry": { "type": "Point", "coordinates": [ -121.92153, 36.60507 ] } },
{ "type": "Feature", "properties": { "name": "Gangnam Ave" }, "geometry": { "type": "Point", "coordinates": [ -121.2677, 38.62124 ] } },
{ "type": "Feature", "properties": { "name": "Odagada" }, "geometry": { "type": "Point", "coordinates": [ -121.87607, 37.70468 ] } },
{ "type": "Feature", "properties": { "name": "Jin Ju" }, "geometry": { "type": "Point", "coordinates": [ -87.66826, 41.97638 ] } },
{ "type": "Feature", "properties": { "name": "Fat Tiger Korean BBQ & More" }, "geometry": { "type": "Point", "coordinates": [ -87.18352, 36.10485 ] } },
{ "type": "Feature", "properties": { "name": "KoKo's Korean Fried Chikin" }, "geometry": { "type": "Point", "coordinates": [ -96.19168, 41.23545 ] } },
{ "type": "Feature", "properties": { "name": "Hoban Korean Restaurant" }, "geometry": { "type": "Point", "coordinates": [ -93.2051, 44.82072 ] } },
{ "type": "Feature", "properties": { "name": "K Pot Korean BBQ" }, "geometry": { "type": "Point", "coordinates": [ -74.14745, 40.62458 ] } },
{ "type": "Feature", "properties": { "name": "Koba Grill" }, "geometry": { "type": "Point", "coordinates": [ -122.7935, 45.49008 ] } },
{ "type": "Feature", "properties": { "name": "Bonchon Chicken" }, "geometry": { "type": "Point", "coordinates": [ -93.42925, 45.09523 ] } },
{ "type": "Feature", "properties": { "name": "Wonju Restaurant" }, "geometry": { "type": "Point", "coordinates": [ -121.9013, 36.61328 ] } },
{ "type": "Feature", "properties": { "name": "Koba" }, "geometry": { "type": "Point", "coordinates": [ -73.98316, 40.74525 ] } },
{ "type": "Feature", "properties": { "name": "Rice and Noodles" }, "geometry": { "type": "Point", "coordinates": [ -119.13461, 46.24275 ] } },
{ "type": "Feature", "properties": { "name": "Hotstone Authentic Korean Cuisine" }, "geometry": { "type": "Point", "coordinates": [ -122.90247, 47.0439 ] } },
{ "type": "Feature", "properties": { "name": "Royal Hotpot Korean BBQ & Bar" }, "geometry": { "type": "Point", "coordinates": [ -71.00359, 42.24439 ] } },
{ "type": "Feature", "properties": { "name": "Bonchon Chicken" }, "geometry": { "type": "Point", "coordinates": [ -121.29353, 38.01991 ] } },
{ "type": "Feature", "properties": { "name": "Seoul Soon Dubu" }, "geometry": { "type": "Point", "coordinates": [ -121.30009, 37.97079 ] } },
{ "type": "Feature", "properties": { "name": "Seoul Topokki" }, "geometry": { "type": "Point", "coordinates": [ -71.13143, 42.35148 ] } },
{ "type": "Feature", "properties": { "name": "bb.q Chicken" }, "geometry": { "type": "Point", "coordinates": [ -71.13118, 42.35105 ] } },
{ "type": "Feature", "properties": { "name": "bb.q Chicken" }, "geometry": { "type": "Point", "coordinates": [ -118.30854, 33.87316 ] } },
{ "type": "Feature", "properties": { "name": "Myung Ga" }, "geometry": { "type": "Point", "coordinates": [ -118.29994, 33.87358 ] } },
{ "type": "Feature", "properties": { "name": "Pelicana Chicken" }, "geometry": { "type": "Point", "coordinates": [ -73.99371, 40.731 ] } },
{ "type": "Feature", "properties": { "name": "Pelicana Chicken" }, "geometry": { "type": "Point", "coordinates": [ -73.8821, 40.73471 ] } },
{ "type": "Feature", "properties": { "name": "Cho Sun Ok Restaurant" }, "geometry": { "type": "Point", "coordinates": [ -87.68169, 41.95794 ] } },
{ "type": "Feature", "properties": { "name": "Chimac" }, "geometry": { "type": "Point", "coordinates": [ -85.47933, 32.61247 ] } },
{ "type": "Feature", "properties": { "name": "Gangnam Tofu Korean Cuisine" }, "geometry": { "type": "Point", "coordinates": [ -122.31931, 37.92731 ] } },
{ "type": "Feature", "properties": { "name": "Hungry Pot Korean BBQ & Hot Pot" }, "geometry": { "type": "Point", "coordinates": [ -72.65757, 41.69418 ] } },
{ "type": "Feature", "properties": { "name": "ATL Gom BBQ" }, "geometry": { "type": "Point", "coordinates": [ -84.08459, 34.00497 ] } },
{ "type": "Feature", "properties": { "name": "Bally Budaejjigae" }, "geometry": { "type": "Point", "coordinates": [ -84.08391, 34.00529 ] } },
{ "type": "Feature", "properties": { "name": "Suwanee Chicken & Pizza" }, "geometry": { "type": "Point", "coordinates": [ -84.08371, 34.00534 ] } },
{ "type": "Feature", "properties": { "name": "Legend Hot Chicken" }, "geometry": { "type": "Point", "coordinates": [ -118.15024, 33.964 ] } },
{ "type": "Feature", "properties": { "name": "BUNSIK 88 - Korean Soul Food" }, "geometry": { "type": "Point", "coordinates": [ -117.90466, 33.98933 ] } },
{ "type": "Feature", "properties": { "name": "Hwaro" }, "geometry": { "type": "Point", "coordinates": [ -115.20978, 36.12702 ] } },
{ "type": "Feature", "properties": { "name": "Bulbap Grill" }, "geometry": { "type": "Point", "coordinates": [ -74.30649, 40.34243 ] } },
{ "type": "Feature", "properties": { "name": "Yaedam Korean BBQ" }, "geometry": { "type": "Point", "coordinates": [ -122.06041, 37.95749 ] } },
{ "type": "Feature", "properties": { "name": "Boka" }, "geometry": { "type": "Point", "coordinates": [ -73.98914, 40.72935 ] } },
{ "type": "Feature", "properties": { "name": "Baekjeong Korean Barbecue" }, "geometry": { "type": "Point", "coordinates": [ -118.31005, 33.83174 ] } },
{ "type": "Feature", "properties": { "name": "BCD Tofu House" }, "geometry": { "type": "Point", "coordinates": [ -96.90841, 32.98233 ] } },
{ "type": "Feature", "properties": { "name": "Nama k-Street Food" }, "geometry": { "type": "Point", "coordinates": [ -122.06079, 37.94367 ] } },
{ "type": "Feature", "properties": { "name": "Matko" }, "geometry": { "type": "Point", "coordinates": [ -122.42169, 37.76111 ] } },
{ "type": "Feature", "properties": { "name": "Anytime NYC" }, "geometry": { "type": "Point", "coordinates": [ -73.98672, 40.74782 ] } },
{ "type": "Feature", "properties": { "name": "757 Korean BBQ" }, "geometry": { "type": "Point", "coordinates": [ -76.14382, 36.85692 ] } },
{ "type": "Feature", "properties": { "name": "Sool Korean Kitchen" }, "geometry": { "type": "Point", "coordinates": [ -122.71765, 45.41499 ] } },
{ "type": "Feature", "properties": { "name": "Ohana Eats" }, "geometry": { "type": "Point", "coordinates": [ -86.91369, 40.4315 ] } },
{ "type": "Feature", "properties": { "name": "Shin Sa Dong" }, "geometry": { "type": "Point", "coordinates": [ -104.75625, 38.83108 ] } },
{ "type": "Feature", "properties": { "name": "Seoul Grill" }, "geometry": { "type": "Point", "coordinates": [ -91.53571, 41.65887 ] } },
{ "type": "Feature", "properties": { "name": "BTS Korean Food Market" }, "geometry": { "type": "Point", "coordinates": [ -73.94995, 40.68135 ] } },
{ "type": "Feature", "properties": { "name": "CoCo Bang" }, "geometry": { "type": "Point", "coordinates": [ -122.41152, 37.78763 ] } },
{ "type": "Feature", "properties": { "name": "Chi'Lantro BBQ" }, "geometry": { "type": "Point", "coordinates": [ -97.74486, 30.26604 ] } },
{ "type": "Feature", "properties": { "name": "Toki Taco" }, "geometry": { "type": "Point", "coordinates": [ -76.6301, 39.33594 ] } },
{ "type": "Feature", "properties": { "name": "K-Recipe" }, "geometry": { "type": "Point", "coordinates": [ -111.88971, 40.69785 ] } },
{ "type": "Feature", "properties": { "name": "KoStop" }, "geometry": { "type": "Point", "coordinates": [ -122.2599, 37.86782 ] } },
{ "type": "Feature", "properties": { "name": "Myungrang Hotdogs" }, "geometry": { "type": "Point", "coordinates": [ -122.25812, 37.86828 ] } },
{ "type": "Feature", "properties": { "name": "Steve's Korean B.B.Q." }, "geometry": { "type": "Point", "coordinates": [ -122.25807, 37.86831 ] } },
{ "type": "Feature", "properties": { "name": "Minato" }, "geometry": { "type": "Point", "coordinates": [ -114.57504, 35.1553 ] } },
{ "type": "Feature", "properties": { "name": "The Taste" }, "geometry": { "type": "Point", "coordinates": [ -97.15547, 33.21119 ] } },
{ "type": "Feature", "properties": { "name": "All That Barbeque" }, "geometry": { "type": "Point", "coordinates": [ -117.79818, 33.69683 ] } },
{ "type": "Feature", "properties": { "name": "New Mandarin Garden" }, "geometry": { "type": "Point", "coordinates": [ -83.36109, 42.51291 ] } },
{ "type": "Feature", "properties": { "name": "Seoul Jangteo" }, "geometry": { "type": "Point", "coordinates": [ -71.13179, 42.35314 ] } },
{ "type": "Feature", "properties": { "name": "Cupbop" }, "geometry": { "type": "Point", "coordinates": [ -116.3538, 43.62266 ] } },
{ "type": "Feature", "properties": { "name": "Coreanos" }, "geometry": { "type": "Point", "coordinates": [ -71.13302, 42.35297 ] } },
{ "type": "Feature", "properties": { "name": "Azian" }, "geometry": { "type": "Point", "coordinates": [ -110.90988, 32.22226 ] } },
{ "type": "Feature", "properties": { "name": "Flame Broiler" }, "geometry": { "type": "Point", "coordinates": [ -118.00821, 33.89725 ] } },
{ "type": "Feature", "properties": { "name": "Cho Dang Tofu" }, "geometry": { "type": "Point", "coordinates": [ -122.15539, 47.625 ] } },
{ "type": "Feature", "properties": { "name": "Antoya Korean BBQ" }, "geometry": { "type": "Point", "coordinates": [ -73.98727, 40.74801 ] } },
{ "type": "Feature", "properties": { "name": "E-MO" }, "geometry": { "type": "Point", "coordinates": [ -73.98614, 40.74731 ] } },
{ "type": "Feature", "properties": { "name": "Hong Chun Cheon Dak Galbi" }, "geometry": { "type": "Point", "coordinates": [ -73.98614, 40.74728 ] } },
{ "type": "Feature", "properties": { "name": "MUI" }, "geometry": { "type": "Point", "coordinates": [ -73.98644, 40.74733 ] } },
{ "type": "Feature", "properties": { "name": "Itaewon Pocha" }, "geometry": { "type": "Point", "coordinates": [ -73.98705, 40.74766 ] } },
{ "type": "Feature", "properties": { "name": "O'bop" }, "geometry": { "type": "Point", "coordinates": [ -122.14351, 47.60947 ] } },
{ "type": "Feature", "properties": { "name": "CM Chicken" }, "geometry": { "type": "Point", "coordinates": [ -75.18728, 39.95364 ] } },
{ "type": "Feature", "properties": { "name": "DAON" }, "geometry": { "type": "Point", "coordinates": [ -121.9978, 37.81381 ] } },
{ "type": "Feature", "properties": { "name": "bb.q Chicken" }, "geometry": { "type": "Point", "coordinates": [ -104.86668, 39.67215 ] } },
{ "type": "Feature", "properties": { "name": "Chi Mc Korean Fried Chicken" }, "geometry": { "type": "Point", "coordinates": [ -77.25747, 38.90645 ] } },
{ "type": "Feature", "properties": { "name": "Handam BBQ" }, "geometry": { "type": "Point", "coordinates": [ -95.55625, 29.70683 ] } },
{ "type": "Feature", "properties": { "name": "YUP DDUK" }, "geometry": { "type": "Point", "coordinates": [ -117.83229, 33.6493 ] } },
{ "type": "Feature", "properties": { "name": "The Rice Bar" }, "geometry": { "type": "Point", "coordinates": [ -96.87496, 33.08455 ] } },
{ "type": "Feature", "properties": { "name": "Kang Nam Restaurant" }, "geometry": { "type": "Point", "coordinates": [ -118.32205, 34.05456 ] } },
{ "type": "Feature", "properties": { "name": "TTO Bongee Korean Style Chicken" }, "geometry": { "type": "Point", "coordinates": [ -121.98218, 37.35199 ] } },
{ "type": "Feature", "properties": { "name": "Gohyang Korean Restaurant" }, "geometry": { "type": "Point", "coordinates": [ -72.59363, 42.34185 ] } },
{ "type": "Feature", "properties": { "name": "Tofuya" }, "geometry": { "type": "Point", "coordinates": [ -118.44329, 34.0403 ] } },
{ "type": "Feature", "properties": { "name": "Superhot Hot Pot" }, "geometry": { "type": "Point", "coordinates": [ -122.07805, 37.39334 ] } },
{ "type": "Feature", "properties": { "name": "Bonchon Chicken" }, "geometry": { "type": "Point", "coordinates": [ -72.75831, 41.72349 ] } },
{ "type": "Feature", "properties": { "name": "Bul Box" }, "geometry": { "type": "Point", "coordinates": [ -78.84997, 35.82671 ] } },
{ "type": "Feature", "properties": { "name": "Arario Midtown" }, "geometry": { "type": "Point", "coordinates": [ -119.80848, 39.51818 ] } },
{ "type": "Feature", "properties": { "name": "Pho 9" }, "geometry": { "type": "Point", "coordinates": [ -111.94096, 40.58711 ] } },
{ "type": "Feature", "properties": { "name": "Let's Meat" }, "geometry": { "type": "Point", "coordinates": [ -73.9856, 40.7467 ] } },
{ "type": "Feature", "properties": { "name": "Chef Yu Chinese Restaurant" }, "geometry": { "type": "Point", "coordinates": [ -122.263, 37.83543 ] } },
{ "type": "Feature", "properties": { "name": "D92 Korean BBQ" }, "geometry": { "type": "Point", "coordinates": [ -83.39926, 33.9473 ] } },
{ "type": "Feature", "properties": { "name": "Cupbop" }, "geometry": { "type": "Point", "coordinates": [ -111.83669, 41.75624 ] } },
{ "type": "Feature", "properties": { "name": "Bab Korean Bistro" }, "geometry": { "type": "Point", "coordinates": [ -71.1236, 42.34177 ] } },
{ "type": "Feature", "properties": { "name": "Pokémen" }, "geometry": { "type": "Point", "coordinates": [ -85.41637, 32.61988 ] } },
{ "type": "Feature", "properties": { "name": "K-Kitchen" }, "geometry": { "type": "Point", "coordinates": [ -122.82526, 47.03702 ] } },
{ "type": "Feature", "properties": { "name": "The Porklet" }, "geometry": { "type": "Point", "coordinates": [ -104.8459, 39.69755 ] } },
{ "type": "Feature", "properties": { "name": "Volcano Korean BBQ & Hot Pot" }, "geometry": { "type": "Point", "coordinates": [ -82.29359, 34.82503 ] } },
{ "type": "Feature", "properties": { "name": "Park's BBQ" }, "geometry": { "type": "Point", "coordinates": [ -118.29204, 34.054 ] } },
{ "type": "Feature", "properties": { "name": "Miss Gogi Korean BBQ" }, "geometry": { "type": "Point", "coordinates": [ -84.28788, 33.90915 ] } },
{ "type": "Feature", "properties": { "name": "Always Spring Korean Cuisine" }, "geometry": { "type": "Point", "coordinates": [ -122.79479, 45.49107 ] } },
{ "type": "Feature", "properties": { "name": "Saratoga SGD Tofu House / Bar•B•Q" }, "geometry": { "type": "Point", "coordinates": [ -121.97413, 37.31879 ] } },
{ "type": "Feature", "properties": { "name": "Poke Don" }, "geometry": { "type": "Point", "coordinates": [ -72.52621, 41.81418 ] } },
{ "type": "Feature", "properties": { "name": "Angry Chicken & Juicy 88 Hotdog" }, "geometry": { "type": "Point", "coordinates": [ -104.82048, 38.80749 ] } },
{ "type": "Feature", "properties": { "name": "Bonchon Chicken" }, "geometry": { "type": "Point", "coordinates": [ -71.2372, 42.37052 ] } },
{ "type": "Feature", "properties": { "name": "So dAm" }, "geometry": { "type": "Point", "coordinates": [ -76.62687, 39.34519 ] } },
{ "type": "Feature", "properties": { "name": "Korean restaurant" }, "geometry": { "type": "Point", "coordinates": [ -118.32052, 34.04755 ] } },
{ "type": "Feature", "properties": { "name": "Jeju" }, "geometry": { "type": "Point", "coordinates": [ -118.32506, 34.04754 ] } },
{ "type": "Feature", "properties": { "name": "Kimchi House" }, "geometry": { "type": "Point", "coordinates": [ -118.3249, 34.04752 ] } },
{ "type": "Feature", "properties": { "name": "Meat Love Korean BBQ" }, "geometry": { "type": "Point", "coordinates": [ -118.3093, 34.04974 ] } },
{ "type": "Feature", "properties": { "name": "Sonu BBQ" }, "geometry": { "type": "Point", "coordinates": [ -117.33341, 33.22505 ] } },
{ "type": "Feature", "properties": { "name": "Gen Korean BBQ" }, "geometry": { "type": "Point", "coordinates": [ -96.90789, 32.9818 ] } },
{ "type": "Feature", "properties": { "name": "DAQ" }, "geometry": { "type": "Point", "coordinates": [ -96.90788, 32.98201 ] } },
{ "type": "Feature", "properties": { "name": "Frank Seoul Korean Fried Snack Cafe" }, "geometry": { "type": "Point", "coordinates": [ -96.90788, 32.9823 ] } },
{ "type": "Feature", "properties": { "name": "Seoul Ttukbaegi" }, "geometry": { "type": "Point", "coordinates": [ -73.81524, 40.7621 ] } },
{ "type": "Feature", "properties": { "name": "Egg Tuck" }, "geometry": { "type": "Point", "coordinates": [ -87.64046, 41.92586 ] } },
{ "type": "Feature", "properties": { "name": "Gangnam" }, "geometry": { "type": "Point", "coordinates": [ -86.22229, 32.34561 ] } },
{ "type": "Feature", "properties": { "name": "Zzaam! Fresh Korean Grill & Kokee Tea" }, "geometry": { "type": "Point", "coordinates": [ -77.39109, 37.24554 ] } },
{ "type": "Feature", "properties": { "name": "Ondal seafood" }, "geometry": { "type": "Point", "coordinates": [ -118.29676, 34.05758 ] } },
{ "type": "Feature", "properties": { "name": "Bapp" }, "geometry": { "type": "Point", "coordinates": [ -110.76706, 43.47923 ] } },
{ "type": "Feature", "properties": { "name": "Bapster" }, "geometry": { "type": "Point", "coordinates": [ -122.25317, 48.50312 ] } },
{ "type": "Feature", "properties": { "name": "CM Chicken" }, "geometry": { "type": "Point", "coordinates": [ -83.05062, 40.05356 ] } },
{ "type": "Feature", "properties": { "name": "Bonchon Chicken" }, "geometry": { "type": "Point", "coordinates": [ -75.19986, 39.95507 ] } },
{ "type": "Feature", "properties": { "name": "Nak Won Korean Restaurant" }, "geometry": { "type": "Point", "coordinates": [ -78.97668, 35.16807 ] } },
{ "type": "Feature", "properties": { "name": "Kimbap Heaven" }, "geometry": { "type": "Point", "coordinates": [ -122.41913, 37.78344 ] } },
{ "type": "Feature", "properties": { "name": "Cupbop" }, "geometry": { "type": "Point", "coordinates": [ -112.02556, 40.71207 ] } },
{ "type": "Feature", "properties": { "name": "BCD Tofu House" }, "geometry": { "type": "Point", "coordinates": [ -117.96621, 33.77362 ] } },
{ "type": "Feature", "properties": { "name": "Minari" }, "geometry": { "type": "Point", "coordinates": [ -122.41144, 37.62288 ] } },
{ "type": "Feature", "properties": { "name": "Odre" }, "geometry": { "type": "Point", "coordinates": [ -73.9859, 40.7314 ] } },
{ "type": "Feature", "properties": { "name": "Seoul Hotdog" }, "geometry": { "type": "Point", "coordinates": [ -122.30734, 47.31646 ] } },
{ "type": "Feature", "properties": { "name": "bb.q Chicken" }, "geometry": { "type": "Point", "coordinates": [ -118.44224, 34.0388 ] } },
{ "type": "Feature", "properties": { "name": "Kimchi Guys" }, "geometry": { "type": "Point", "coordinates": [ -74.04498, 40.72125 ] } },
{ "type": "Feature", "properties": { "name": "bb.q Chicken" }, "geometry": { "type": "Point", "coordinates": [ -93.301, 44.94851 ] } },
{ "type": "Feature", "properties": { "name": "P&Y Cafe" }, "geometry": { "type": "Point", "coordinates": [ -104.86241, 39.66606 ] } },
{ "type": "Feature", "properties": { "name": "Bokki" }, "geometry": { "type": "Point", "coordinates": [ -73.98844, 40.69253 ] } },
{ "type": "Feature", "properties": { "name": "Koreana" }, "geometry": { "type": "Point", "coordinates": [ -78.82355, 42.98174 ] } },
{ "type": "Feature", "properties": { "name": "Kimbap Paradise" }, "geometry": { "type": "Point", "coordinates": [ -118.30591, 33.81652 ] } },
{ "type": "Feature", "properties": { "name": "Taste of Asia" }, "geometry": { "type": "Point", "coordinates": [ -85.43496, 32.63433 ] } },
{ "type": "Feature", "properties": { "name": "Gen Korean BBQ" }, "geometry": { "type": "Point", "coordinates": [ -121.97526, 37.50335 ] } },
{ "type": "Feature", "properties": { "name": "Kokoro Maki House" }, "geometry": { "type": "Point", "coordinates": [ -94.59374, 38.99243 ] } },
{ "type": "Feature", "properties": { "name": "The Old School" }, "geometry": { "type": "Point", "coordinates": [ -117.82084, 33.74114 ] } },
{ "type": "Feature", "properties": { "name": "Kaya Garden" }, "geometry": { "type": "Point", "coordinates": [ -73.98532, 40.86565 ] } },
{ "type": "Feature", "properties": { "name": "Teriyaki Madness" }, "geometry": { "type": "Point", "coordinates": [ -104.89551, 39.6287 ] } },
{ "type": "Feature", "properties": { "name": "Dosirock" }, "geometry": { "type": "Point", "coordinates": [ -76.62179, 39.2913 ] } },
{ "type": "Feature", "properties": { "name": "Chops" }, "geometry": { "type": "Point", "coordinates": [ -122.2792, 47.83234 ] } },
{ "type": "Feature", "properties": { "name": "Seoul Hotdog" }, "geometry": { "type": "Point", "coordinates": [ -122.27676, 47.83142 ] } },
{ "type": "Feature", "properties": { "name": "OK Tofu House" }, "geometry": { "type": "Point", "coordinates": [ -117.46626, 33.90829 ] } },
{ "type": "Feature", "properties": { "name": "O2 K-BBQ" }, "geometry": { "type": "Point", "coordinates": [ -74.00049, 40.79075 ] } },
{ "type": "Feature", "properties": { "name": "Mom and Bop" }, "geometry": { "type": "Point", "coordinates": [ -118.47275, 34.01808 ] } },
{ "type": "Feature", "properties": { "name": "Slowloris" }, "geometry": { "type": "Point", "coordinates": [ -73.96081, 40.66028 ] } },
{ "type": "Feature", "properties": { "name": "Kogi Underground" }, "geometry": { "type": "Point", "coordinates": [ -76.85657, 39.09393 ] } },
{ "type": "Feature", "properties": { "name": "Seoul Pocha" }, "geometry": { "type": "Point", "coordinates": [ -82.341, 29.61938 ] } },
{ "type": "Feature", "properties": { "name": "Honey Pig Restaurant Korean BBQ + Hot Pot" }, "geometry": { "type": "Point", "coordinates": [ -76.80637, 39.28619 ] } },
{ "type": "Feature", "properties": { "name": "Seoulicious Korean BBQ" }, "geometry": { "type": "Point", "coordinates": [ -118.1979, 33.76962 ] } },
{ "type": "Feature", "properties": { "name": "Bonchon Chicken" }, "geometry": { "type": "Point", "coordinates": [ -87.86788, 42.08524 ] } },
{ "type": "Feature", "properties": { "name": "Paik’s Noodle" }, "geometry": { "type": "Point", "coordinates": [ -118.57348, 34.4431 ] } },
{ "type": "Feature", "properties": { "name": "Sura Korean Restaurant" }, "geometry": { "type": "Point", "coordinates": [ -117.16402, 33.51808 ] } },
{ "type": "Feature", "properties": { "name": "Korea BBQ House" }, "geometry": { "type": "Point", "coordinates": [ -118.24227, 34.04985 ] } },
{ "type": "Feature", "properties": { "name": "Dong Baek" }, "geometry": { "type": "Point", "coordinates": [ -122.41531, 37.78538 ] } },
{ "type": "Feature", "properties": { "name": "Kogi RVA" }, "geometry": { "type": "Point", "coordinates": [ -77.43929, 37.54519 ] } },
{ "type": "Feature", "properties": { "name": "BBB Tofu House" }, "geometry": { "type": "Point", "coordinates": [ -81.45088, 28.55051 ] } },
{ "type": "Feature", "properties": { "name": "Arirang Restaurant" }, "geometry": { "type": "Point", "coordinates": [ -78.79105, 42.98941 ] } },
{ "type": "Feature", "properties": { "name": "bb.q Chicken" }, "geometry": { "type": "Point", "coordinates": [ -78.79075, 42.98928 ] } },
{ "type": "Feature", "properties": { "name": "Korill Hut Korean BBQ & Hot Pot" }, "geometry": { "type": "Point", "coordinates": [ -89.30612, 43.12571 ] } },
{ "type": "Feature", "properties": { "name": "JjamPpong" }, "geometry": { "type": "Point", "coordinates": [ -122.44233, 37.71469 ] } },
{ "type": "Feature", "properties": { "name": "OhK-Dog & Egg Toast" }, "geometry": { "type": "Point", "coordinates": [ -73.84282, 40.71953 ] } },
{ "type": "Feature", "properties": { "name": "The Qui" }, "geometry": { "type": "Point", "coordinates": [ -77.42682, 38.89651 ] } },
{ "type": "Feature", "properties": { "name": "Noonchi" }, "geometry": { "type": "Point", "coordinates": [ -77.06243, 38.86323 ] } },
{ "type": "Feature", "properties": { "name": "CJ's Bulgogi & Grill" }, "geometry": { "type": "Point", "coordinates": [ -96.9092, 32.92141 ] } },
{ "type": "Feature", "properties": { "name": "Gangnam Jajang" }, "geometry": { "type": "Point", "coordinates": [ -122.26345, 37.83208 ] } },
{ "type": "Feature", "properties": { "name": "Moo Bong Ri" }, "geometry": { "type": "Point", "coordinates": [ -122.26292, 37.83221 ] } },
{ "type": "Feature", "properties": { "name": "To The Moon" }, "geometry": { "type": "Point", "coordinates": [ -122.26348, 37.83199 ] } },
{ "type": "Feature", "properties": { "name": "Zhang Fei Hot Pot" }, "geometry": { "type": "Point", "coordinates": [ -121.96974, 37.50151 ] } },
{ "type": "Feature", "properties": { "name": "Koja Kitchen" }, "geometry": { "type": "Point", "coordinates": [ -121.97, 37.50126 ] } },
{ "type": "Feature", "properties": { "name": "Seoul Mama Bloomington" }, "geometry": { "type": "Point", "coordinates": [ -88.95048, 40.50859 ] } },
{ "type": "Feature", "properties": { "name": "Chosun Korean BBQ 2" }, "geometry": { "type": "Point", "coordinates": [ -94.67588, 39.01554 ] } },
{ "type": "Feature", "properties": { "name": "Okdongsik" }, "geometry": { "type": "Point", "coordinates": [ -73.98537, 40.7457 ] } },
{ "type": "Feature", "properties": { "name": "Two Hands" }, "geometry": { "type": "Point", "coordinates": [ -104.95917, 39.67877 ] } },
{ "type": "Feature", "properties": { "name": "Soul Bowl" }, "geometry": { "type": "Point", "coordinates": [ -104.95982, 39.67862 ] } },
{ "type": "Feature", "properties": { "name": "New Seoul" }, "geometry": { "type": "Point", "coordinates": [ -122.27458, 47.87074 ] } },
{ "type": "Feature", "properties": { "name": "Daebak Korean Barbeque" }, "geometry": { "type": "Point", "coordinates": [ -83.28246, 42.49177 ] } },
{ "type": "Feature", "properties": { "name": "Soju Haus" }, "geometry": { "type": "Point", "coordinates": [ -73.98538, 40.74701 ] } },
{ "type": "Feature", "properties": { "name": "No.1 Plus Chicken" }, "geometry": { "type": "Point", "coordinates": [ -96.91047, 32.98435 ] } },
{ "type": "Feature", "properties": { "name": "Ari Korean BBQ" }, "geometry": { "type": "Point", "coordinates": [ -96.91047, 32.98426 ] } },
{ "type": "Feature", "properties": { "name": "Miga Korean Restaurant" }, "geometry": { "type": "Point", "coordinates": [ -121.98551, 37.55026 ] } },
{ "type": "Feature", "properties": { "name": "Mong Chon Grill" }, "geometry": { "type": "Point", "coordinates": [ -96.30983, 30.62232 ] } },
{ "type": "Feature", "properties": { "name": "Yellow Submarine" }, "geometry": { "type": "Point", "coordinates": [ -76.51959, 37.13956 ] } },
{ "type": "Feature", "properties": { "name": "Monomono" }, "geometry": { "type": "Point", "coordinates": [ -73.98803, 40.72548 ] } },
{ "type": "Feature", "properties": { "name": "bb.q Chicken" }, "geometry": { "type": "Point", "coordinates": [ -77.28855, 38.63007 ] } },
{ "type": "Feature", "properties": { "name": "Laku Sushi" }, "geometry": { "type": "Point", "coordinates": [ -74.47391, 40.7984 ] } },
{ "type": "Feature", "properties": { "name": "Mister Kim's Korean BBQ" }, "geometry": { "type": "Point", "coordinates": [ -115.036, 36.06156 ] } },
{ "type": "Feature", "properties": { "name": "Gen Korean BBQ" }, "geometry": { "type": "Point", "coordinates": [ -115.04246, 36.06663 ] } },
{ "type": "Feature", "properties": { "name": "Top Korean BBQ" }, "geometry": { "type": "Point", "coordinates": [ -115.07613, 36.072 ] } },
{ "type": "Feature", "properties": { "name": "Shiku" }, "geometry": { "type": "Point", "coordinates": [ -118.24874, 34.05082 ] } },
{ "type": "Feature", "properties": { "name": "Gogi Friends" }, "geometry": { "type": "Point", "coordinates": [ -77.14247, 38.8167 ] } },
{ "type": "Feature", "properties": { "name": "Burning Rice" }, "geometry": { "type": "Point", "coordinates": [ -96.87973, 33.06892 ] } },
{ "type": "Feature", "properties": { "name": "BB.Q Chicken" }, "geometry": { "type": "Point", "coordinates": [ -111.89184, 33.62814 ] } },
{ "type": "Feature", "properties": { "name": "Umma's K-BBQ" }, "geometry": { "type": "Point", "coordinates": [ -117.7015, 33.65559 ] } },
{ "type": "Feature", "properties": { "name": "Gopchang Story BBQ" }, "geometry": { "type": "Point", "coordinates": [ -73.98592, 40.74704 ] } },
{ "type": "Feature", "properties": { "name": "Gangnam House at the Source" }, "geometry": { "type": "Point", "coordinates": [ -117.99737, 33.85991 ] } },
{ "type": "Feature", "properties": { "name": "Jinsu Tofu House" }, "geometry": { "type": "Point", "coordinates": [ -117.99708, 33.86 ] } },
{ "type": "Feature", "properties": { "name": "Star Korean BBQ" }, "geometry": { "type": "Point", "coordinates": [ -81.39833, 28.47229 ] } },
{ "type": "Feature", "properties": { "name": "Bonchon Chicken" }, "geometry": { "type": "Point", "coordinates": [ -77.60879, 38.79639 ] } },
{ "type": "Feature", "properties": { "name": "Bowl & BoX Japanese & Korean Cuisine" }, "geometry": { "type": "Point", "coordinates": [ -98.63937, 29.52697 ] } },
{ "type": "Feature", "properties": { "name": "CUPBOP" }, "geometry": { "type": "Point", "coordinates": [ -104.82795, 39.73943 ] } },
{ "type": "Feature", "properties": { "name": "Seoul Spice" }, "geometry": { "type": "Point", "coordinates": [ -77.00499, 38.90711 ] } },
{ "type": "Feature", "properties": { "name": "Friend's House Korean" }, "geometry": { "type": "Point", "coordinates": [ -117.15475, 32.8254 ] } },
{ "type": "Feature", "properties": { "name": "Yu Gi Nong" }, "geometry": { "type": "Point", "coordinates": [ -122.75455, 45.59027 ] } },
{ "type": "Feature", "properties": { "name": "CupBop" }, "geometry": { "type": "Point", "coordinates": [ -105.03363, 39.76239 ] } },
{ "type": "Feature", "properties": { "name": "bb.q Chicken" }, "geometry": { "type": "Point", "coordinates": [ -73.97702, 40.68173 ] } },
{ "type": "Feature", "properties": { "name": "Dae Jang Keum" }, "geometry": { "type": "Point", "coordinates": [ -83.43734, 42.47135 ] } },
{ "type": "Feature", "properties": { "name": "Beque Holic" }, "geometry": { "type": "Point", "coordinates": [ -82.38108, 29.65272 ] } },
{ "type": "Feature", "properties": { "name": "Dessert Cafe" }, "geometry": { "type": "Point", "coordinates": [ -122.26645, 37.85577 ] } },
{ "type": "Feature", "properties": { "name": "Bonchon Chicken" }, "geometry": { "type": "Point", "coordinates": [ -96.80399, 33.11813 ] } },
{ "type": "Feature", "properties": { "name": "Wudon" }, "geometry": { "type": "Point", "coordinates": [ -90.47549, 38.68262 ] } },
{ "type": "Feature", "properties": { "name": "CM Chicken and Ssong's Hotdog" }, "geometry": { "type": "Point", "coordinates": [ -90.47712, 38.68253 ] } },
{ "type": "Feature", "properties": { "name": "Joo Joo" }, "geometry": { "type": "Point", "coordinates": [ -90.47728, 38.68278 ] } },
{ "type": "Feature", "properties": { "name": "New York Kimchi" }, "geometry": { "type": "Point", "coordinates": [ -73.97918, 40.75761 ] } },
{ "type": "Feature", "properties": { "name": "K Banchan" }, "geometry": { "type": "Point", "coordinates": [ -122.26456, 37.82953 ] } },
{ "type": "Feature", "properties": { "name": "Seoul Bistro" }, "geometry": { "type": "Point", "coordinates": [ -95.83187, 36.11792 ] } },
{ "type": "Feature", "properties": { "name": "Rib No. 7" }, "geometry": { "type": "Point", "coordinates": [ -73.98678, 40.74838 ] } },
{ "type": "Feature", "properties": { "name": "Seoul Salon" }, "geometry": { "type": "Point", "coordinates": [ -73.98661, 40.74831 ] } },
{ "type": "Feature", "properties": { "name": "Baps" }, "geometry": { "type": "Point", "coordinates": [ -84.48025, 42.73516 ] } },
{ "type": "Feature", "properties": { "name": "Doshi Chicken & Cupbop" }, "geometry": { "type": "Point", "coordinates": [ -111.86056, 33.23418 ] } },
{ "type": "Feature", "properties": { "name": "Chan Seattle" }, "geometry": { "type": "Point", "coordinates": [ -122.33349, 47.61316 ] } },
{ "type": "Feature", "properties": { "name": "To Sok Jip" }, "geometry": { "type": "Point", "coordinates": [ -77.1908, 38.83213 ] } },
{ "type": "Feature", "properties": { "name": "Jang Won" }, "geometry": { "type": "Point", "coordinates": [ -77.18981, 38.83195 ] } },
{ "type": "Feature", "properties": { "name": "AnnanGol" }, "geometry": { "type": "Point", "coordinates": [ -77.19097, 38.83158 ] } },
{ "type": "Feature", "properties": { "name": "mdk noodles" }, "geometry": { "type": "Point", "coordinates": [ -118.30436, 34.06152 ] } },
{ "type": "Feature", "properties": { "name": "Seoul Salon" }, "geometry": { "type": "Point", "coordinates": [ -118.30343, 34.06153 ] } },
{ "type": "Feature", "properties": { "name": "Quarters" }, "geometry": { "type": "Point", "coordinates": [ -118.29773, 34.064 ] } },
{ "type": "Feature", "properties": { "name": "Origin Korean BBQ" }, "geometry": { "type": "Point", "coordinates": [ -118.29732, 34.06381 ] } },
{ "type": "Feature", "properties": { "name": "Escala" }, "geometry": { "type": "Point", "coordinates": [ -118.29683, 34.06374 ] } },
{ "type": "Feature", "properties": { "name": "Louders" }, "geometry": { "type": "Point", "coordinates": [ -118.2975, 34.06333 ] } },
{ "type": "Feature", "properties": { "name": "King Chang" }, "geometry": { "type": "Point", "coordinates": [ -118.30382, 34.06342 ] } },
{ "type": "Feature", "properties": { "name": "Ahgassi Gopchang" }, "geometry": { "type": "Point", "coordinates": [ -118.30394, 34.06341 ] } },
{ "type": "Feature", "properties": { "name": "Kpot Korean BBQ & Hot Pot" }, "geometry": { "type": "Point", "coordinates": [ -73.98022, 40.57574 ] } },
{ "type": "Feature", "properties": { "name": "Variabowl" }, "geometry": { "type": "Point", "coordinates": [ -80.41889, 37.22667 ] } },
{ "type": "Feature", "properties": { "name": "Mr. Kim Korean BBQ" }, "geometry": { "type": "Point", "coordinates": [ -104.84643, 39.6976 ] } },
{ "type": "Feature", "properties": { "name": "Shabu Day" }, "geometry": { "type": "Point", "coordinates": [ -90.34993, 38.6739 ] } },
{ "type": "Feature", "properties": { "name": "Cupbop" }, "geometry": { "type": "Point", "coordinates": [ -112.00212, 40.5469 ] } },
{ "type": "Feature", "properties": { "name": "Hyodonggak" }, "geometry": { "type": "Point", "coordinates": [ -73.98619, 40.75011 ] } },
{ "type": "Feature", "properties": { "name": "Han Bat" }, "geometry": { "type": "Point", "coordinates": [ -73.98625, 40.75013 ] } },
{ "type": "Feature", "properties": { "name": "Side of Seoul" }, "geometry": { "type": "Point", "coordinates": [ -90.3813, 38.69011 ] } },
{ "type": "Feature", "properties": { "name": "Chi'Lantro BBQ" }, "geometry": { "type": "Point", "coordinates": [ -97.84813, 30.18341 ] } },
{ "type": "Feature", "properties": { "name": "KPOT Korean BBQ & Hot Pot" }, "geometry": { "type": "Point", "coordinates": [ -78.59071, 35.82211 ] } },
{ "type": "Feature", "properties": { "name": "K Pot Korean BBQ & Hot Pot" }, "geometry": { "type": "Point", "coordinates": [ -76.60356, 39.40078 ] } },
{ "type": "Feature", "properties": { "name": "Cupbop" }, "geometry": { "type": "Point", "coordinates": [ -112.07204, 33.44803 ] } },
{ "type": "Feature", "properties": { "name": "Seoul Spice" }, "geometry": { "type": "Point", "coordinates": [ -77.02172, 38.8959 ] } },
{ "type": "Feature", "properties": { "name": "Q Korean Steakhouse" }, "geometry": { "type": "Point", "coordinates": [ -84.08509, 35.91645 ] } },
{ "type": "Feature", "properties": { "name": "Dduk Dabang Korean Street Food" }, "geometry": { "type": "Point", "coordinates": [ -74.40817, 40.51324 ] } },
{ "type": "Feature", "properties": { "name": "Dae Bak" }, "geometry": { "type": "Point", "coordinates": [ -80.65685, 35.17151 ] } },
{ "type": "Feature", "properties": { "name": "Mom’s Tofu House" }, "geometry": { "type": "Point", "coordinates": [ -122.38927, 37.59976 ] } },
{ "type": "Feature", "properties": { "name": "Han Sang" }, "geometry": { "type": "Point", "coordinates": [ -122.39286, 37.60193 ] } },
{ "type": "Feature", "properties": { "name": "bb.q Chicken" }, "geometry": { "type": "Point", "coordinates": [ -118.23879, 34.0472 ] } },
{ "type": "Feature", "properties": { "name": "Korea Town Pizza" }, "geometry": { "type": "Point", "coordinates": [ -118.31139, 34.06147 ] } },
{ "type": "Feature", "properties": { "name": "BB∙Q Chicken" }, "geometry": { "type": "Point", "coordinates": [ -121.91103, 37.42893 ] } },
{ "type": "Feature", "properties": { "name": "Daeho Kalbi Jjim & Beef Soup" }, "geometry": { "type": "Point", "coordinates": [ -121.91145, 37.4283 ] } },
{ "type": "Feature", "properties": { "name": "The Qui Korean BBQ & Bar" }, "geometry": { "type": "Point", "coordinates": [ -77.29626, 38.86208 ] } },
{ "type": "Feature", "properties": { "name": "Dagiya" }, "geometry": { "type": "Point", "coordinates": [ -104.81546, 39.61532 ] } },
{ "type": "Feature", "properties": { "name": "Orange Tokki" }, "geometry": { "type": "Point", "coordinates": [ -118.34844, 33.83272 ] } },
{ "type": "Feature", "properties": { "name": "JinSol Gukbap" }, "geometry": { "type": "Point", "coordinates": [ -117.99294, 33.81272 ] } },
{ "type": "Feature", "properties": { "name": "DP BBQ" }, "geometry": { "type": "Point", "coordinates": [ -117.14987, 33.52418 ] } },
{ "type": "Feature", "properties": { "name": "Nifty's Korean BBQ & Ramen" }, "geometry": { "type": "Point", "coordinates": [ -81.37838, 28.54075 ] } },
{ "type": "Feature", "properties": { "name": "The Moderne" }, "geometry": { "type": "Point", "coordinates": [ -81.36281, 28.55329 ] } },
{ "type": "Feature", "properties": { "name": "Bonchon Chicken" }, "geometry": { "type": "Point", "coordinates": [ -88.21125, 41.76295 ] } },
{ "type": "Feature", "properties": { "name": "Bak Kung Korean B.B.Q" }, "geometry": { "type": "Point", "coordinates": [ -118.31905, 34.05302 ] } },
{ "type": "Feature", "properties": { "name": "Kaliwa" }, "geometry": { "type": "Point", "coordinates": [ -77.02438, 38.87873 ] } },
{ "type": "Feature", "properties": { "name": "On + On" }, "geometry": { "type": "Point", "coordinates": [ -118.33022, 33.80433 ] } },
{ "type": "Feature", "properties": { "name": "Vons Chicken" }, "geometry": { "type": "Point", "coordinates": [ -118.32874, 33.80189 ] } },
{ "type": "Feature", "properties": { "name": "Cupbop Korean BBQ" }, "geometry": { "type": "Point", "coordinates": [ -111.97135, 33.67567 ] } },
{ "type": "Feature", "properties": { "name": "3 Country Bistro" }, "geometry": { "type": "Point", "coordinates": [ -71.15174, 42.4799 ] } },
{ "type": "Feature", "properties": { "name": "Ahram Kitchen" }, "geometry": { "type": "Point", "coordinates": [ -122.15546, 47.5063 ] } },
{ "type": "Feature", "properties": { "name": "Galbi Burger" }, "geometry": { "type": "Point", "coordinates": [ -122.18511, 48.15042 ] } },
{ "type": "Feature", "properties": { "name": "Bonchon" }, "geometry": { "type": "Point", "coordinates": [ -105.0585, 39.85696 ] } },
{ "type": "Feature", "properties": { "name": "Bop Bop" }, "geometry": { "type": "Point", "coordinates": [ -80.8144, 35.24063 ] } },
{ "type": "Feature", "properties": { "name": "Seoul Sushi, Chicken, & Beer" }, "geometry": { "type": "Point", "coordinates": [ -76.82591, 39.27119 ] } },
{ "type": "Feature", "properties": { "name": "Nine Ting" }, "geometry": { "type": "Point", "coordinates": [ -75.15534, 39.95522 ] } },
{ "type": "Feature", "properties": { "name": "Kimchi Guys" }, "geometry": { "type": "Point", "coordinates": [ -90.30039, 38.64982 ] } },
{ "type": "Feature", "properties": { "name": "SOHA" }, "geometry": { "type": "Point", "coordinates": [ -97.71491, 30.34816 ] } },
{ "type": "Feature", "properties": { "name": "K BBQ" }, "geometry": { "type": "Point", "coordinates": [ -97.71729, 30.33648 ] } },
{ "type": "Feature", "properties": { "name": "bb.q Chicken" }, "geometry": { "type": "Point", "coordinates": [ -97.71671, 30.33641 ] } },
{ "type": "Feature", "properties": { "name": "Snow Ball Rice Ball" }, "geometry": { "type": "Point", "coordinates": [ -97.7166, 30.33689 ] } },
{ "type": "Feature", "properties": { "name": "Sweet Krunch" }, "geometry": { "type": "Point", "coordinates": [ -82.44218, 27.96037 ] } },
{ "type": "Feature", "properties": { "name": "Bonchon Chicken" }, "geometry": { "type": "Point", "coordinates": [ -122.1573, 37.72481 ] } },
{ "type": "Feature", "properties": { "name": "Cupbop" }, "geometry": { "type": "Point", "coordinates": [ -112.0136, 40.50826 ] } },
{ "type": "Feature", "properties": { "name": "bb.q Chicken" }, "geometry": { "type": "Point", "coordinates": [ -77.1031, 38.8837 ] } },
{ "type": "Feature", "properties": { "name": "Buk Kyung 북경반점（新）" }, "geometry": { "type": "Point", "coordinates": [ -71.09563, 42.3795 ] } },
{ "type": "Feature", "properties": { "name": "J Street Korean Grill & Bar" }, "geometry": { "type": "Point", "coordinates": [ -86.59789, 36.32698 ] } },
{ "type": "Feature", "properties": { "name": "Roll House" }, "geometry": { "type": "Point", "coordinates": [ -121.9928, 37.35159 ] } },
{ "type": "Feature", "properties": { "name": "bb.q Chicken" }, "geometry": { "type": "Point", "coordinates": [ -89.94665, 38.58988 ] } },
{ "type": "Feature", "properties": { "name": "Woo Chon Korea House Restaurant" }, "geometry": { "type": "Point", "coordinates": [ -78.7403, 42.97489 ] } },
{ "type": "Feature", "properties": { "name": "Hot Pot 757 & Korean BBQ Newport News" }, "geometry": { "type": "Point", "coordinates": [ -76.52239, 37.14244 ] } },
{ "type": "Feature", "properties": { "name": "KPOT Korean BBQ & Hot Pot" }, "geometry": { "type": "Point", "coordinates": [ -79.83573, 36.04753 ] } },
{ "type": "Feature", "properties": { "name": "Cafe Mukbang" }, "geometry": { "type": "Point", "coordinates": [ -118.29217, 34.02236 ] } },
{ "type": "Feature", "properties": { "name": "Pow Pow" }, "geometry": { "type": "Point", "coordinates": [ -77.02928, 38.90118 ] } },
{ "type": "Feature", "properties": { "name": "Blue House Korean BBQ" }, "geometry": { "type": "Point", "coordinates": [ -121.25122, 38.74286 ] } },
{ "type": "Feature", "properties": { "name": "YunGaNe Korean Restaurant" }, "geometry": { "type": "Point", "coordinates": [ -122.48023, 48.74886 ] } },
{ "type": "Feature", "properties": { "name": "Bonchon Chicken" }, "geometry": { "type": "Point", "coordinates": [ -78.57825, 35.87021 ] } },
{ "type": "Feature", "properties": { "name": "Sirok" }, "geometry": { "type": "Point", "coordinates": [ -77.42651, 38.8965 ] } },
{ "type": "Feature", "properties": { "name": "Bonchon Chicken" }, "geometry": { "type": "Point", "coordinates": [ -95.13107, 29.54775 ] } },
{ "type": "Feature", "properties": { "name": "Wow Cow" }, "geometry": { "type": "Point", "coordinates": [ -122.77101, 45.42862 ] } },
{ "type": "Feature", "properties": { "name": "KPOT" }, "geometry": { "type": "Point", "coordinates": [ -77.11204, 39.05249 ] } },
{ "type": "Feature", "properties": { "name": "Kokodek Korean Fried Chicken" }, "geometry": { "type": "Point", "coordinates": [ -121.97391, 37.31978 ] } },
{ "type": "Feature", "properties": { "name": "Chosun Hwaro" }, "geometry": { "type": "Point", "coordinates": [ -76.8372, 39.27727 ] } },
{ "type": "Feature", "properties": { "name": "Cafe Luna" }, "geometry": { "type": "Point", "coordinates": [ -102.34632, 31.89003 ] } },
{ "type": "Feature", "properties": { "name": "Momofuku" }, "geometry": { "type": "Point", "coordinates": [ -115.17352, 36.11022 ] } },
{ "type": "Feature", "properties": { "name": "Chicken Pelicana" }, "geometry": { "type": "Point", "coordinates": [ -118.13395, 33.94007 ] } },
{ "type": "Feature", "properties": { "name": "Kpop Food" }, "geometry": { "type": "Point", "coordinates": [ -82.44193, 27.96017 ] } },
{ "type": "Feature", "properties": { "name": "Ollei" }, "geometry": { "type": "Point", "coordinates": [ -122.42205, 37.79636 ] } },
{ "type": "Feature", "properties": { "name": "Kim’s Korean Cuisine" }, "geometry": { "type": "Point", "coordinates": [ -87.64533, 41.9439 ] } },
{ "type": "Feature", "properties": { "name": "GangNam Korean BBQ" }, "geometry": { "type": "Point", "coordinates": [ -97.49195, 35.3159 ] } },
{ "type": "Feature", "properties": { "name": "Korean Gogi Grill" }, "geometry": { "type": "Point", "coordinates": [ -81.48922, 28.45048 ] } },
{ "type": "Feature", "properties": { "name": "Naru 2 Korean BBQ" }, "geometry": { "type": "Point", "coordinates": [ -87.31107, 36.57698 ] } },
{ "type": "Feature", "properties": { "name": "Kimchi Pop" }, "geometry": { "type": "Point", "coordinates": [ -87.65542, 41.96255 ] } },
{ "type": "Feature", "properties": { "name": "Happy BiBiM Bap House" }, "geometry": { "type": "Point", "coordinates": [ -123.03369, 44.94137 ] } },
{ "type": "Feature", "properties": { "name": "Cafe Lily" }, "geometry": { "type": "Point", "coordinates": [ -73.98358, 40.61013 ] } },
{ "type": "Feature", "properties": { "name": "Taco Mogo" }, "geometry": { "type": "Point", "coordinates": [ -123.08984, 44.05029 ] } },
{ "type": "Feature", "properties": { "name": "Ziggle Tofu & Grill" }, "geometry": { "type": "Point", "coordinates": [ -73.92774, 40.74393 ] } },
{ "type": "Feature", "properties": { "name": "K-Plate" }, "geometry": { "type": "Point", "coordinates": [ -73.68898, 42.73075 ] } },
{ "type": "Feature", "properties": { "name": "Sunhee's Farm and Kitchen" }, "geometry": { "type": "Point", "coordinates": [ -73.68944, 42.7276 ] } },
{ "type": "Feature", "properties": { "name": "Jang Su" }, "geometry": { "type": "Point", "coordinates": [ -76.85759, 39.27881 ] } },
{ "type": "Feature", "properties": { "name": "Palilgu" }, "geometry": { "type": "Point", "coordinates": [ -87.69172, 41.91962 ] } },
{ "type": "Feature", "properties": { "name": "D92" }, "geometry": { "type": "Point", "coordinates": [ -84.29379, 33.77196 ] } },
{ "type": "Feature", "properties": { "name": "Cupbop" }, "geometry": { "type": "Point", "coordinates": [ -112.06396, 41.15351 ] } },
{ "type": "Feature", "properties": { "name": "J's Mini Hot Pot" }, "geometry": { "type": "Point", "coordinates": [ -84.13475, 33.95992 ] } },
{ "type": "Feature", "properties": { "name": "Da Pan" }, "geometry": { "type": "Point", "coordinates": [ -122.46781, 37.71031 ] } },
{ "type": "Feature", "properties": { "name": "Daeho" }, "geometry": { "type": "Point", "coordinates": [ -122.46768, 37.71024 ] } },
{ "type": "Feature", "properties": { "name": "Paik's Noodle" }, "geometry": { "type": "Point", "coordinates": [ -122.46776, 37.71023 ] } },
{ "type": "Feature", "properties": { "name": "Ha Ahn" }, "geometry": { "type": "Point", "coordinates": [ -81.66972, 41.5106 ] } },
{ "type": "Feature", "properties": { "name": "356 Korean BBQ & Bar" }, "geometry": { "type": "Point", "coordinates": [ -117.55729, 34.0004 ] } },
{ "type": "Feature", "properties": { "name": "Volcano Korean BBQ" }, "geometry": { "type": "Point", "coordinates": [ -102.37594, 31.88489 ] } },
{ "type": "Feature", "properties": { "name": "Galaxy Hot Pot & Grill" }, "geometry": { "type": "Point", "coordinates": [ -87.88947, 42.04159 ] } },
{ "type": "Feature", "properties": { "name": "Jjang Ga Nae" }, "geometry": { "type": "Point", "coordinates": [ -75.00814, 39.94026 ] } },
{ "type": "Feature", "properties": { "name": "왕돼지" }, "geometry": { "type": "Point", "coordinates": [ -118.53541, 34.20868 ] } },
{ "type": "Feature", "properties": { "name": "I Can Barbecue" }, "geometry": { "type": "Point", "coordinates": [ -117.79378, 33.72459 ] } },
{ "type": "Feature", "properties": { "name": "K-Pop Kitchen" }, "geometry": { "type": "Point", "coordinates": [ -111.45872, 36.91643 ] } },
{ "type": "Feature", "properties": { "name": "Toreore" }, "geometry": { "type": "Point", "coordinates": [ -73.79008, 41.02991 ] } },
{ "type": "Feature", "properties": { "name": "Katsu City" }, "geometry": { "type": "Point", "coordinates": [ -111.93138, 40.58692 ] } },
{ "type": "Feature", "properties": { "name": "Yorienn" }, "geometry": { "type": "Point", "coordinates": [ -96.93182, 33.01961 ] } },
{ "type": "Feature", "properties": { "name": "BBQ+Rice" }, "geometry": { "type": "Point", "coordinates": [ -118.27942, 34.09177 ] } },
{ "type": "Feature", "properties": { "name": "Jaws Topokki" }, "geometry": { "type": "Point", "coordinates": [ -82.36454, 28.12892 ] } },
{ "type": "Feature", "properties": { "name": "So Gong Dong Tofu & B.B.Q." }, "geometry": { "type": "Point", "coordinates": [ -82.36445, 28.12888 ] } },
{ "type": "Feature", "properties": { "name": "BBQ Chicken" }, "geometry": { "type": "Point", "coordinates": [ -82.36458, 28.12894 ] } },
{ "type": "Feature", "properties": { "name": "MyungGa Gyo-dong Korean Noodle" }, "geometry": { "type": "Point", "coordinates": [ -82.3645, 28.1289 ] } },
{ "type": "Feature", "properties": { "name": "Dami" }, "geometry": { "type": "Point", "coordinates": [ -96.9319, 33.01952 ] } },
{ "type": "Feature", "properties": { "name": "Little Dokebi" }, "geometry": { "type": "Point", "coordinates": [ -73.94236, 40.72315 ] } },
{ "type": "Feature", "properties": { "name": "Bop & Gogi" }, "geometry": { "type": "Point", "coordinates": [ -104.86569, 39.59363 ] } },
{ "type": "Feature", "properties": { "name": "Koko Wings" }, "geometry": { "type": "Point", "coordinates": [ -73.96735, 40.80096 ] } },
{ "type": "Feature", "properties": { "name": "Krazy Dog Korean Hot Dog" }, "geometry": { "type": "Point", "coordinates": [ -95.4822, 29.9112 ] } },
{ "type": "Feature", "properties": { "name": "Madang Garden" }, "geometry": { "type": "Point", "coordinates": [ -115.14255, 36.14202 ] } },
{ "type": "Feature", "properties": { "name": "Seoul Bowl" }, "geometry": { "type": "Point", "coordinates": [ -122.31656, 47.60871 ] } },
{ "type": "Feature", "properties": { "name": "K-BBQ" }, "geometry": { "type": "Point", "coordinates": [ -88.04456, 42.08982 ] } },
{ "type": "Feature", "properties": { "name": "Chi-Kin" }, "geometry": { "type": "Point", "coordinates": [ -81.3643, 28.55549 ] } },
{ "type": "Feature", "properties": { "name": "Shin Jung Korean Restaurant" }, "geometry": { "type": "Point", "coordinates": [ -81.35872, 28.55297 ] } },
{ "type": "Feature", "properties": { "name": "Sun and Moon Korean Restaurant" }, "geometry": { "type": "Point", "coordinates": [ -71.3802, 41.81681 ] } },
{ "type": "Feature", "properties": { "name": "K-Pocha" }, "geometry": { "type": "Point", "coordinates": [ -85.72462, 42.85931 ] } },
{ "type": "Feature", "properties": { "name": "CM Chicken" }, "geometry": { "type": "Point", "coordinates": [ -73.94665, 40.78032 ] } },
{ "type": "Feature", "properties": { "name": "Rice Bar" }, "geometry": { "type": "Point", "coordinates": [ -77.02066, 38.88601 ] } },
{ "type": "Feature", "properties": { "name": "HQ BBQ & Hot Pot" }, "geometry": { "type": "Point", "coordinates": [ -84.12381, 33.94453 ] } },
{ "type": "Feature", "properties": { "name": "Kokomo" }, "geometry": { "type": "Point", "coordinates": [ -102.33524, 31.89379 ] } },
{ "type": "Feature", "properties": { "name": "Kinja Korean BBQ And Sushi" }, "geometry": { "type": "Point", "coordinates": [ -82.05411, 33.51632 ] } },
{ "type": "Feature", "properties": { "name": "Biwon" }, "geometry": { "type": "Point", "coordinates": [ -73.75607, 40.7475 ] } },
{ "type": "Feature", "properties": { "name": "Siroo and Jukstory" }, "geometry": { "type": "Point", "coordinates": [ -77.19813, 38.83271 ] } },
{ "type": "Feature", "properties": { "name": "Bonchon Chicken" }, "geometry": { "type": "Point", "coordinates": [ -77.23486, 39.12206 ] } },
{ "type": "Feature", "properties": { "name": "Korean Garden BBQ" }, "geometry": { "type": "Point", "coordinates": [ -115.1982, 36.126 ] } },
{ "type": "Feature", "properties": { "name": "Jin Jin" }, "geometry": { "type": "Point", "coordinates": [ -115.21095, 36.12558 ] } },
{ "type": "Feature", "properties": { "name": "Honey Pig" }, "geometry": { "type": "Point", "coordinates": [ -115.20533, 36.12521 ] } },
{ "type": "Feature", "properties": { "name": "Mr. TOFU" }, "geometry": { "type": "Point", "coordinates": [ -115.19802, 36.12597 ] } },
{ "type": "Feature", "properties": { "name": "ChoigoZip" }, "geometry": { "type": "Point", "coordinates": [ -115.20238, 36.126 ] } },
{ "type": "Feature", "properties": { "name": "Nabe" }, "geometry": { "type": "Point", "coordinates": [ -115.20258, 36.12554 ] } },
{ "type": "Feature", "properties": { "name": "Jinju Gomtang" }, "geometry": { "type": "Point", "coordinates": [ -115.19524, 36.1259 ] } },
{ "type": "Feature", "properties": { "name": "888 Korean BBQ" }, "geometry": { "type": "Point", "coordinates": [ -115.19609, 36.12544 ] } },
{ "type": "Feature", "properties": { "name": "Ondubu" }, "geometry": { "type": "Point", "coordinates": [ -74.10475, 40.827 ] } },
{ "type": "Feature", "properties": { "name": "The Chicken Lab" }, "geometry": { "type": "Point", "coordinates": [ -76.61304, 39.27678 ] } },
{ "type": "Feature", "properties": { "name": "Nanuri Snack" }, "geometry": { "type": "Point", "coordinates": [ -118.2459, 34.22809 ] } },
{ "type": "Feature", "properties": { "name": "Volcano Korean BBQ & Sushi" }, "geometry": { "type": "Point", "coordinates": [ -102.37592, 31.8849 ] } },
{ "type": "Feature", "properties": { "name": "Seoul Poke Bowl" }, "geometry": { "type": "Point", "coordinates": [ -80.87323, 35.19255 ] } },
{ "type": "Feature", "properties": { "name": "40 West Cafe" }, "geometry": { "type": "Point", "coordinates": [ -72.46545, 41.86776 ] } },
{ "type": "Feature", "properties": { "name": "Makoto Japanese Restaurant" }, "geometry": { "type": "Point", "coordinates": [ -123.09256, 44.04701 ] } },
{ "type": "Feature", "properties": { "name": "Pelicana Chicken" }, "geometry": { "type": "Point", "coordinates": [ -73.91757, 40.74249 ] } },
{ "type": "Feature", "properties": { "name": "Sun And Moon Cafe" }, "geometry": { "type": "Point", "coordinates": [ -84.13131, 33.95646 ] } },
{ "type": "Feature", "properties": { "name": "9292 Korean BBQ #2" }, "geometry": { "type": "Point", "coordinates": [ -84.12877, 33.95635 ] } },
{ "type": "Feature", "properties": { "name": "Seoul Garden" }, "geometry": { "type": "Point", "coordinates": [ -97.41999, 31.11948 ] } },
{ "type": "Feature", "properties": { "name": "Jeonjoo Kitchen" }, "geometry": { "type": "Point", "coordinates": [ -84.08194, 34.00294 ] } },
{ "type": "Feature", "properties": { "name": "Han Korean BBQ House" }, "geometry": { "type": "Point", "coordinates": [ -118.31205, 34.18306 ] } },
{ "type": "Feature", "properties": { "name": "PK Kimchi Factory" }, "geometry": { "type": "Point", "coordinates": [ -77.10976, 39.05208 ] } },
{ "type": "Feature", "properties": { "name": "bb.q Chicken" }, "geometry": { "type": "Point", "coordinates": [ -77.59341, 43.14653 ] } },
{ "type": "Feature", "properties": { "name": "3355 Asian Grill" }, "geometry": { "type": "Point", "coordinates": [ -118.31575, 33.8365 ] } },
{ "type": "Feature", "properties": { "name": "Bonyeon" }, "geometry": { "type": "Point", "coordinates": [ -87.64438, 41.88285 ] } },
{ "type": "Feature", "properties": { "name": "Chow Won" }, "geometry": { "type": "Point", "coordinates": [ -84.26563, 30.4368 ] } },
{ "type": "Feature", "properties": { "name": "Wooga Sullungtang" }, "geometry": { "type": "Point", "coordinates": [ -118.30535, 33.88887 ] } },
{ "type": "Feature", "properties": { "name": "Mista Oh" }, "geometry": { "type": "Point", "coordinates": [ -73.99122, 40.74324 ] } },
{ "type": "Feature", "properties": { "name": "K-BOB Korean Street Food" }, "geometry": { "type": "Point", "coordinates": [ -81.4909, 28.40022 ] } },
{ "type": "Feature", "properties": { "name": "BiBim to Go" }, "geometry": { "type": "Point", "coordinates": [ -83.0607, 42.30567 ] } },
{ "type": "Feature", "properties": { "name": "Dang Sung Sa" }, "geometry": { "type": "Point", "coordinates": [ -96.89961, 32.89662 ] } },
{ "type": "Feature", "properties": { "name": "Shun De Mom" }, "geometry": { "type": "Point", "coordinates": [ -96.34269, 30.62151 ] } },
{ "type": "Feature", "properties": { "name": "Aery" }, "geometry": { "type": "Point", "coordinates": [ -77.20512, 39.12815 ] } },
{ "type": "Feature", "properties": { "name": "Frybaby" }, "geometry": { "type": "Point", "coordinates": [ -122.65505, 45.51945 ] } },
{ "type": "Feature", "properties": { "name": "Baekjeong" }, "geometry": { "type": "Point", "coordinates": [ -117.89035, 33.99467 ] } },
{ "type": "Feature", "properties": { "name": "ONGI" }, "geometry": { "type": "Point", "coordinates": [ -73.98723, 40.75217 ] } },
{ "type": "Feature", "properties": { "name": "Lim’s Kitchen" }, "geometry": { "type": "Point", "coordinates": [ -73.91441, 40.75697 ] } },
{ "type": "Feature", "properties": { "name": "Korean restaurant" }, "geometry": { "type": "Point", "coordinates": [ -73.88778, 40.72993 ] } },
{ "type": "Feature", "properties": { "name": "K-Bop STL" }, "geometry": { "type": "Point", "coordinates": [ -90.29692, 38.65495 ] } },
{ "type": "Feature", "properties": { "name": "Marinate Korean BBQ" }, "geometry": { "type": "Point", "coordinates": [ -118.14485, 33.82931 ] } },
{ "type": "Feature", "properties": { "name": "Tofu Village Korean BBQ" }, "geometry": { "type": "Point", "coordinates": [ -84.5286, 33.99657 ] } },
{ "type": "Feature", "properties": { "name": "Baekjeong" }, "geometry": { "type": "Point", "coordinates": [ -121.94596, 37.32419 ] } },
{ "type": "Feature", "properties": { "name": "Rice Cups" }, "geometry": { "type": "Point", "coordinates": [ -118.41492, 33.91832 ] } },
{ "type": "Feature", "properties": { "name": "Hong Dumpling House" }, "geometry": { "type": "Point", "coordinates": [ -96.91381, 32.89608 ] } },
{ "type": "Feature", "properties": { "name": "Gen Korean BBQ" }, "geometry": { "type": "Point", "coordinates": [ -118.25376, 34.14735 ] } },
{ "type": "Feature", "properties": { "name": "Trimana" }, "geometry": { "type": "Point", "coordinates": [ -118.38674, 33.94586 ] } },
{ "type": "Feature", "properties": { "name": "Ssong’s Hotdog and R&B Tea" }, "geometry": { "type": "Point", "coordinates": [ -96.81938, 32.95198 ] } },
{ "type": "Feature", "properties": { "name": "Masijta Grill" }, "geometry": { "type": "Point", "coordinates": [ -88.2088, 40.11354 ] } },
{ "type": "Feature", "properties": { "name": "Burning Rice" }, "geometry": { "type": "Point", "coordinates": [ -96.82479, 32.95352 ] } },
{ "type": "Feature", "properties": { "name": "HOLDAAK" }, "geometry": { "type": "Point", "coordinates": [ -117.83681, 33.82053 ] } },
{ "type": "Feature", "properties": { "name": "Rice N Go" }, "geometry": { "type": "Point", "coordinates": [ -84.84179, 35.20504 ] } },
{ "type": "Feature", "properties": { "name": "Star Karaoke" }, "geometry": { "type": "Point", "coordinates": [ -88.25083, 40.07355 ] } },
{ "type": "Feature", "properties": { "name": "88 Pot" }, "geometry": { "type": "Point", "coordinates": [ -75.34167, 40.67331 ] } },
{ "type": "Feature", "properties": { "name": "KPOT Korean BBQ & Hot Pot" }, "geometry": { "type": "Point", "coordinates": [ -80.87865, 34.12889 ] } },
{ "type": "Feature", "properties": { "name": "Pokebap" }, "geometry": { "type": "Point", "coordinates": [ -82.99875, 39.98515 ] } },
{ "type": "Feature", "properties": { "name": "Ssyal" }, "geometry": { "type": "Point", "coordinates": [ -87.73314, 41.96806 ] } },
{ "type": "Feature", "properties": { "name": "Chicago Kalbi BBQ" }, "geometry": { "type": "Point", "coordinates": [ -87.72278, 41.96843 ] } },
{ "type": "Feature", "properties": { "name": "Momo Chicken & Grill" }, "geometry": { "type": "Point", "coordinates": [ -77.01779, 38.87819 ] } },
{ "type": "Feature", "properties": { "name": "Cupbop" }, "geometry": { "type": "Point", "coordinates": [ -116.35552, 43.56162 ] } },
{ "type": "Feature", "properties": { "name": "Joong Koog Jip" }, "geometry": { "type": "Point", "coordinates": [ -73.81536, 40.762 ] } },
{ "type": "Feature", "properties": { "name": "Oma's Kitchen" }, "geometry": { "type": "Point", "coordinates": [ -97.74164, 30.28369 ] } },
{ "type": "Feature", "properties": { "name": "K-bop" }, "geometry": { "type": "Point", "coordinates": [ -90.226, 38.59345 ] } },
{ "type": "Feature", "properties": { "name": "Myungrang Hotdog" }, "geometry": { "type": "Point", "coordinates": [ -122.01068, 37.32467 ] } },
{ "type": "Feature", "properties": { "name": "Sul & Beans" }, "geometry": { "type": "Point", "coordinates": [ -122.01062, 37.32467 ] } },
{ "type": "Feature", "properties": { "name": "Cuckoo" }, "geometry": { "type": "Point", "coordinates": [ -87.6682, 41.97565 ] } },
{ "type": "Feature", "properties": { "name": "Koreatown" }, "geometry": { "type": "Point", "coordinates": [ -111.87137, 33.40784 ] } },
{ "type": "Feature", "properties": { "name": "Bulldoc Korean Fusion Cuisine" }, "geometry": { "type": "Point", "coordinates": [ -119.73517, 36.81208 ] } },
{ "type": "Feature", "properties": { "name": "Red Tigers" }, "geometry": { "type": "Point", "coordinates": [ -76.51615, 39.15791 ] } },
{ "type": "Feature", "properties": { "name": "Hot Spot" }, "geometry": { "type": "Point", "coordinates": [ -77.27414, 38.86349 ] } },
{ "type": "Feature", "properties": { "name": "Top Chef Korean BBQ" }, "geometry": { "type": "Point", "coordinates": [ -118.73004, 34.27123 ] } },
{ "type": "Feature", "properties": { "name": "Yori Yori" }, "geometry": { "type": "Point", "coordinates": [ -95.75028, 29.77586 ] } },
{ "type": "Feature", "properties": { "name": "Kimbap Paradise" }, "geometry": { "type": "Point", "coordinates": [ -118.29214, 34.06723 ] } },
{ "type": "Feature", "properties": { "name": "King Pot Korean BBQ & Hotpot" }, "geometry": { "type": "Point", "coordinates": [ -85.56422, 42.91071 ] } },
{ "type": "Feature", "properties": { "name": "K-ROK Korean BBQ & Karaoke" }, "geometry": { "type": "Point", "coordinates": [ -85.67309, 42.9655 ] } },
{ "type": "Feature", "properties": { "name": "Gamja Tang Tang Restaurant" }, "geometry": { "type": "Point", "coordinates": [ -73.97491, 40.85361 ] } },
{ "type": "Feature", "properties": { "name": "Ju Mak Jib" }, "geometry": { "type": "Point", "coordinates": [ -77.15927, 38.82127 ] } },
{ "type": "Feature", "properties": { "name": "BCD Tofu House" }, "geometry": { "type": "Point", "coordinates": [ -73.97009, 40.84999 ] } },
{ "type": "Feature", "properties": { "name": "Tipsy Chicken" }, "geometry": { "type": "Point", "coordinates": [ -111.87361, 33.41331 ] } },
{ "type": "Feature", "properties": { "name": "Bonchon Chicken" }, "geometry": { "type": "Point", "coordinates": [ -79.05266, 35.91451 ] } },
{ "type": "Feature", "properties": { "name": "Arirang Korean BBQ" }, "geometry": { "type": "Point", "coordinates": [ -122.30605, 47.82988 ] } },
{ "type": "Feature", "properties": { "name": "K-Bbq Korean Bbq" }, "geometry": { "type": "Point", "coordinates": [ -118.70989, 34.27816 ] } },
{ "type": "Feature", "properties": { "name": "K Pot Korean BBQ" }, "geometry": { "type": "Point", "coordinates": [ -84.63432, 42.7418 ] } },
{ "type": "Feature", "properties": { "name": "Emashiya" }, "geometry": { "type": "Point", "coordinates": [ -82.10279, 33.50941 ] } },
{ "type": "Feature", "properties": { "name": "Austin's Kitchen" }, "geometry": { "type": "Point", "coordinates": [ -78.78436, 43.00193 ] } },
{ "type": "Feature", "properties": { "name": "Siroo and Juk Story" }, "geometry": { "type": "Point", "coordinates": [ -76.86307, 39.2805 ] } },
{ "type": "Feature", "properties": { "name": "Chicken Bee" }, "geometry": { "type": "Point", "coordinates": [ -79.8756, 36.06693 ] } },
{ "type": "Feature", "properties": { "name": "Amazing Katsu" }, "geometry": { "type": "Point", "coordinates": [ -121.97573, 37.35103 ] } },
{ "type": "Feature", "properties": { "name": "Silgaban" }, "geometry": { "type": "Point", "coordinates": [ -121.97573, 37.35105 ] } },
{ "type": "Feature", "properties": { "name": "Seoul BBQ" }, "geometry": { "type": "Point", "coordinates": [ -77.19041, 38.78124 ] } },
{ "type": "Feature", "properties": { "name": "Mr. Lee Chicken" }, "geometry": { "type": "Point", "coordinates": [ -122.04416, 37.97261 ] } },
{ "type": "Feature", "properties": { "name": "Arirang Korean Restaurant" }, "geometry": { "type": "Point", "coordinates": [ -80.94413, 34.04826 ] } },
{ "type": "Feature", "properties": { "name": "K-Bap" }, "geometry": { "type": "Point", "coordinates": [ -86.53337, 39.16361 ] } },
{ "type": "Feature", "properties": { "name": "CM Chicken" }, "geometry": { "type": "Point", "coordinates": [ -87.6409, 41.92659 ] } },
{ "type": "Feature", "properties": { "name": "Anju" }, "geometry": { "type": "Point", "coordinates": [ -104.82456, 38.82621 ] } },
{ "type": "Feature", "properties": { "name": "HOLDAAK Fried Chicken" }, "geometry": { "type": "Point", "coordinates": [ -117.94232, 33.86019 ] } },
{ "type": "Feature", "properties": { "name": "K-BBQ & Hot Pot" }, "geometry": { "type": "Point", "coordinates": [ -78.80491, 42.99194 ] } },
{ "type": "Feature", "properties": { "name": "Bonchon Chicken" }, "geometry": { "type": "Point", "coordinates": [ -74.10382, 40.57678 ] } },
{ "type": "Feature", "properties": { "name": "Bibim" }, "geometry": { "type": "Point", "coordinates": [ -80.85405, 35.05621 ] } },
{ "type": "Feature", "properties": { "name": "bb.q Chicken" }, "geometry": { "type": "Point", "coordinates": [ -86.06, 39.91057 ] } },
{ "type": "Feature", "properties": { "name": "Gangnam Teriyaki & Korean Cuisine" }, "geometry": { "type": "Point", "coordinates": [ -122.82752, 45.49061 ] } },
{ "type": "Feature", "properties": { "name": "Sang's Kitchen" }, "geometry": { "type": "Point", "coordinates": [ -87.64457, 41.87785 ] } },
{ "type": "Feature", "properties": { "name": "So Gong Dong Tofu & Korean BBQ" }, "geometry": { "type": "Point", "coordinates": [ -87.64457, 41.87774 ] } },
{ "type": "Feature", "properties": { "name": "Chung Oak" }, "geometry": { "type": "Point", "coordinates": [ -76.55073, 37.14693 ] } },
{ "type": "Feature", "properties": { "name": "KPOT Korean BBQ & Hot Pot" }, "geometry": { "type": "Point", "coordinates": [ -97.72664, 31.09416 ] } },
{ "type": "Feature", "properties": { "name": "Yoli" }, "geometry": { "type": "Point", "coordinates": [ -121.31287, 44.06077 ] } },
{ "type": "Feature", "properties": { "name": "Seoul Bistro" }, "geometry": { "type": "Point", "coordinates": [ -118.39624, 34.15 ] } },
{ "type": "Feature", "properties": { "name": "Go! Pocha" }, "geometry": { "type": "Point", "coordinates": [ -118.29212, 34.06706 ] } },
{ "type": "Feature", "properties": { "name": "Baan Ga" }, "geometry": { "type": "Point", "coordinates": [ -71.09526, 42.34947 ] } },
{ "type": "Feature", "properties": { "name": "Sweetie’s K-Chicken" }, "geometry": { "type": "Point", "coordinates": [ -73.95129, 40.72493 ] } },
{ "type": "Feature", "properties": { "name": "Korean restaurant" }, "geometry": { "type": "Point", "coordinates": [ -118.44114, 33.98711 ] } },
{ "type": "Feature", "properties": { "name": "Woos Kitchen" }, "geometry": { "type": "Point", "coordinates": [ -76.48519, 38.28687 ] } },
{ "type": "Feature", "properties": { "name": "Bebop Korean Mexican Grill" }, "geometry": { "type": "Point", "coordinates": [ -76.76466, 39.2878 ] } },
{ "type": "Feature", "properties": { "name": "Bobijoa" }, "geometry": { "type": "Point", "coordinates": [ -87.65496, 41.85812 ] } },
{ "type": "Feature", "properties": { "name": "BHC Chicken" }, "geometry": { "type": "Point", "coordinates": [ -117.20395, 32.89351 ] } },
{ "type": "Feature", "properties": { "name": "Adam's Chicken & Pocha" }, "geometry": { "type": "Point", "coordinates": [ -73.81186, 40.76469 ] } },
{ "type": "Feature", "properties": { "name": "Danji Korean Restaurant" }, "geometry": { "type": "Point", "coordinates": [ -79.87557, 36.06759 ] } },
{ "type": "Feature", "properties": { "name": "Jiku" }, "geometry": { "type": "Point", "coordinates": [ -73.96784, 40.64769 ] } },
{ "type": "Feature", "properties": { "name": "San Soo Kap San - Korean BBQ" }, "geometry": { "type": "Point", "coordinates": [ -73.82675, 40.76125 ] } },
{ "type": "Feature", "properties": { "name": "Mama's Korean Comfort Food" }, "geometry": { "type": "Point", "coordinates": [ -122.17066, 47.57702 ] } },
{ "type": "Feature", "properties": { "name": "K-bap" }, "geometry": { "type": "Point", "coordinates": [ -73.97716, 40.7633 ] } },
{ "type": "Feature", "properties": { "name": "Koreana" }, "geometry": { "type": "Point", "coordinates": [ -90.36553, 40.94761 ] } },
{ "type": "Feature", "properties": { "name": "Kaffeine Place - Bar & Restaurant" }, "geometry": { "type": "Point", "coordinates": [ -85.65313, 42.9704 ] } },
{ "type": "Feature", "properties": { "name": "Dae Gee Korean BBQ" }, "geometry": { "type": "Point", "coordinates": [ -105.07811, 40.58448 ] } },
{ "type": "Feature", "properties": { "name": "Yeomiji" }, "geometry": { "type": "Point", "coordinates": [ -73.80744, 40.98997 ] } },
{ "type": "Feature", "properties": { "name": "Mochiatsu" }, "geometry": { "type": "Point", "coordinates": [ -74.88029, 39.97103 ] } },
{ "type": "Feature", "properties": { "name": "bb.q Chicken" }, "geometry": { "type": "Point", "coordinates": [ -111.88863, 40.69537 ] } },
{ "type": "Feature", "properties": { "name": "Jincook" }, "geometry": { "type": "Point", "coordinates": [ -118.25481, 34.15043 ] } },
{ "type": "Feature", "properties": { "name": "K Food Express" }, "geometry": { "type": "Point", "coordinates": [ -118.04731, 33.87434 ] } },
{ "type": "Feature", "properties": { "name": "So Mun Nan" }, "geometry": { "type": "Point", "coordinates": [ -118.04838, 33.87358 ] } },
{ "type": "Feature", "properties": { "name": "Pocha Eats" }, "geometry": { "type": "Point", "coordinates": [ -118.04764, 33.87435 ] } },
{ "type": "Feature", "properties": { "name": "Topokki" }, "geometry": { "type": "Point", "coordinates": [ -84.28837, 33.90834 ] } },
{ "type": "Feature", "properties": { "name": "Kpot" }, "geometry": { "type": "Point", "coordinates": [ -74.96289, 40.09248 ] } },
{ "type": "Feature", "properties": { "name": "Bonchon Chicken" }, "geometry": { "type": "Point", "coordinates": [ -117.18944, 32.96241 ] } },
{ "type": "Feature", "properties": { "name": "Thrill" }, "geometry": { "type": "Point", "coordinates": [ -83.99222, 34.05177 ] } },
{ "type": "Feature", "properties": { "name": "Burnin99 Korean BBQ & Hotspot" }, "geometry": { "type": "Point", "coordinates": [ -80.0383, 32.9408 ] } },
{ "type": "Feature", "properties": { "name": "Bomdama" }, "geometry": { "type": "Point", "coordinates": [ -73.99757, 40.84806 ] } },
{ "type": "Feature", "properties": { "name": "Zip Fusion Sushi and KBBQ" }, "geometry": { "type": "Point", "coordinates": [ -117.55102, 33.9762 ] } },
{ "type": "Feature", "properties": { "name": "Handoo BBQ" }, "geometry": { "type": "Point", "coordinates": [ -117.15423, 32.8253 ] } },
{ "type": "Feature", "properties": { "name": "Facing East Noodle & Bar" }, "geometry": { "type": "Point", "coordinates": [ -117.15452, 32.82537 ] } },
{ "type": "Feature", "properties": { "name": "Prime Grill" }, "geometry": { "type": "Point", "coordinates": [ -117.15586, 32.82422 ] } },
{ "type": "Feature", "properties": { "name": "Song Hak Korean BBQ" }, "geometry": { "type": "Point", "coordinates": [ -117.1545, 32.82562 ] } },
{ "type": "Feature", "properties": { "name": "Jomaru Korean Hot Pot" }, "geometry": { "type": "Point", "coordinates": [ -117.1544, 32.82561 ] } },
{ "type": "Feature", "properties": { "name": "Min Sok Chon" }, "geometry": { "type": "Point", "coordinates": [ -117.15586, 32.82436 ] } },
{ "type": "Feature", "properties": { "name": "Kogi Gogi" }, "geometry": { "type": "Point", "coordinates": [ -122.46612, 37.76295 ] } },
{ "type": "Feature", "properties": { "name": "The Lotus" }, "geometry": { "type": "Point", "coordinates": [ -76.49551, 42.43975 ] } },
{ "type": "Feature", "properties": { "name": "Cupbop" }, "geometry": { "type": "Point", "coordinates": [ -113.08553, 37.65442 ] } },
{ "type": "Feature", "properties": { "name": "Woomiok" }, "geometry": { "type": "Point", "coordinates": [ -117.15395, 32.81396 ] } },
{ "type": "Feature", "properties": { "name": "Myung-Ga Gim Bap" }, "geometry": { "type": "Point", "coordinates": [ -77.27754, 38.86285 ] } },
{ "type": "Feature", "properties": { "name": "Gen Korean BBQ" }, "geometry": { "type": "Point", "coordinates": [ -117.11898, 32.91642 ] } },
{ "type": "Feature", "properties": { "name": "Olleh Korean BBQ" }, "geometry": { "type": "Point", "coordinates": [ -117.15599, 32.81951 ] } },
{ "type": "Feature", "properties": { "name": "bb.q Chicken" }, "geometry": { "type": "Point", "coordinates": [ -117.1558, 32.81979 ] } },
{ "type": "Feature", "properties": { "name": "Tofu House" }, "geometry": { "type": "Point", "coordinates": [ -117.15588, 32.82517 ] } },
{ "type": "Feature", "properties": { "name": "Young's Korean Kitchen" }, "geometry": { "type": "Point", "coordinates": [ -104.7821, 38.80741 ] } },
{ "type": "Feature", "properties": { "name": "Jeong's K-Food" }, "geometry": { "type": "Point", "coordinates": [ -122.46774, 37.7102 ] } },
{ "type": "Feature", "properties": { "name": "Bonchon Chicken" }, "geometry": { "type": "Point", "coordinates": [ -93.16366, 44.83062 ] } },
{ "type": "Feature", "properties": { "name": "BCD Tofu House" }, "geometry": { "type": "Point", "coordinates": [ -117.99758, 33.88377 ] } },
{ "type": "Feature", "properties": { "name": "Paik's Noodle" }, "geometry": { "type": "Point", "coordinates": [ -104.84664, 39.67549 ] } },
{ "type": "Feature", "properties": { "name": "Daebak" }, "geometry": { "type": "Point", "coordinates": [ -87.63257, 41.85477 ] } },
{ "type": "Feature", "properties": { "name": "So Gong Dong Korean Tofu & BBQ" }, "geometry": { "type": "Point", "coordinates": [ -87.63267, 41.85467 ] } },
{ "type": "Feature", "properties": { "name": "Sue's Korean Kitchen" }, "geometry": { "type": "Point", "coordinates": [ -117.17369, 32.90619 ] } },
{ "type": "Feature", "properties": { "name": "J6 Kimbap" }, "geometry": { "type": "Point", "coordinates": [ -88.23053, 40.10919 ] } },
{ "type": "Feature", "properties": { "name": "Cross Street Chicken and Beer" }, "geometry": { "type": "Point", "coordinates": [ -117.23233, 32.95277 ] } },
{ "type": "Feature", "properties": { "name": "Banchan Korean Deli" }, "geometry": { "type": "Point", "coordinates": [ -72.56326, 42.45128 ] } },
{ "type": "Feature", "properties": { "name": "Luv DDuk" }, "geometry": { "type": "Point", "coordinates": [ -118.07109, 33.87344 ] } },
{ "type": "Feature", "properties": { "name": "Chodang" }, "geometry": { "type": "Point", "coordinates": [ -118.07108, 33.87335 ] } },
{ "type": "Feature", "properties": { "name": "Goobne Chicken" }, "geometry": { "type": "Point", "coordinates": [ -118.07286, 33.87277 ] } },
{ "type": "Feature", "properties": { "name": "K-Pot Korean BBQ & Hot Pot" }, "geometry": { "type": "Point", "coordinates": [ -77.23665, 39.17945 ] } },
{ "type": "Feature", "properties": { "name": "Bonchon Chicken" }, "geometry": { "type": "Point", "coordinates": [ -77.34879, 38.95156 ] } },
{ "type": "Feature", "properties": { "name": "Monster Kimbap" }, "geometry": { "type": "Point", "coordinates": [ -118.31977, 33.80213 ] } },
{ "type": "Feature", "properties": { "name": "Yogi" }, "geometry": { "type": "Point", "coordinates": [ -88.23003, 40.11042 ] } },
{ "type": "Feature", "properties": { "name": "Joongmi Korean-Chinese Restaurant" }, "geometry": { "type": "Point", "coordinates": [ -77.209, 38.83369 ] } },
{ "type": "Feature", "properties": { "name": "901 Hot Pot" }, "geometry": { "type": "Point", "coordinates": [ -89.79245, 35.20673 ] } },
{ "type": "Feature", "properties": { "name": "Hak San" }, "geometry": { "type": "Point", "coordinates": [ -118.32052, 33.81949 ] } },
{ "type": "Feature", "properties": { "name": "Ssamjang" }, "geometry": { "type": "Point", "coordinates": [ -84.46777, 33.88049 ] } },
{ "type": "Feature", "properties": { "name": "Back Street BBQ & Hotpot" }, "geometry": { "type": "Point", "coordinates": [ -87.88738, 43.05792 ] } },
{ "type": "Feature", "properties": { "name": "KPOT Korean BBQ and Hot Pot" }, "geometry": { "type": "Point", "coordinates": [ -73.90708, 41.59103 ] } },
{ "type": "Feature", "properties": { "name": "Bonchon Chicken" }, "geometry": { "type": "Point", "coordinates": [ -111.93835, 33.42301 ] } },
{ "type": "Feature", "properties": { "name": "Bonchon" }, "geometry": { "type": "Point", "coordinates": [ -77.61128, 37.50327 ] } },
{ "type": "Feature", "properties": { "name": "356" }, "geometry": { "type": "Point", "coordinates": [ -117.14619, 32.7697 ] } },
{ "type": "Feature", "properties": { "name": "Urban Pocha" }, "geometry": { "type": "Point", "coordinates": [ -118.15073, 34.14477 ] } },
{ "type": "Feature", "properties": { "name": "2n1 Korean BBQ" }, "geometry": { "type": "Point", "coordinates": [ -117.15171, 33.50426 ] } },
{ "type": "Feature", "properties": { "name": "Seoul Taco" }, "geometry": { "type": "Point", "coordinates": [ -87.65549, 41.94001 ] } },
{ "type": "Feature", "properties": { "name": "Hanoo Kalbi" }, "geometry": { "type": "Point", "coordinates": [ -118.51696, 34.20148 ] } },
{ "type": "Feature", "properties": { "name": "Ramyun Studio" }, "geometry": { "type": "Point", "coordinates": [ -77.85949, 40.79515 ] } },
{ "type": "Feature", "properties": { "name": "Choi's Oriental Market" }, "geometry": { "type": "Point", "coordinates": [ -119.80954, 34.4356 ] } },
{ "type": "Feature", "properties": { "name": "Bonchon Chicken" }, "geometry": { "type": "Point", "coordinates": [ -88.90356, 40.50148 ] } },
{ "type": "Feature", "properties": { "name": "Onda" }, "geometry": { "type": "Point", "coordinates": [ -86.794, 36.153 ] } },
{ "type": "Feature", "properties": { "name": "K Pot" }, "geometry": { "type": "Point", "coordinates": [ -73.8196, 40.99522 ] } },
{ "type": "Feature", "properties": { "name": "KPOT" }, "geometry": { "type": "Point", "coordinates": [ -75.39376, 40.08839 ] } },
{ "type": "Feature", "properties": { "name": "Oishi Teriyaki" }, "geometry": { "type": "Point", "coordinates": [ -123.60132, 46.9796 ] } },
{ "type": "Feature", "properties": { "name": "Awabi" }, "geometry": { "type": "Point", "coordinates": [ -78.16627, 39.18279 ] } },
{ "type": "Feature", "properties": { "name": "Gamja TangTang" }, "geometry": { "type": "Point", "coordinates": [ -73.97015, 40.84987 ] } },
{ "type": "Feature", "properties": { "name": "Bonjuk 본죽 FortLee" }, "geometry": { "type": "Point", "coordinates": [ -73.96876, 40.85058 ] } },
{ "type": "Feature", "properties": { "name": "Fresh Bites Dosirak" }, "geometry": { "type": "Point", "coordinates": [ -73.9688, 40.85085 ] } },
{ "type": "Feature", "properties": { "name": "Shabu House AYCE 샤브하우스" }, "geometry": { "type": "Point", "coordinates": [ -73.96975, 40.85079 ] } },
{ "type": "Feature", "properties": { "name": "Sa Rit Gol" }, "geometry": { "type": "Point", "coordinates": [ -73.96865, 40.85082 ] } },
{ "type": "Feature", "properties": { "name": "Daehan Gopchang 대한곱창" }, "geometry": { "type": "Point", "coordinates": [ -73.9691, 40.85092 ] } },
{ "type": "Feature", "properties": { "name": "Gayeon" }, "geometry": { "type": "Point", "coordinates": [ -73.96884, 40.85161 ] } },
{ "type": "Feature", "properties": { "name": "Naju Tofu" }, "geometry": { "type": "Point", "coordinates": [ -119.75528, 36.85299 ] } },
{ "type": "Feature", "properties": { "name": "Gogi Go Go" }, "geometry": { "type": "Point", "coordinates": [ -77.52219, 39.04334 ] } },
{ "type": "Feature", "properties": { "name": "Ugly Rice" }, "geometry": { "type": "Point", "coordinates": [ -104.84417, 39.53703 ] } },
{ "type": "Feature", "properties": { "name": "Loopy's" }, "geometry": { "type": "Point", "coordinates": [ -73.9923, 40.74749 ] } },
{ "type": "Feature", "properties": { "name": "bibimBOOM!" }, "geometry": { "type": "Point", "coordinates": [ -117.1259, 32.9166 ] } },
{ "type": "Feature", "properties": { "name": "Ko Korean Grill" }, "geometry": { "type": "Point", "coordinates": [ -94.17151, 30.12022 ] } },
{ "type": "Feature", "properties": { "name": "Crispy Cloud" }, "geometry": { "type": "Point", "coordinates": [ -73.76915, 40.75537 ] } },
{ "type": "Feature", "properties": { "name": "KPot" }, "geometry": { "type": "Point", "coordinates": [ -75.05883, 40.04811 ] } },
{ "type": "Feature", "properties": { "name": "S365 Veggie" }, "geometry": { "type": "Point", "coordinates": [ -117.96211, 33.78988 ] } },
{ "type": "Feature", "properties": { "name": "SURA" }, "geometry": { "type": "Point", "coordinates": [ -104.73983, 38.80887 ] } },
{ "type": "Feature", "properties": { "name": "Bonchon Chicken" }, "geometry": { "type": "Point", "coordinates": [ -71.02738, 42.27101 ] } },
{ "type": "Feature", "properties": { "name": "CM Korean Fried Chicken" }, "geometry": { "type": "Point", "coordinates": [ -87.64113, 41.85421 ] } },
{ "type": "Feature", "properties": { "name": "Kogi Korean BBQ" }, "geometry": { "type": "Point", "coordinates": [ -110.88785, 32.25104 ] } },
{ "type": "Feature", "properties": { "name": "Ji-In Korean Eatery" }, "geometry": { "type": "Point", "coordinates": [ -75.71339, 39.84607 ] } },
{ "type": "Feature", "properties": { "name": "Gogi Guys Korean BBQ" }, "geometry": { "type": "Point", "coordinates": [ -76.29447, 36.8699 ] } },
{ "type": "Feature", "properties": { "name": "Norfolk Garden" }, "geometry": { "type": "Point", "coordinates": [ -76.21053, 36.85003 ] } },
{ "type": "Feature", "properties": { "name": "HQ Korean BBQ" }, "geometry": { "type": "Point", "coordinates": [ -76.20899, 36.85743 ] } },
{ "type": "Feature", "properties": { "name": "Dak & Bop" }, "geometry": { "type": "Point", "coordinates": [ -95.38242, 29.72165 ] } },
{ "type": "Feature", "properties": { "name": "Kimchi Box" }, "geometry": { "type": "Point", "coordinates": [ -83.23488, 42.66972 ] } },
{ "type": "Feature", "properties": { "name": "Daebak Korean BBQ" }, "geometry": { "type": "Point", "coordinates": [ -87.66896, 41.90469 ] } },
{ "type": "Feature", "properties": { "name": "The Junction Korean" }, "geometry": { "type": "Point", "coordinates": [ -98.41186, 34.62406 ] } },
{ "type": "Feature", "properties": { "name": "Hungry Pot" }, "geometry": { "type": "Point", "coordinates": [ -70.9994, 41.64095 ] } },
{ "type": "Feature", "properties": { "name": "Gen Korean BBQ" }, "geometry": { "type": "Point", "coordinates": [ -122.7806, 45.44933 ] } },
{ "type": "Feature", "properties": { "name": "Kpot Korean BBQ & Hot Pot" }, "geometry": { "type": "Point", "coordinates": [ -84.5564, 34.02052 ] } },
{ "type": "Feature", "properties": { "name": "Bonchon Chicken" }, "geometry": { "type": "Point", "coordinates": [ -87.84569, 41.90765 ] } },
{ "type": "Feature", "properties": { "name": "Joongmi Banjum" }, "geometry": { "type": "Point", "coordinates": [ -77.50468, 38.77718 ] } },
{ "type": "Feature", "properties": { "name": "Khan Korean Grill & Bar" }, "geometry": { "type": "Point", "coordinates": [ -77.33301, 38.674 ] } },
{ "type": "Feature", "properties": { "name": "Seoul Spice" }, "geometry": { "type": "Point", "coordinates": [ -77.07056, 38.89583 ] } },
{ "type": "Feature", "properties": { "name": "Soogil" }, "geometry": { "type": "Point", "coordinates": [ -73.98836, 40.72561 ] } },
{ "type": "Feature", "properties": { "name": "Korean Garden" }, "geometry": { "type": "Point", "coordinates": [ -77.52183, 37.50144 ] } },
{ "type": "Feature", "properties": { "name": "Korean Street Foods" }, "geometry": { "type": "Point", "coordinates": [ -73.98269, 40.72747 ] } },
{ "type": "Feature", "properties": { "name": "bb.q Chicken" }, "geometry": { "type": "Point", "coordinates": [ -118.36543, 34.09762 ] } },
{ "type": "Feature", "properties": { "name": "Ohgane Alameda x Vons Chicken" }, "geometry": { "type": "Point", "coordinates": [ -122.25201, 37.75738 ] } },
{ "type": "Feature", "properties": { "name": "Bowl'd BBQ" }, "geometry": { "type": "Point", "coordinates": [ -122.25221, 37.75761 ] } },
{ "type": "Feature", "properties": { "name": "Gogi Korean Bbq &Hot Pot" }, "geometry": { "type": "Point", "coordinates": [ -121.41887, 38.40656 ] } },
{ "type": "Feature", "properties": { "name": "Dong Hae II" }, "geometry": { "type": "Point", "coordinates": [ -93.14886, 45.05692 ] } },
{ "type": "Feature", "properties": { "name": "Jinmi Korean Cuisine" }, "geometry": { "type": "Point", "coordinates": [ -96.74682, 33.02004 ] } },
{ "type": "Feature", "properties": { "name": "Kaju Soft Tofu Restaurant" }, "geometry": { "type": "Point", "coordinates": [ -117.97725, 33.77454 ] } },
{ "type": "Feature", "properties": { "name": "Gangnam Korean Cuisine" }, "geometry": { "type": "Point", "coordinates": [ -87.56951, 37.97267 ] } },
{ "type": "Feature", "properties": { "name": "Anju House" }, "geometry": { "type": "Point", "coordinates": [ -118.30754, 34.07014 ] } },
{ "type": "Feature", "properties": { "name": "BÖP+HAGO" }, "geometry": { "type": "Point", "coordinates": [ -118.53758, 34.23649 ] } },
{ "type": "Feature", "properties": { "name": "Appa’s Pizza" }, "geometry": { "type": "Point", "coordinates": [ -73.98308, 40.73035 ] } },
{ "type": "Feature", "properties": { "name": "TaKorean" }, "geometry": { "type": "Point", "coordinates": [ -117.82302, 34.05776 ] } },
{ "type": "Feature", "properties": { "name": "Dan Sung Sa" }, "geometry": { "type": "Point", "coordinates": [ -118.29456, 34.06374 ] } },
{ "type": "Feature", "properties": { "name": "Seongbukdong" }, "geometry": { "type": "Point", "coordinates": [ -118.29438, 34.064 ] } },
{ "type": "Feature", "properties": { "name": "Panholic" }, "geometry": { "type": "Point", "coordinates": [ -117.88656, 33.91898 ] } },
{ "type": "Feature", "properties": { "name": "Kang Nam Town" }, "geometry": { "type": "Point", "coordinates": [ -78.84926, 35.78902 ] } },
{ "type": "Feature", "properties": { "name": "Su Gong Dong" }, "geometry": { "type": "Point", "coordinates": [ -78.84896, 35.78914 ] } },
{ "type": "Feature", "properties": { "name": "Oh K-Dog" }, "geometry": { "type": "Point", "coordinates": [ -73.98796, 40.72109 ] } },
{ "type": "Feature", "properties": { "name": "929 Kitchen & Bar" }, "geometry": { "type": "Point", "coordinates": [ -81.03743, 34.00026 ] } },
{ "type": "Feature", "properties": { "name": "Kobi-Q" }, "geometry": { "type": "Point", "coordinates": [ -94.58097, 39.09468 ] } },
{ "type": "Feature", "properties": { "name": "Iron Age Korean Steakhouse" }, "geometry": { "type": "Point", "coordinates": [ -84.57605, 34.00953 ] } },
{ "type": "Feature", "properties": { "name": "Two Hands Seoul Fresh Corn Dogs" }, "geometry": { "type": "Point", "coordinates": [ -84.57566, 34.00958 ] } },
{ "type": "Feature", "properties": { "name": "Jaya's Authentic Foods" }, "geometry": { "type": "Point", "coordinates": [ -87.57018, 37.9701 ] } },
{ "type": "Feature", "properties": { "name": "MOA Korean BBQ & Bar" }, "geometry": { "type": "Point", "coordinates": [ -81.03459, 34.00314 ] } },
{ "type": "Feature", "properties": { "name": "Harmony Korean Bar-B-Que" }, "geometry": { "type": "Point", "coordinates": [ -88.97792, 40.45898 ] } },
{ "type": "Feature", "properties": { "name": "Sugo Social" }, "geometry": { "type": "Point", "coordinates": [ -118.3734, 33.77208 ] } },
{ "type": "Feature", "properties": { "name": "Pi BBQ and Bar" }, "geometry": { "type": "Point", "coordinates": [ -77.05304, 38.85304 ] } },
{ "type": "Feature", "properties": { "name": "Red Ninja" }, "geometry": { "type": "Point", "coordinates": [ -86.57352, 36.21961 ] } },
{ "type": "Feature", "properties": { "name": "Seoul Bites" }, "geometry": { "type": "Point", "coordinates": [ -88.00336, 41.85867 ] } },
{ "type": "Feature", "properties": { "name": "Harbor Cafe" }, "geometry": { "type": "Point", "coordinates": [ -122.33631, 47.60935 ] } },
{ "type": "Feature", "properties": { "name": "bb.q Chicken" }, "geometry": { "type": "Point", "coordinates": [ -111.87387, 33.30729 ] } },
{ "type": "Feature", "properties": { "name": "Gen Korean BBQ" }, "geometry": { "type": "Point", "coordinates": [ -111.87305, 33.3074 ] } },
{ "type": "Feature", "properties": { "name": "Bonchon Chicken" }, "geometry": { "type": "Point", "coordinates": [ -111.68378, 40.27483 ] } },
{ "type": "Feature", "properties": { "name": "Wing Madness" }, "geometry": { "type": "Point", "coordinates": [ -89.70532, 39.68427 ] } },
{ "type": "Feature", "properties": { "name": "Maroo Korean BBQ & Catering" }, "geometry": { "type": "Point", "coordinates": [ -121.43673, 37.75542 ] } },
{ "type": "Feature", "properties": { "name": "Jong-Ro Chicken" }, "geometry": { "type": "Point", "coordinates": [ -115.22204, 36.12521 ] } },
{ "type": "Feature", "properties": { "name": "Tasty Korean BBQ" }, "geometry": { "type": "Point", "coordinates": [ -76.17546, 36.80111 ] } },
{ "type": "Feature", "properties": { "name": "CM Chicken" }, "geometry": { "type": "Point", "coordinates": [ -87.68544, 42.0472 ] } },
{ "type": "Feature", "properties": { "name": "Pelicana Chicken" }, "geometry": { "type": "Point", "coordinates": [ -77.15325, 39.08435 ] } },
{ "type": "Feature", "properties": { "name": "Stone Korean Restaurant" }, "geometry": { "type": "Point", "coordinates": [ -122.10477, 47.66743 ] } },
{ "type": "Feature", "properties": { "name": "Chodang Tofu" }, "geometry": { "type": "Point", "coordinates": [ -117.7143, 33.98342 ] } },
{ "type": "Feature", "properties": { "name": "Hongdae Korean BBQ" }, "geometry": { "type": "Point", "coordinates": [ -95.55326, 29.70359 ] } },
{ "type": "Feature", "properties": { "name": "L.A. Myung Dong Kyoja" }, "geometry": { "type": "Point", "coordinates": [ -95.5546, 29.70525 ] } },
{ "type": "Feature", "properties": { "name": "Tofu Restaurant" }, "geometry": { "type": "Point", "coordinates": [ -95.55357, 29.70645 ] } },
{ "type": "Feature", "properties": { "name": "bb.q Chicken" }, "geometry": { "type": "Point", "coordinates": [ -95.55491, 29.70647 ] } },
{ "type": "Feature", "properties": { "name": "Tofu Village" }, "geometry": { "type": "Point", "coordinates": [ -95.55255, 29.70262 ] } },
{ "type": "Feature", "properties": { "name": "Ohn" }, "geometry": { "type": "Point", "coordinates": [ -95.54976, 29.70754 ] } },
{ "type": "Feature", "properties": { "name": "Yukdaejang" }, "geometry": { "type": "Point", "coordinates": [ -95.55222, 29.70613 ] } },
{ "type": "Feature", "properties": { "name": "Two Hands Seoul Fresh Corn Dogs" }, "geometry": { "type": "Point", "coordinates": [ -95.54976, 29.70452 ] } },
{ "type": "Feature", "properties": { "name": "Soho Chicken" }, "geometry": { "type": "Point", "coordinates": [ -95.54915, 29.70452 ] } },
{ "type": "Feature", "properties": { "name": "Captain Bhang" }, "geometry": { "type": "Point", "coordinates": [ -95.54983, 29.70452 ] } },
{ "type": "Feature", "properties": { "name": "Honey Pig" }, "geometry": { "type": "Point", "coordinates": [ -95.54399, 29.70652 ] } },
{ "type": "Feature", "properties": { "name": "Jang Choong Dong" }, "geometry": { "type": "Point", "coordinates": [ -95.54399, 29.7062 ] } },
{ "type": "Feature", "properties": { "name": "Lucky Palace" }, "geometry": { "type": "Point", "coordinates": [ -95.53481, 29.70583 ] } },
{ "type": "Feature", "properties": { "name": "ChixChixPorkPork" }, "geometry": { "type": "Point", "coordinates": [ -95.54038, 29.70576 ] } },
{ "type": "Feature", "properties": { "name": "Hanshin Pocha" }, "geometry": { "type": "Point", "coordinates": [ -95.77085, 29.78928 ] } },
{ "type": "Feature", "properties": { "name": "HUNGRY-COW K BBQ" }, "geometry": { "type": "Point", "coordinates": [ -121.988, 37.52077 ] } },
{ "type": "Feature", "properties": { "name": "CHICKENPLE" }, "geometry": { "type": "Point", "coordinates": [ -74.13737, 40.78296 ] } },
{ "type": "Feature", "properties": { "name": "Munchyroad" }, "geometry": { "type": "Point", "coordinates": [ -115.22555, 36.11614 ] } },
{ "type": "Feature", "properties": { "name": "Jiang Niu BBQ House" }, "geometry": { "type": "Point", "coordinates": [ -87.65214, 41.90884 ] } },
{ "type": "Feature", "properties": { "name": "Hungry Pot" }, "geometry": { "type": "Point", "coordinates": [ -73.29871, 41.13749 ] } },
{ "type": "Feature", "properties": { "name": "Bonchon Chicken" }, "geometry": { "type": "Point", "coordinates": [ -95.79224, 29.7845 ] } },
{ "type": "Feature", "properties": { "name": "Koko Chicken 92" }, "geometry": { "type": "Point", "coordinates": [ -80.26313, 26.16681 ] } },
{ "type": "Feature", "properties": { "name": "Krave Teriyaki" }, "geometry": { "type": "Point", "coordinates": [ -97.5649, 35.3601 ] } },
{ "type": "Feature", "properties": { "name": "Snowtime" }, "geometry": { "type": "Point", "coordinates": [ -111.97783, 33.31737 ] } },
{ "type": "Feature", "properties": { "name": "CrunCheese Korean Hot Dog" }, "geometry": { "type": "Point", "coordinates": [ -115.26169, 36.01911 ] } },
{ "type": "Feature", "properties": { "name": "Gen Korean BBQ" }, "geometry": { "type": "Point", "coordinates": [ -95.59633, 29.73726 ] } },
{ "type": "Feature", "properties": { "name": "Soyo Flamingo" }, "geometry": { "type": "Point", "coordinates": [ -115.2008, 36.11483 ] } },
{ "type": "Feature", "properties": { "name": "Paik's Noodle" }, "geometry": { "type": "Point", "coordinates": [ -119.77287, 36.8508 ] } },
{ "type": "Feature", "properties": { "name": "Kpot" }, "geometry": { "type": "Point", "coordinates": [ -102.34432, 31.8917 ] } },
{ "type": "Feature", "properties": { "name": "Town Hof and Thanks Chicken" }, "geometry": { "type": "Point", "coordinates": [ -118.30843, 34.04935 ] } },
{ "type": "Feature", "properties": { "name": "Mochiatsu Donut Media" }, "geometry": { "type": "Point", "coordinates": [ -75.38592, 39.92613 ] } },
{ "type": "Feature", "properties": { "name": "Egg Happiness" }, "geometry": { "type": "Point", "coordinates": [ -121.87615, 37.70481 ] } },
{ "type": "Feature", "properties": { "name": "Otto Kitchen" }, "geometry": { "type": "Point", "coordinates": [ -118.04534, 33.87296 ] } },
{ "type": "Feature", "properties": { "name": "Jumong Pocha" }, "geometry": { "type": "Point", "coordinates": [ -73.97029, 40.84761 ] } },
{ "type": "Feature", "properties": { "name": "Yea Jip" }, "geometry": { "type": "Point", "coordinates": [ -73.97174, 40.85187 ] } },
{ "type": "Feature", "properties": { "name": "Seoul Korean BBQ" }, "geometry": { "type": "Point", "coordinates": [ -104.796, 38.96277 ] } },
{ "type": "Feature", "properties": { "name": "K Sushi & Bar" }, "geometry": { "type": "Point", "coordinates": [ -73.9872, 40.74717 ] } },
{ "type": "Feature", "properties": { "name": "KPOT" }, "geometry": { "type": "Point", "coordinates": [ -111.94106, 40.64891 ] } },
{ "type": "Feature", "properties": { "name": "Kimchichanga" }, "geometry": { "type": "Point", "coordinates": [ -117.33803, 33.97597 ] } },
{ "type": "Feature", "properties": { "name": "Ember Korean BBQ" }, "geometry": { "type": "Point", "coordinates": [ -121.39206, 38.42664 ] } },
{ "type": "Feature", "properties": { "name": "E.M. Bop Korean BBQ" }, "geometry": { "type": "Point", "coordinates": [ -84.58316, 34.00024 ] } },
{ "type": "Feature", "properties": { "name": "Bb.q Chicken" }, "geometry": { "type": "Point", "coordinates": [ -97.5576, 35.62326 ] } },
{ "type": "Feature", "properties": { "name": "Chill Spot" }, "geometry": { "type": "Point", "coordinates": [ -86.78974, 36.02644 ] } },
{ "type": "Feature", "properties": { "name": "Pelicana Chicken" }, "geometry": { "type": "Point", "coordinates": [ -77.90416, 40.80935 ] } },
{ "type": "Feature", "properties": { "name": "Soo Cafe RALEIGH" }, "geometry": { "type": "Point", "coordinates": [ -78.59606, 35.81715 ] } },
{ "type": "Feature", "properties": { "name": "ONMI" }, "geometry": { "type": "Point", "coordinates": [ -122.34594, 47.72464 ] } },
{ "type": "Feature", "properties": { "name": "bb.q Chicken" }, "geometry": { "type": "Point", "coordinates": [ -83.00855, 40.00589 ] } },
{ "type": "Feature", "properties": { "name": "Cupbop" }, "geometry": { "type": "Point", "coordinates": [ -111.94248, 40.67183 ] } },
{ "type": "Feature", "properties": { "name": "An Nyeong K Tofu & BBQ" }, "geometry": { "type": "Point", "coordinates": [ -97.73906, 30.32154 ] } },
{ "type": "Feature", "properties": { "name": "Q Korean BBQ & Revolving Sushi" }, "geometry": { "type": "Point", "coordinates": [ -84.56362, 34.01358 ] } },
{ "type": "Feature", "properties": { "name": "So Gong Dong Tofu & BBQ" }, "geometry": { "type": "Point", "coordinates": [ -73.99989, 40.84482 ] } },
{ "type": "Feature", "properties": { "name": "Kim's Korean Corn Dogs" }, "geometry": { "type": "Point", "coordinates": [ -74.00928, 40.63556 ] } },
{ "type": "Feature", "properties": { "name": "Corn'd Korean Corndogs" }, "geometry": { "type": "Point", "coordinates": [ -120.84992, 37.51752 ] } },
{ "type": "Feature", "properties": { "name": "Nubiani" }, "geometry": { "type": "Point", "coordinates": [ -73.98535, 40.74697 ] } },
{ "type": "Feature", "properties": { "name": "Teri & Yaki" }, "geometry": { "type": "Point", "coordinates": [ -118.13262, 34.14997 ] } },
{ "type": "Feature", "properties": { "name": "Oo-Kook Korean BBQ" }, "geometry": { "type": "Point", "coordinates": [ -118.30285, 34.058 ] } },
{ "type": "Feature", "properties": { "name": "Sushi Ninja Tampa" }, "geometry": { "type": "Point", "coordinates": [ -82.49177, 27.94453 ] } },
{ "type": "Feature", "properties": { "name": "Chadol Korean BBQ" }, "geometry": { "type": "Point", "coordinates": [ -77.1768, 39.09044 ] } },
{ "type": "Feature", "properties": { "name": "Honey Pig BBQ" }, "geometry": { "type": "Point", "coordinates": [ -76.93895, 38.98034 ] } },
{ "type": "Feature", "properties": { "name": "Tacowa" }, "geometry": { "type": "Point", "coordinates": [ -80.08455, 26.35066 ] } },
{ "type": "Feature", "properties": { "name": "Red Palace" }, "geometry": { "type": "Point", "coordinates": [ -118.07214, 33.85973 ] } },
{ "type": "Feature", "properties": { "name": "Fitlife Foods" }, "geometry": { "type": "Point", "coordinates": [ -84.38195, 33.85507 ] } },
{ "type": "Feature", "properties": { "name": "Fitlife Foods" }, "geometry": { "type": "Point", "coordinates": [ -81.48069, 28.45038 ] } },
{ "type": "Feature", "properties": { "name": "Fitlife Foods" }, "geometry": { "type": "Point", "coordinates": [ -80.12547, 26.36752 ] } },
{ "type": "Feature", "properties": { "name": "Fitlife Foods" }, "geometry": { "type": "Point", "coordinates": [ -82.70845, 28.01134 ] } },
{ "type": "Feature", "properties": { "name": "Fitlife Foods" }, "geometry": { "type": "Point", "coordinates": [ -82.32757, 27.9224 ] } },
{ "type": "Feature", "properties": { "name": "Fitlife Foods" }, "geometry": { "type": "Point", "coordinates": [ -80.11664, 26.15618 ] } },
{ "type": "Feature", "properties": { "name": "Fitlife Foods" }, "geometry": { "type": "Point", "coordinates": [ -80.25205, 26.10738 ] } },
{ "type": "Feature", "properties": { "name": "Fitlife Foods" }, "geometry": { "type": "Point", "coordinates": [ -82.35444, 28.18343 ] } },
{ "type": "Feature", "properties": { "name": "Fitlife Foods" }, "geometry": { "type": "Point", "coordinates": [ -81.3648, 28.59706 ] } },
{ "type": "Feature", "properties": { "name": "Jeonju Hyundaiok" }, "geometry": { "type": "Point", "coordinates": [ -118.30955, 34.07476 ] } },
{ "type": "Feature", "properties": { "name": "bb.q Chicken" }, "geometry": { "type": "Point", "coordinates": [ -88.22133, 40.10635 ] } },
{ "type": "Feature", "properties": { "name": "Banchan Village" }, "geometry": { "type": "Point", "coordinates": [ -115.29875, 36.07163 ] } },
{ "type": "Feature", "properties": { "name": "San Maru" }, "geometry": { "type": "Point", "coordinates": [ -88.29611, 40.08198 ] } },
{ "type": "Feature", "properties": { "name": "Kokee Kitchen" }, "geometry": { "type": "Point", "coordinates": [ -76.81747, 39.22677 ] } },
{ "type": "Feature", "properties": { "name": "KPOT Korean BBQ & Hot Pot" }, "geometry": { "type": "Point", "coordinates": [ -76.8541, 39.09726 ] } },
{ "type": "Feature", "properties": { "name": "Bonchon Chicken" }, "geometry": { "type": "Point", "coordinates": [ -121.8495, 37.69692 ] } },
{ "type": "Feature", "properties": { "name": "Heoya" }, "geometry": { "type": "Point", "coordinates": [ -96.70001, 40.73774 ] } },
{ "type": "Feature", "properties": { "name": "Jongro Kimbap" }, "geometry": { "type": "Point", "coordinates": [ -104.86432, 39.66894 ] } },
{ "type": "Feature", "properties": { "name": "Kim's Restaurant" }, "geometry": { "type": "Point", "coordinates": [ -75.129, 40.0422 ] } },
{ "type": "Feature", "properties": { "name": "KupBop" }, "geometry": { "type": "Point", "coordinates": [ -84.12455, 39.7014 ] } },
{ "type": "Feature", "properties": { "name": "Troy Botanical Garden Buffet" }, "geometry": { "type": "Point", "coordinates": [ -73.61701, 42.75465 ] } },
{ "type": "Feature", "properties": { "name": "Cafe MiMi" }, "geometry": { "type": "Point", "coordinates": [ -89.42396, 43.06769 ] } },
{ "type": "Feature", "properties": { "name": "Woo Ri Restaurant" }, "geometry": { "type": "Point", "coordinates": [ -104.86177, 39.66843 ] } },
{ "type": "Feature", "properties": { "name": "bb.q chicken" }, "geometry": { "type": "Point", "coordinates": [ -117.2601, 34.06365 ] } },
{ "type": "Feature", "properties": { "name": "Puzukan" }, "geometry": { "type": "Point", "coordinates": [ -77.16497, 38.73998 ] } },
{ "type": "Feature", "properties": { "name": "Ahjoomah's Apron" }, "geometry": { "type": "Point", "coordinates": [ -87.63264, 41.85303 ] } },
{ "type": "Feature", "properties": { "name": "Simmer & Steamer" }, "geometry": { "type": "Point", "coordinates": [ -122.26793, 37.87165 ] } },
{ "type": "Feature", "properties": { "name": "Nuevo Seoul" }, "geometry": { "type": "Point", "coordinates": [ -83.04875, 42.32921 ] } },
{ "type": "Feature", "properties": { "name": "KPOT  Korean BBQ & Hot Pot" }, "geometry": { "type": "Point", "coordinates": [ -83.06018, 40.06501 ] } },
{ "type": "Feature", "properties": { "name": "Red Palace" }, "geometry": { "type": "Point", "coordinates": [ -118.06489, 33.85765 ] } },
{ "type": "Feature", "properties": { "name": "Daejanggum" }, "geometry": { "type": "Point", "coordinates": [ -84.28768, 33.90757 ] } },
{ "type": "Feature", "properties": { "name": "Pelicana Chicken" }, "geometry": { "type": "Point", "coordinates": [ -84.28773, 33.90753 ] } },
{ "type": "Feature", "properties": { "name": "Oh K-dog & Egg Toast" }, "geometry": { "type": "Point", "coordinates": [ -84.28779, 33.9075 ] } },
{ "type": "Feature", "properties": { "name": "Beijing House" }, "geometry": { "type": "Point", "coordinates": [ -84.28784, 33.90746 ] } },
{ "type": "Feature", "properties": { "name": "T1 Bento & Grill" }, "geometry": { "type": "Point", "coordinates": [ -84.28789, 33.90742 ] } },
{ "type": "Feature", "properties": { "name": "Yaki Yaki" }, "geometry": { "type": "Point", "coordinates": [ -84.28795, 33.90738 ] } },
{ "type": "Feature", "properties": { "name": "DOMA The Korean BBQ" }, "geometry": { "type": "Point", "coordinates": [ -115.20524, 35.99592 ] } },
{ "type": "Feature", "properties": { "name": "ON + ON Fresh Korean Kitchen" }, "geometry": { "type": "Point", "coordinates": [ -118.29987, 33.85445 ] } },
{ "type": "Feature", "properties": { "name": "Dae Bak Korean Restaurant" }, "geometry": { "type": "Point", "coordinates": [ -104.86158, 39.66838 ] } },
{ "type": "Feature", "properties": { "name": "Mama Kim's" }, "geometry": { "type": "Point", "coordinates": [ -79.9358, 32.78484 ] } },
{ "type": "Feature", "properties": { "name": "Calvin's Korean Chicken" }, "geometry": { "type": "Point", "coordinates": [ -117.23344, 32.87002 ] } },
{ "type": "Feature", "properties": { "name": "Rice Bar" }, "geometry": { "type": "Point", "coordinates": [ -77.02379, 38.89466 ] } },
{ "type": "Feature", "properties": { "name": "Paik's Noodle" }, "geometry": { "type": "Point", "coordinates": [ -87.86783, 42.08517 ] } },
{ "type": "Feature", "properties": { "name": "So Gong Dong Tofu & .BB.Q." }, "geometry": { "type": "Point", "coordinates": [ -87.8677, 42.08503 ] } },
{ "type": "Feature", "properties": { "name": "Korean restaurant" }, "geometry": { "type": "Point", "coordinates": [ -118.36494, 33.83797 ] } },
{ "type": "Feature", "properties": { "name": "K-Pub Korean Cuisine & Karaoke" }, "geometry": { "type": "Point", "coordinates": [ -97.815, 30.46151 ] } },
{ "type": "Feature", "properties": { "name": "1981 K-Chicken" }, "geometry": { "type": "Point", "coordinates": [ -94.70256, 38.94061 ] } },
{ "type": "Feature", "properties": { "name": "BaekGa" }, "geometry": { "type": "Point", "coordinates": [ -104.9025, 39.72042 ] } },
{ "type": "Feature", "properties": { "name": "Sobahn 82" }, "geometry": { "type": "Point", "coordinates": [ -95.95868, 36.14685 ] } },
{ "type": "Feature", "properties": { "name": "Yuk Dae Jang" }, "geometry": { "type": "Point", "coordinates": [ -118.10993, 34.10224 ] } },
{ "type": "Feature", "properties": { "name": "SeoulSpice" }, "geometry": { "type": "Point", "coordinates": [ -87.62472, 41.88262 ] } },
{ "type": "Feature", "properties": { "name": "Modoo Hansang" }, "geometry": { "type": "Point", "coordinates": [ -122.19149, 47.76655 ] } },
{ "type": "Feature", "properties": { "name": "bb.q Chicken" }, "geometry": { "type": "Point", "coordinates": [ -87.63047, 41.85474 ] } },
{ "type": "Feature", "properties": { "name": "Burning Rice" }, "geometry": { "type": "Point", "coordinates": [ -97.17772, 32.86333 ] } },
{ "type": "Feature", "properties": { "name": "kimchi 2" }, "geometry": { "type": "Point", "coordinates": [ -81.11948, 31.99719 ] } },
{ "type": "Feature", "properties": { "name": "Kopo Krunch" }, "geometry": { "type": "Point", "coordinates": [ -118.55586, 34.23865 ] } },
{ "type": "Feature", "properties": { "name": "Hyeban" }, "geometry": { "type": "Point", "coordinates": [ -76.83462, 39.27855 ] } },
{ "type": "Feature", "properties": { "name": "Wo Ri Jib" }, "geometry": { "type": "Point", "coordinates": [ -76.85746, 39.27857 ] } },
{ "type": "Feature", "properties": { "name": "KPOT Korean BBQ & Hot Pot" }, "geometry": { "type": "Point", "coordinates": [ -94.58845, 39.24785 ] } },
{ "type": "Feature", "properties": { "name": "Pocha 54 Korean Tapas" }, "geometry": { "type": "Point", "coordinates": [ -111.96499, 33.67567 ] } },
{ "type": "Feature", "properties": { "name": "Korean B.B.Q & Revolving Sushi" }, "geometry": { "type": "Point", "coordinates": [ -86.67579, 34.74153 ] } },
{ "type": "Feature", "properties": { "name": "Seedz" }, "geometry": { "type": "Point", "coordinates": [ -106.83841, 40.48815 ] } },
{ "type": "Feature", "properties": { "name": "Bonchon Chicken" }, "geometry": { "type": "Point", "coordinates": [ -71.35382, 42.63005 ] } },
{ "type": "Feature", "properties": { "name": "Yumbii @Moores Mill" }, "geometry": { "type": "Point", "coordinates": [ -84.44947, 33.81975 ] } },
{ "type": "Feature", "properties": { "name": "Bonchon Chicken" }, "geometry": { "type": "Point", "coordinates": [ -77.43717, 38.83763 ] } },
{ "type": "Feature", "properties": { "name": "Honest Grill" }, "geometry": { "type": "Point", "coordinates": [ -77.4376, 38.83732 ] } },
{ "type": "Feature", "properties": { "name": "Bonchon Chicken" }, "geometry": { "type": "Point", "coordinates": [ -97.06654, 33.03577 ] } },
{ "type": "Feature", "properties": { "name": "Chung Dam" }, "geometry": { "type": "Point", "coordinates": [ -118.07272, 33.85925 ] } },
{ "type": "Feature", "properties": { "name": "Bibimbowl" }, "geometry": { "type": "Point", "coordinates": [ -122.0422, 37.39002 ] } },
{ "type": "Feature", "properties": { "name": "KPot Korean BBQ & Hot Pot" }, "geometry": { "type": "Point", "coordinates": [ -98.58765, 29.5569 ] } },
{ "type": "Feature", "properties": { "name": "Gen Korean BBQ" }, "geometry": { "type": "Point", "coordinates": [ -98.58174, 29.54894 ] } },
{ "type": "Feature", "properties": { "name": "KPOT" }, "geometry": { "type": "Point", "coordinates": [ -75.65389, 39.68794 ] } },
{ "type": "Feature", "properties": { "name": "bb.q Chicken" }, "geometry": { "type": "Point", "coordinates": [ -97.14033, 33.23075 ] } },
{ "type": "Feature", "properties": { "name": "bb.q Chicken" }, "geometry": { "type": "Point", "coordinates": [ -118.53498, 34.23602 ] } },
{ "type": "Feature", "properties": { "name": "KO Chicken" }, "geometry": { "type": "Point", "coordinates": [ -104.67862, 38.94271 ] } },
{ "type": "Feature", "properties": { "name": "Kalbi Social Club" }, "geometry": { "type": "Point", "coordinates": [ -117.7463, 33.65201 ] } },
{ "type": "Feature", "properties": { "name": "Pelicana Chicken" }, "geometry": { "type": "Point", "coordinates": [ -73.98619, 40.74765 ] } },
{ "type": "Feature", "properties": { "name": "Korean restaurant" }, "geometry": { "type": "Point", "coordinates": [ -118.07076, 33.8583 ] } },
{ "type": "Feature", "properties": { "name": "Ziggle BBQ" }, "geometry": { "type": "Point", "coordinates": [ -118.07012, 33.8582 ] } },
{ "type": "Feature", "properties": { "name": "Tokyo Sushi Korean BBQ" }, "geometry": { "type": "Point", "coordinates": [ -74.12084, 40.61293 ] } },
{ "type": "Feature", "properties": { "name": "GUE ZIP" }, "geometry": { "type": "Point", "coordinates": [ -121.77053, 37.68094 ] } },
{ "type": "Feature", "properties": { "name": "Korner Roll N Bowl" }, "geometry": { "type": "Point", "coordinates": [ -121.74228, 37.69708 ] } },
{ "type": "Feature", "properties": { "name": "Burger Seoul" }, "geometry": { "type": "Point", "coordinates": [ -122.46228, 47.2567 ] } },
{ "type": "Feature", "properties": { "name": "Restaurant Silla" }, "geometry": { "type": "Point", "coordinates": [ -83.06765, 40.05636 ] } },
{ "type": "Feature", "properties": { "name": "Jeju Noodle Bar" }, "geometry": { "type": "Point", "coordinates": [ -74.00733, 40.73301 ] } },
{ "type": "Feature", "properties": { "name": "Sun Nong Dan" }, "geometry": { "type": "Point", "coordinates": [ -118.08758, 34.10424 ] } },
{ "type": "Feature", "properties": { "name": "Gemstone" }, "geometry": { "type": "Point", "coordinates": [ -88.123, 41.7979 ] } },
{ "type": "Feature", "properties": { "name": "bb.q Chicken" }, "geometry": { "type": "Point", "coordinates": [ -88.12315, 41.79767 ] } },
{ "type": "Feature", "properties": { "name": "Cho Dang Tofu & BBQ" }, "geometry": { "type": "Point", "coordinates": [ -88.12306, 41.79782 ] } },
{ "type": "Feature", "properties": { "name": "Snack House" }, "geometry": { "type": "Point", "coordinates": [ -88.12313, 41.79771 ] } },
{ "type": "Feature", "properties": { "name": "Fry N' Wings" }, "geometry": { "type": "Point", "coordinates": [ -88.11233, 41.94006 ] } },
{ "type": "Feature", "properties": { "name": "Seoul Korean Restaurant" }, "geometry": { "type": "Point", "coordinates": [ -111.97406, 41.09831 ] } },
{ "type": "Feature", "properties": { "name": "Ttowa Korean Bistro" }, "geometry": { "type": "Point", "coordinates": [ -87.98579, 42.08366 ] } },
{ "type": "Feature", "properties": { "name": "KPOT Korean BBQ & Hot Pot" }, "geometry": { "type": "Point", "coordinates": [ -102.15528, 32.01016 ] } },
{ "type": "Feature", "properties": { "name": "A Ri Rang Tofu House" }, "geometry": { "type": "Point", "coordinates": [ -118.09323, 34.08048 ] } },
{ "type": "Feature", "properties": { "name": "Bonchon Chicken" }, "geometry": { "type": "Point", "coordinates": [ -111.94999, 33.34954 ] } },
{ "type": "Feature", "properties": { "name": "Bonchon Chicken" }, "geometry": { "type": "Point", "coordinates": [ -117.92105, 33.67364 ] } },
{ "type": "Feature", "properties": { "name": "Han Bat Restaurant" }, "geometry": { "type": "Point", "coordinates": [ -87.69727, 41.9682 ] } },
{ "type": "Feature", "properties": { "name": "Seoul Garden" }, "geometry": { "type": "Point", "coordinates": [ -79.88297, 36.07181 ] } },
{ "type": "Feature", "properties": { "name": "Hae Wa Dall" }, "geometry": { "type": "Point", "coordinates": [ -87.83947, 42.05522 ] } },
{ "type": "Feature", "properties": { "name": "Soy Tofu" }, "geometry": { "type": "Point", "coordinates": [ -118.04663, 33.8472 ] } },
{ "type": "Feature", "properties": { "name": "Kyodong Noodle" }, "geometry": { "type": "Point", "coordinates": [ -118.04712, 33.84725 ] } },
{ "type": "Feature", "properties": { "name": "Jongro Kimbap (종로김밥)" }, "geometry": { "type": "Point", "coordinates": [ -118.04777, 33.84685 ] } },
{ "type": "Feature", "properties": { "name": "Jangmo Jip Restaurant" }, "geometry": { "type": "Point", "coordinates": [ -118.04777, 33.84672 ] } },
{ "type": "Feature", "properties": { "name": "I'm Korean BBQ & Sushi" }, "geometry": { "type": "Point", "coordinates": [ -92.34155, 38.89908 ] } },
{ "type": "Feature", "properties": { "name": "Bonchon Chicken" }, "geometry": { "type": "Point", "coordinates": [ -88.04437, 42.05123 ] } },
{ "type": "Feature", "properties": { "name": "Chi Maek" }, "geometry": { "type": "Point", "coordinates": [ -76.22012, 40.02676 ] } },
{ "type": "Feature", "properties": { "name": "Gopchang Story" }, "geometry": { "type": "Point", "coordinates": [ -71.11973, 42.35185 ] } },
{ "type": "Feature", "properties": { "name": "Krave Korean Grill" }, "geometry": { "type": "Point", "coordinates": [ -84.42576, 33.81093 ] } },
{ "type": "Feature", "properties": { "name": "Top Pot KBBQ" }, "geometry": { "type": "Point", "coordinates": [ -74.94271, 40.02055 ] } },
{ "type": "Feature", "properties": { "name": "SNM 108" }, "geometry": { "type": "Point", "coordinates": [ -85.07591, 33.58007 ] } },
{ "type": "Feature", "properties": { "name": "KPOT" }, "geometry": { "type": "Point", "coordinates": [ -73.81523, 42.71105 ] } },
{ "type": "Feature", "properties": { "name": "bb.q Chicken" }, "geometry": { "type": "Point", "coordinates": [ -71.11394, 42.31303 ] } },
{ "type": "Feature", "properties": { "name": "Thanks Chicken" }, "geometry": { "type": "Point", "coordinates": [ -118.31427, 33.78977 ] } },
{ "type": "Feature", "properties": { "name": "Moohan KBBQ" }, "geometry": { "type": "Point", "coordinates": [ -118.29826, 34.06265 ] } },
{ "type": "Feature", "properties": { "name": "Sorimmara" }, "geometry": { "type": "Point", "coordinates": [ -118.29752, 34.0632 ] } },
{ "type": "Feature", "properties": { "name": "Bumble Bees" }, "geometry": { "type": "Point", "coordinates": [ -111.66612, 40.25109 ] } },
{ "type": "Feature", "properties": { "name": "Seoul Drop" }, "geometry": { "type": "Point", "coordinates": [ -77.59275, 43.12047 ] } },
{ "type": "Feature", "properties": { "name": "K House" }, "geometry": { "type": "Point", "coordinates": [ -83.06019, 40.06474 ] } },
{ "type": "Feature", "properties": { "name": "BROKEN MOUTH" }, "geometry": { "type": "Point", "coordinates": [ -118.25074, 34.04266 ] } },
{ "type": "Feature", "properties": { "name": "Flame Broiler" }, "geometry": { "type": "Point", "coordinates": [ -79.79711, 36.13325 ] } },
{ "type": "Feature", "properties": { "name": "Taylor Seoul Food" }, "geometry": { "type": "Point", "coordinates": [ -97.41418, 30.5745 ] } },
{ "type": "Feature", "properties": { "name": "Paik's Noodle" }, "geometry": { "type": "Point", "coordinates": [ -121.84428, 37.25012 ] } },
{ "type": "Feature", "properties": { "name": "Pocha House" }, "geometry": { "type": "Point", "coordinates": [ -121.48405, 38.56902 ] } },
{ "type": "Feature", "properties": { "name": "Son Son" }, "geometry": { "type": "Point", "coordinates": [ -111.98613, 41.30529 ] } },
{ "type": "Feature", "properties": { "name": "Tilly Kitchen" }, "geometry": { "type": "Point", "coordinates": [ -77.42518, 38.89491 ] } },
{ "type": "Feature", "properties": { "name": "KPOT Korean BBQ & Hot Pot" }, "geometry": { "type": "Point", "coordinates": [ -76.25395, 36.9146 ] } },
{ "type": "Feature", "properties": { "name": "Asahi Korean Restaurant" }, "geometry": { "type": "Point", "coordinates": [ -76.14073, 36.89425 ] } },
{ "type": "Feature", "properties": { "name": "Korilla BBQ" }, "geometry": { "type": "Point", "coordinates": [ -73.84513, 40.74986 ] } },
{ "type": "Feature", "properties": { "name": "Joy Teriyaki" }, "geometry": { "type": "Point", "coordinates": [ -122.69453, 47.64901 ] } },
{ "type": "Feature", "properties": { "name": "KPOT" }, "geometry": { "type": "Point", "coordinates": [ -116.35359, 43.63551 ] } },
{ "type": "Feature", "properties": { "name": "Kinchana" }, "geometry": { "type": "Point", "coordinates": [ -117.07341, 32.75886 ] } },
{ "type": "Feature", "properties": { "name": "Shila Korean BBQ" }, "geometry": { "type": "Point", "coordinates": [ -119.84393, 36.80943 ] } },
{ "type": "Feature", "properties": { "name": "Firepan Korean BBQ" }, "geometry": { "type": "Point", "coordinates": [ -77.02615, 38.99426 ] } },
{ "type": "Feature", "properties": { "name": "Rock & Noodles" }, "geometry": { "type": "Point", "coordinates": [ -119.83124, 36.80763 ] } },
{ "type": "Feature", "properties": { "name": "9292 Korean BBQ" }, "geometry": { "type": "Point", "coordinates": [ -77.1919, 38.82917 ] } },
{ "type": "Feature", "properties": { "name": "bb.q Chicken" }, "geometry": { "type": "Point", "coordinates": [ -77.19172, 38.82876 ] } },
{ "type": "Feature", "properties": { "name": "Red Holic" }, "geometry": { "type": "Point", "coordinates": [ -77.19153, 38.8286 ] } },
{ "type": "Feature", "properties": { "name": "Gooyi Gooyi" }, "geometry": { "type": "Point", "coordinates": [ -121.96578, 37.35277 ] } },
{ "type": "Feature", "properties": { "name": "Cupbop - Korean BBQ in a cup" }, "geometry": { "type": "Point", "coordinates": [ -111.71364, 40.27819 ] } },
{ "type": "Feature", "properties": { "name": "Korean Seoul Cupbap Chicken" }, "geometry": { "type": "Point", "coordinates": [ -76.17424, 36.86207 ] } },
{ "type": "Feature", "properties": { "name": "From The Seoul" }, "geometry": { "type": "Point", "coordinates": [ -70.98696, 41.65014 ] } },
{ "type": "Feature", "properties": { "name": "Green Apple PHOever" }, "geometry": { "type": "Point", "coordinates": [ -87.63115, 41.88185 ] } },
{ "type": "Feature", "properties": { "name": "Jumak Cafe & Bistro" }, "geometry": { "type": "Point", "coordinates": [ -76.85717, 39.28125 ] } },
{ "type": "Feature", "properties": { "name": "Seoul Bowl" }, "geometry": { "type": "Point", "coordinates": [ -122.46758, 47.21529 ] } },
{ "type": "Feature", "properties": { "name": "K Bap Express" }, "geometry": { "type": "Point", "coordinates": [ -77.12806, 39.06352 ] } },
{ "type": "Feature", "properties": { "name": "Dean's Wings & K-Kitchen" }, "geometry": { "type": "Point", "coordinates": [ -84.25774, 33.96699 ] } },
{ "type": "Feature", "properties": { "name": "Don Chicken" }, "geometry": { "type": "Point", "coordinates": [ -77.17313, 39.11318 ] } },
{ "type": "Feature", "properties": { "name": "Mama’s Kitchen Korean Restaurant" }, "geometry": { "type": "Point", "coordinates": [ -96.86656, 33.15164 ] } },
{ "type": "Feature", "properties": { "name": "bb.q Chicken" }, "geometry": { "type": "Point", "coordinates": [ -117.20166, 32.89071 ] } },
{ "type": "Feature", "properties": { "name": "Cho Dang Village" }, "geometry": { "type": "Point", "coordinates": [ -96.69206, 33.06769 ] } },
{ "type": "Feature", "properties": { "name": "Gen Korean BBQ" }, "geometry": { "type": "Point", "coordinates": [ -96.80286, 33.11077 ] } },
{ "type": "Feature", "properties": { "name": "Chicken Barn" }, "geometry": { "type": "Point", "coordinates": [ -96.80268, 33.10956 ] } },
{ "type": "Feature", "properties": { "name": "Burning Rice" }, "geometry": { "type": "Point", "coordinates": [ -96.80509, 33.11132 ] } },
{ "type": "Feature", "properties": { "name": "Manna BBQ" }, "geometry": { "type": "Point", "coordinates": [ -96.91118, 32.98809 ] } },
{ "type": "Feature", "properties": { "name": "Manna Shabu" }, "geometry": { "type": "Point", "coordinates": [ -96.91117, 32.98825 ] } },
{ "type": "Feature", "properties": { "name": "99 Pocha" }, "geometry": { "type": "Point", "coordinates": [ -96.9112, 32.98835 ] } },
{ "type": "Feature", "properties": { "name": "#K-Street KBBQ" }, "geometry": { "type": "Point", "coordinates": [ -122.12125, 47.67081 ] } },
{ "type": "Feature", "properties": { "name": "Hoolala K-Chicken & Ramen House" }, "geometry": { "type": "Point", "coordinates": [ -75.24933, 40.67796 ] } },
{ "type": "Feature", "properties": { "name": "Kerns Food Hall" }, "geometry": { "type": "Point", "coordinates": [ -83.91469, 35.95354 ] } },
{ "type": "Feature", "properties": { "name": "Kimchi Box" }, "geometry": { "type": "Point", "coordinates": [ -83.1101, 42.53374 ] } },
{ "type": "Feature", "properties": { "name": "Roosterspin" }, "geometry": { "type": "Point", "coordinates": [ -74.44539, 40.49636 ] } },
{ "type": "Feature", "properties": { "name": "Muzen Katsu Curry" }, "geometry": { "type": "Point", "coordinates": [ -118.22905, 34.1685 ] } },
{ "type": "Feature", "properties": { "name": "Blossom Bites & Eatery" }, "geometry": { "type": "Point", "coordinates": [ -118.39632, 34.02447 ] } },
{ "type": "Feature", "properties": { "name": "Seoul Korean Restaurant" }, "geometry": { "type": "Point", "coordinates": [ -81.79003, 26.2127 ] } },
{ "type": "Feature", "properties": { "name": "장안설렁탕JangAn Sullungtang" }, "geometry": { "type": "Point", "coordinates": [ -122.31686, 47.82161 ] } },
{ "type": "Feature", "properties": { "name": "Asiana Korean Food & Restaurant" }, "geometry": { "type": "Point", "coordinates": [ -119.78832, 36.83611 ] } },
{ "type": "Feature", "properties": { "name": "K-Towne Kitchen" }, "geometry": { "type": "Point", "coordinates": [ -74.9147, 39.93863 ] } },
{ "type": "Feature", "properties": { "name": "Jung's Kitchen" }, "geometry": { "type": "Point", "coordinates": [ -122.34635, 47.73798 ] } },
{ "type": "Feature", "properties": { "name": "Hae-Nam Kalbi & Calamari" }, "geometry": { "type": "Point", "coordinates": [ -122.34554, 47.73791 ] } },
{ "type": "Feature", "properties": { "name": "Katsu Bar" }, "geometry": { "type": "Point", "coordinates": [ -118.38782, 33.91664 ] } },
{ "type": "Feature", "properties": { "name": "Ongi" }, "geometry": { "type": "Point", "coordinates": [ -73.97534, 40.75015 ] } },
{ "type": "Feature", "properties": { "name": "Korean Restaurant" }, "geometry": { "type": "Point", "coordinates": [ -85.35714, 32.6451 ] } },
{ "type": "Feature", "properties": { "name": "Chaum Korean Eatery" }, "geometry": { "type": "Point", "coordinates": [ -82.08404, 33.5122 ] } },
{ "type": "Feature", "properties": { "name": "KPOT Korean BBQ & Hot Pot" }, "geometry": { "type": "Point", "coordinates": [ -85.88518, 37.72741 ] } },
{ "type": "Feature", "properties": { "name": "Sole Traditional Korean Restaurant" }, "geometry": { "type": "Point", "coordinates": [ -93.16684, 44.96172 ] } },
{ "type": "Feature", "properties": { "name": "Halgatteok Korean Rice Cake" }, "geometry": { "type": "Point", "coordinates": [ -122.30566, 47.32111 ] } },
{ "type": "Feature", "properties": { "name": "Nami Korean Kitchen & Sushi" }, "geometry": { "type": "Point", "coordinates": [ -112.0298, 33.66335 ] } },
{ "type": "Feature", "properties": { "name": "Kimchi Box" }, "geometry": { "type": "Point", "coordinates": [ -122.50354, 47.23376 ] } },
{ "type": "Feature", "properties": { "name": "K Restaurant" }, "geometry": { "type": "Point", "coordinates": [ -70.94703, 42.51145 ] } },
{ "type": "Feature", "properties": { "name": "Ajumma" }, "geometry": { "type": "Point", "coordinates": [ -78.77197, 35.82775 ] } },
{ "type": "Feature", "properties": { "name": "Hodori BBQ" }, "geometry": { "type": "Point", "coordinates": [ -118.05229, 34.13381 ] } },
{ "type": "Feature", "properties": { "name": "Koryo Korean BBQ" }, "geometry": { "type": "Point", "coordinates": [ -96.89317, 32.89561 ] } },
{ "type": "Feature", "properties": { "name": "Don Sarang Original Korean BBQ" }, "geometry": { "type": "Point", "coordinates": [ -96.90923, 32.98525 ] } },
{ "type": "Feature", "properties": { "name": "Bonchon Chicken" }, "geometry": { "type": "Point", "coordinates": [ -80.32555, 25.81004 ] } },
{ "type": "Feature", "properties": { "name": "Manna Grill" }, "geometry": { "type": "Point", "coordinates": [ -117.33762, 33.97664 ] } },
{ "type": "Feature", "properties": { "name": "HK Super Deli" }, "geometry": { "type": "Point", "coordinates": [ -122.00122, 37.35157 ] } },
{ "type": "Feature", "properties": { "name": "Bonchon Chicken" }, "geometry": { "type": "Point", "coordinates": [ -110.85715, 32.24249 ] } },
{ "type": "Feature", "properties": { "name": "Kimchi Korean BBQ" }, "geometry": { "type": "Point", "coordinates": [ -119.7324, 34.44058 ] } },
{ "type": "Feature", "properties": { "name": "Bites & Bashes Cafe" }, "geometry": { "type": "Point", "coordinates": [ -118.31985, 33.79113 ] } },
{ "type": "Feature", "properties": { "name": "K Kitchen" }, "geometry": { "type": "Point", "coordinates": [ -87.64059, 41.88411 ] } },
{ "type": "Feature", "properties": { "name": "Soju 101" }, "geometry": { "type": "Point", "coordinates": [ -95.77309, 29.7935 ] } },
{ "type": "Feature", "properties": { "name": "9292 Korean BBQ" }, "geometry": { "type": "Point", "coordinates": [ -77.19191, 38.82916 ] } },
{ "type": "Feature", "properties": { "name": "bb.q Chicken" }, "geometry": { "type": "Point", "coordinates": [ -117.99424, 33.88403 ] } },
{ "type": "Feature", "properties": { "name": "Yoo's Place" }, "geometry": { "type": "Point", "coordinates": [ -117.99426, 33.88483 ] } },
{ "type": "Feature", "properties": { "name": "Korean restaurant" }, "geometry": { "type": "Point", "coordinates": [ -117.99426, 33.8851 ] } },
{ "type": "Feature", "properties": { "name": "Korean restaurant" }, "geometry": { "type": "Point", "coordinates": [ -117.98626, 33.8965 ] } },
{ "type": "Feature", "properties": { "name": "Frank Seoul" }, "geometry": { "type": "Point", "coordinates": [ -96.80249, 33.11089 ] } },
{ "type": "Feature", "properties": { "name": "Seoul Alley" }, "geometry": { "type": "Point", "coordinates": [ -71.96295, 41.47714 ] } },
{ "type": "Feature", "properties": { "name": "E.M. Bop Korean BBQ" }, "geometry": { "type": "Point", "coordinates": [ -84.14135, 33.9662 ] } },
{ "type": "Feature", "properties": { "name": "Bonchon Chicken" }, "geometry": { "type": "Point", "coordinates": [ -81.31098, 28.45623 ] } },
{ "type": "Feature", "properties": { "name": "Jin Mee Korean BBQ" }, "geometry": { "type": "Point", "coordinates": [ -115.1422, 36.14266 ] } },
{ "type": "Feature", "properties": { "name": "Club Ya-Mang" }, "geometry": { "type": "Point", "coordinates": [ -115.14342, 36.14347 ] } },
{ "type": "Feature", "properties": { "name": "bb.q Chicken" }, "geometry": { "type": "Point", "coordinates": [ -117.37601, 33.98115 ] } },
{ "type": "Feature", "properties": { "name": "bb.q Chicken" }, "geometry": { "type": "Point", "coordinates": [ -71.06433, 42.35223 ] } },
{ "type": "Feature", "properties": { "name": "Baekjeong Korean Barbecue" }, "geometry": { "type": "Point", "coordinates": [ -117.99656, 33.88566 ] } },
{ "type": "Feature", "properties": { "name": "92 Go" }, "geometry": { "type": "Point", "coordinates": [ -79.76756, 34.18287 ] } },
{ "type": "Feature", "properties": { "name": "Sue's Kimbap House" }, "geometry": { "type": "Point", "coordinates": [ -71.53578, 43.20368 ] } },
{ "type": "Feature", "properties": { "name": "Panda Garden" }, "geometry": { "type": "Point", "coordinates": [ -96.65556, 40.81553 ] } },
{ "type": "Feature", "properties": { "name": "Voqozo" }, "geometry": { "type": "Point", "coordinates": [ -117.23126, 32.86686 ] } },
{ "type": "Feature", "properties": { "name": "bb.q Chicken" }, "geometry": { "type": "Point", "coordinates": [ -96.1187, 41.23534 ] } },
{ "type": "Feature", "properties": { "name": "Kaya" }, "geometry": { "type": "Point", "coordinates": [ -79.96251, 36.06373 ] } },
{ "type": "Feature", "properties": { "name": "Daeho Kalbijjim" }, "geometry": { "type": "Point", "coordinates": [ -122.03891, 37.97496 ] } },
{ "type": "Feature", "properties": { "name": "Tang Jip" }, "geometry": { "type": "Point", "coordinates": [ -122.04228, 37.97349 ] } },
{ "type": "Feature", "properties": { "name": "OhChae" }, "geometry": { "type": "Point", "coordinates": [ -85.82201, 38.28437 ] } },
{ "type": "Feature", "properties": { "name": "K-Bok Korean Fried Chicken" }, "geometry": { "type": "Point", "coordinates": [ -71.09409, 42.37971 ] } },
{ "type": "Feature", "properties": { "name": "Omi Korean Grill" }, "geometry": { "type": "Point", "coordinates": [ -96.91259, 32.98618 ] } },
{ "type": "Feature", "properties": { "name": "Pyung Chang Korean Restaurant & BBQ" }, "geometry": { "type": "Point", "coordinates": [ -122.33721, 48.41873 ] } },
{ "type": "Feature", "properties": { "name": "Yokai" }, "geometry": { "type": "Point", "coordinates": [ -81.7978, 41.13578 ] } },
{ "type": "Feature", "properties": { "name": "BBQ Stop AYCE" }, "geometry": { "type": "Point", "coordinates": [ -117.85477, 33.99719 ] } },
{ "type": "Feature", "properties": { "name": "Bonchon Chicken" }, "geometry": { "type": "Point", "coordinates": [ -73.82554, 40.98436 ] } },
{ "type": "Feature", "properties": { "name": "B.BQ Chicken" }, "geometry": { "type": "Point", "coordinates": [ -74.92816, 39.89113 ] } },
{ "type": "Feature", "properties": { "name": "Soban" }, "geometry": { "type": "Point", "coordinates": [ -118.32078, 34.05406 ] } },
{ "type": "Feature", "properties": { "name": "Butnal" }, "geometry": { "type": "Point", "coordinates": [ -118.32044, 34.05409 ] } },
{ "type": "Feature", "properties": { "name": "Gen Korean BBQ" }, "geometry": { "type": "Point", "coordinates": [ -96.76866, 32.85501 ] } },
{ "type": "Feature", "properties": { "name": "Hungry Bowl" }, "geometry": { "type": "Point", "coordinates": [ -71.78086, 42.5522 ] } },
{ "type": "Feature", "properties": { "name": "bb.q Chicken" }, "geometry": { "type": "Point", "coordinates": [ -118.09271, 33.85709 ] } },
{ "type": "Feature", "properties": { "name": "Kangchon" }, "geometry": { "type": "Point", "coordinates": [ -77.43491, 38.83816 ] } },
{ "type": "Feature", "properties": { "name": "Honey Belly" }, "geometry": { "type": "Point", "coordinates": [ -120.66416, 35.2784 ] } },
{ "type": "Feature", "properties": { "name": "Yi’s Traditional Korean Beef Soup" }, "geometry": { "type": "Point", "coordinates": [ -77.43525, 38.83669 ] } },
{ "type": "Feature", "properties": { "name": "Sushiwa Poke & Roll" }, "geometry": { "type": "Point", "coordinates": [ -75.14743, 40.18792 ] } },
{ "type": "Feature", "properties": { "name": "Chris Korean BBQ" }, "geometry": { "type": "Point", "coordinates": [ -118.10777, 34.14622 ] } },
{ "type": "Feature", "properties": { "name": "Mr. Yun's Tower Deli" }, "geometry": { "type": "Point", "coordinates": [ -83.71766, 42.28566 ] } },
{ "type": "Feature", "properties": { "name": "Sō Korean Barbecue" }, "geometry": { "type": "Point", "coordinates": [ -77.42415, 38.83801 ] } },
{ "type": "Feature", "properties": { "name": "Goong Korean BBQ and Sushi" }, "geometry": { "type": "Point", "coordinates": [ -111.64441, 40.15957 ] } },
{ "type": "Feature", "properties": { "name": "Korea Picnic" }, "geometry": { "type": "Point", "coordinates": [ -113.51884, 37.13003 ] } },
{ "type": "Feature", "properties": { "name": "Yum Korea" }, "geometry": { "type": "Point", "coordinates": [ -80.38121, 26.09802 ] } },
{ "type": "Feature", "properties": { "name": "82 Kimbap" }, "geometry": { "type": "Point", "coordinates": [ -87.63015, 41.87968 ] } },
{ "type": "Feature", "properties": { "name": "CM Chicken" }, "geometry": { "type": "Point", "coordinates": [ -122.31286, 47.66828 ] } },
{ "type": "Feature", "properties": { "name": "Doldol Mara" }, "geometry": { "type": "Point", "coordinates": [ -96.69646, 33.03874 ] } },
{ "type": "Feature", "properties": { "name": "So Gong Dong Tofu & BBQ" }, "geometry": { "type": "Point", "coordinates": [ -96.69634, 33.03881 ] } },
{ "type": "Feature", "properties": { "name": "Tang" }, "geometry": { "type": "Point", "coordinates": [ -96.6964, 33.0389 ] } },
{ "type": "Feature", "properties": { "name": "K-Pocha Holland" }, "geometry": { "type": "Point", "coordinates": [ -86.09239, 42.81998 ] } },
{ "type": "Feature", "properties": { "name": "KOW" }, "geometry": { "type": "Point", "coordinates": [ -87.885, 42.04244 ] } },
{ "type": "Feature", "properties": { "name": "Meat Salon Korean BBQ" }, "geometry": { "type": "Point", "coordinates": [ -115.11727, 36.01501 ] } },
{ "type": "Feature", "properties": { "name": "Bonchon Chicken" }, "geometry": { "type": "Point", "coordinates": [ -87.8525, 41.55749 ] } },
{ "type": "Feature", "properties": { "name": "GOGIRO - Korean BBQ & Shabu Shabu Hotpot" }, "geometry": { "type": "Point", "coordinates": [ -122.69387, 47.65691 ] } },
{ "type": "Feature", "properties": { "name": "Bonchon Chicken" }, "geometry": { "type": "Point", "coordinates": [ -77.40606, 38.90823 ] } },
{ "type": "Feature", "properties": { "name": "Hangang Ramen 한강라면" }, "geometry": { "type": "Point", "coordinates": [ -104.84805, 39.67556 ] } },
{ "type": "Feature", "properties": { "name": "KPOT Korean BBQ & Hot Pot" }, "geometry": { "type": "Point", "coordinates": [ -95.54455, 29.95661 ] } },
{ "type": "Feature", "properties": { "name": "Bullta" }, "geometry": { "type": "Point", "coordinates": [ -121.39613, 38.54749 ] } },
{ "type": "Feature", "properties": { "name": "Sunn's" }, "geometry": { "type": "Point", "coordinates": [ -73.99096, 40.71442 ] } },
{ "type": "Feature", "properties": { "name": "Seoul Kitchen" }, "geometry": { "type": "Point", "coordinates": [ -71.75905, 42.52466 ] } },
{ "type": "Feature", "properties": { "name": "KBBQ Spot" }, "geometry": { "type": "Point", "coordinates": [ -84.46562, 33.90456 ] } },
{ "type": "Feature", "properties": { "name": "The Kimbap" }, "geometry": { "type": "Point", "coordinates": [ -95.39902, 30.12133 ] } },
{ "type": "Feature", "properties": { "name": "Gangnam Style" }, "geometry": { "type": "Point", "coordinates": [ -117.41873, 47.65646 ] } },
{ "type": "Feature", "properties": { "name": "Kravepot" }, "geometry": { "type": "Point", "coordinates": [ -80.67288, 28.13731 ] } },
{ "type": "Feature", "properties": { "name": "BBQ Korea" }, "geometry": { "type": "Point", "coordinates": [ -86.72775, 36.07564 ] } },
{ "type": "Feature", "properties": { "name": "Bento & Bowls" }, "geometry": { "type": "Point", "coordinates": [ -122.25309, 37.83281 ] } },
{ "type": "Feature", "properties": { "name": "Bibibop" }, "geometry": { "type": "Point", "coordinates": [ -87.97307, 42.10937 ] } },
{ "type": "Feature", "properties": { "name": "Tofu Factory" }, "geometry": { "type": "Point", "coordinates": [ -96.72766, 32.95352 ] } },
{ "type": "Feature", "properties": { "name": "M Spoon" }, "geometry": { "type": "Point", "coordinates": [ -118.29429, 34.05307 ] } },
{ "type": "Feature", "properties": { "name": "Sool Korean Express" }, "geometry": { "type": "Point", "coordinates": [ -122.66778, 45.5509 ] } },
{ "type": "Feature", "properties": { "name": "BB Bowl" }, "geometry": { "type": "Point", "coordinates": [ -122.23287, 37.76915 ] } },
{ "type": "Feature", "properties": { "name": "Hungry Pot Korean BBQ & Hot Pot" }, "geometry": { "type": "Point", "coordinates": [ -72.54501, 41.80745 ] } },
{ "type": "Feature", "properties": { "name": "Pho Royal Vietnamese" }, "geometry": { "type": "Point", "coordinates": [ -88.32805, 42.22869 ] } },
{ "type": "Feature", "properties": { "name": "WooMeOk Korean BBQ" }, "geometry": { "type": "Point", "coordinates": [ -96.70963, 33.02941 ] } },
{ "type": "Feature", "properties": { "name": "Cheun Joo Young Yamg Dol Sot" }, "geometry": { "type": "Point", "coordinates": [ -121.99325, 37.35356 ] } },
{ "type": "Feature", "properties": { "name": "Mapo BBQ" }, "geometry": { "type": "Point", "coordinates": [ -121.98958, 37.35271 ] } },
{ "type": "Feature", "properties": { "name": "Bop Bop Korean BBQ and Rice Bowls" }, "geometry": { "type": "Point", "coordinates": [ -89.08986, 42.2695 ] } },
{ "type": "Feature", "properties": { "name": "Den Den Korean Fried Chicken" }, "geometry": { "type": "Point", "coordinates": [ -71.40033, 41.82828 ] } },
{ "type": "Feature", "properties": { "name": "Bon KBBQ" }, "geometry": { "type": "Point", "coordinates": [ -96.69712, 33.03971 ] } },
{ "type": "Feature", "properties": { "name": "Woomi Home" }, "geometry": { "type": "Point", "coordinates": [ -121.98511, 37.35212 ] } },
{ "type": "Feature", "properties": { "name": "Lit pot korean BBQ & Hot pot" }, "geometry": { "type": "Point", "coordinates": [ -79.94353, 39.65314 ] } },
{ "type": "Feature", "properties": { "name": "K-Style" }, "geometry": { "type": "Point", "coordinates": [ -71.21336, 42.48266 ] } },
{ "type": "Feature", "properties": { "name": "Woojeon II Restaurant" }, "geometry": { "type": "Point", "coordinates": [ -71.2085, 42.47289 ] } },
{ "type": "Feature", "properties": { "name": "Flame Broiler" }, "geometry": { "type": "Point", "coordinates": [ -119.05482, 35.31758 ] } },
{ "type": "Feature", "properties": { "name": "Korean BBQ" }, "geometry": { "type": "Point", "coordinates": [ -79.95462, 40.43671 ] } },
{ "type": "Feature", "properties": { "name": "Koco Bell" }, "geometry": { "type": "Point", "coordinates": [ -116.25711, 43.65374 ] } },
{ "type": "Feature", "properties": { "name": "Seoul Street Cafe" }, "geometry": { "type": "Point", "coordinates": [ -116.20131, 43.61581 ] } },
{ "type": "Feature", "properties": { "name": "Ingle Korean Steakhouse" }, "geometry": { "type": "Point", "coordinates": [ -77.03218, 38.9164 ] } },
{ "type": "Feature", "properties": { "name": "King Jjamppong" }, "geometry": { "type": "Point", "coordinates": [ -96.90423, 32.89519 ] } },
{ "type": "Feature", "properties": { "name": "Kimchi Korean Restaurant" }, "geometry": { "type": "Point", "coordinates": [ -97.24558, 37.73628 ] } },
{ "type": "Feature", "properties": { "name": "Ryusei Ramen and Izakaya" }, "geometry": { "type": "Point", "coordinates": [ -88.98282, 42.26527 ] } },
{ "type": "Feature", "properties": { "name": "bb.q Chicken & Pub" }, "geometry": { "type": "Point", "coordinates": [ -84.38405, 33.77926 ] } },
{ "type": "Feature", "properties": { "name": "Yi Pin Chuan Lamb Kebab" }, "geometry": { "type": "Point", "coordinates": [ -118.29401, 34.05816 ] } },
{ "type": "Feature", "properties": { "name": "Korean restaurant" }, "geometry": { "type": "Point", "coordinates": [ -118.29394, 34.05816 ] } },
{ "type": "Feature", "properties": { "name": "Phò BYOB" }, "geometry": { "type": "Point", "coordinates": [ -118.29387, 34.05816 ] } },
{ "type": "Feature", "properties": { "name": "Juche" }, "geometry": { "type": "Point", "coordinates": [ -93.07336, 44.97514 ] } },
{ "type": "Feature", "properties": { "name": "Cupbop" }, "geometry": { "type": "Point", "coordinates": [ -111.81427, 40.37725 ] } },
{ "type": "Feature", "properties": { "name": "Cupbop" }, "geometry": { "type": "Point", "coordinates": [ -108.58048, 45.75458 ] } },
{ "type": "Feature", "properties": { "name": "본촌" }, "geometry": { "type": "Point", "coordinates": [ -104.89131, 39.78079 ] } },
{ "type": "Feature", "properties": { "name": "Bonchon" }, "geometry": { "type": "Point", "coordinates": [ -76.69314, 39.02076 ] } },
{ "type": "Feature", "properties": { "name": "Kpot Korean BBQ & Hot Pot" }, "geometry": { "type": "Point", "coordinates": [ -84.45395, 38.00642 ] } },
{ "type": "Feature", "properties": { "name": "K-Town" }, "geometry": { "type": "Point", "coordinates": [ -91.94372, 36.9778 ] } },
{ "type": "Feature", "properties": { "name": "K-Town" }, "geometry": { "type": "Point", "coordinates": [ -91.87266, 36.74054 ] } },
{ "type": "Feature", "properties": { "name": "K-Town" }, "geometry": { "type": "Point", "coordinates": [ -92.26261, 37.14107 ] } },
{ "type": "Feature", "properties": { "name": "K-Town" }, "geometry": { "type": "Point", "coordinates": [ -91.9602, 37.31606 ] } },
{ "type": "Feature", "properties": { "name": "Korean BBQ and Chicken" }, "geometry": { "type": "Point", "coordinates": [ -88.99366, 42.31936 ] } },
{ "type": "Feature", "properties": { "name": "Go Goo Ma" }, "geometry": { "type": "Point", "coordinates": [ -88.11918, 42.09151 ] } },
{ "type": "Feature", "properties": { "name": "Nami’s Korean Bistro" }, "geometry": { "type": "Point", "coordinates": [ -80.62213, 28.10625 ] } },
{ "type": "Feature", "properties": { "name": "Vegreen 2 Go" }, "geometry": { "type": "Point", "coordinates": [ -84.14726, 33.96962 ] } },
{ "type": "Feature", "properties": { "name": "Sulga House of Beef Bone Soup" }, "geometry": { "type": "Point", "coordinates": [ -118.30554, 34.07642 ] } },
{ "type": "Feature", "properties": { "name": "Damsot" }, "geometry": { "type": "Point", "coordinates": [ -118.2975, 34.0625 ] } },
{ "type": "Feature", "properties": { "name": "Tofu Chon" }, "geometry": { "type": "Point", "coordinates": [ -118.30758, 34.0575 ] } },
{ "type": "Feature", "properties": { "name": "Jin Guk Korean Cuisine" }, "geometry": { "type": "Point", "coordinates": [ -81.25452, 32.14011 ] } },
{ "type": "Feature", "properties": { "name": "Seoul K Restaurant" }, "geometry": { "type": "Point", "coordinates": [ -81.2524, 32.1396 ] } },
{ "type": "Feature", "properties": { "name": "Bowlful of Korea" }, "geometry": { "type": "Point", "coordinates": [ -88.13716, 42.15451 ] } },
{ "type": "Feature", "properties": { "name": "Hainan" }, "geometry": { "type": "Point", "coordinates": [ -73.80381, 40.76069 ] } },
{ "type": "Feature", "properties": { "name": "Honey Pig Hot Pot + Korean BBQ" }, "geometry": { "type": "Point", "coordinates": [ -77.44915, 38.7435 ] } },
{ "type": "Feature", "properties": { "name": "K-Pot Korean BBQ & Hot Pot" }, "geometry": { "type": "Point", "coordinates": [ -83.67717, 42.23494 ] } },
{ "type": "Feature", "properties": { "name": "BBQ Chicken" }, "geometry": { "type": "Point", "coordinates": [ -96.80482, 33.09028 ] } },
{ "type": "Feature", "properties": { "name": "Bonchon Chicken" }, "geometry": { "type": "Point", "coordinates": [ -70.89828, 42.52134 ] } },
{ "type": "Feature", "properties": { "name": "Korean restaurant" }, "geometry": { "type": "Point", "coordinates": [ -106.2928, 31.73566 ] } },
{ "type": "Feature", "properties": { "name": "Korean Kitchen" }, "geometry": { "type": "Point", "coordinates": [ -78.53318, 35.94846 ] } },
{ "type": "Feature", "properties": { "name": "Damee Korean Restaurant" }, "geometry": { "type": "Point", "coordinates": [ -117.98641, 33.89513 ] } },
{ "type": "Feature", "properties": { "name": "Jang Mo Restaurant" }, "geometry": { "type": "Point", "coordinates": [ -117.98745, 33.89525 ] } },
{ "type": "Feature", "properties": { "name": "Dak Good" }, "geometry": { "type": "Point", "coordinates": [ -85.68863, 43.03369 ] } },
{ "type": "Feature", "properties": { "name": "Bonchon Chicken" }, "geometry": { "type": "Point", "coordinates": [ -90.66857, 35.81798 ] } },
{ "type": "Feature", "properties": { "name": "Hanshin Pocha Duluth" }, "geometry": { "type": "Point", "coordinates": [ -84.13141, 33.96046 ] } },
{ "type": "Feature", "properties": { "name": "Daily Seoul" }, "geometry": { "type": "Point", "coordinates": [ -74.07114, 40.80896 ] } },
{ "type": "Feature", "properties": { "name": "Cupbop" }, "geometry": { "type": "Point", "coordinates": [ -111.89512, 40.43066 ] } },
{ "type": "Feature", "properties": { "name": "Zena Sushi" }, "geometry": { "type": "Point", "coordinates": [ -97.20109, 32.82845 ] } },
{ "type": "Feature", "properties": { "name": "Sake Sushi" }, "geometry": { "type": "Point", "coordinates": [ -120.45806, 34.66015 ] } },
{ "type": "Feature", "properties": { "name": "CM Chicken" }, "geometry": { "type": "Point", "coordinates": [ -118.30887, 33.89122 ] } },
{ "type": "Feature", "properties": { "name": "Puradak" }, "geometry": { "type": "Point", "coordinates": [ -96.90905, 32.9969 ] } },
{ "type": "Feature", "properties": { "name": "Moodaepo" }, "geometry": { "type": "Point", "coordinates": [ -96.90799, 32.99719 ] } },
{ "type": "Feature", "properties": { "name": "American Seoul" }, "geometry": { "type": "Point", "coordinates": [ -97.90085, 38.05797 ] } },
{ "type": "Feature", "properties": { "name": "Mecha Noodle Bar" }, "geometry": { "type": "Point", "coordinates": [ -73.41723, 41.09885 ] } },
{ "type": "Feature", "properties": { "name": "KPOT Korean BBQ & Hot Pot" }, "geometry": { "type": "Point", "coordinates": [ -97.32119, 32.89806 ] } },
{ "type": "Feature", "properties": { "name": "Sake Bomb Sushi" }, "geometry": { "type": "Point", "coordinates": [ -84.49431, 39.09221 ] } },
{ "type": "Feature", "properties": { "name": "Charm Juk Korean Porridge" }, "geometry": { "type": "Point", "coordinates": [ -96.91267, 32.98545 ] } },
{ "type": "Feature", "properties": { "name": "Paik's Noodle" }, "geometry": { "type": "Point", "coordinates": [ -96.91266, 32.98558 ] } },
{ "type": "Feature", "properties": { "name": "Annie's Korean & Mexican" }, "geometry": { "type": "Point", "coordinates": [ -96.80252, 33.10993 ] } },
{ "type": "Feature", "properties": { "name": "KOT POT Korean BBQ" }, "geometry": { "type": "Point", "coordinates": [ -98.21896, 26.23917 ] } },
{ "type": "Feature", "properties": { "name": "bb.q Chicken" }, "geometry": { "type": "Point", "coordinates": [ -117.83293, 33.68821 ] } },
{ "type": "Feature", "properties": { "name": "Yigah Korean Cuisine" }, "geometry": { "type": "Point", "coordinates": [ -117.83288, 33.68828 ] } },
{ "type": "Feature", "properties": { "name": "Young Dabang" }, "geometry": { "type": "Point", "coordinates": [ -117.83303, 33.68815 ] } },
{ "type": "Feature", "properties": { "name": "KPOT Korean BBQ & Hot Pot" }, "geometry": { "type": "Point", "coordinates": [ -74.37519, 41.45156 ] } },
{ "type": "Feature", "properties": { "name": "Gen Korean BBQ" }, "geometry": { "type": "Point", "coordinates": [ -80.1298, 26.11952 ] } },
{ "type": "Feature", "properties": { "name": "Seoulmate Kitchen" }, "geometry": { "type": "Point", "coordinates": [ -119.70729, 34.42372 ] } },
{ "type": "Feature", "properties": { "name": "KPOT Korean BBQ & Hot Pot" }, "geometry": { "type": "Point", "coordinates": [ -86.84248, 40.41653 ] } },
{ "type": "Feature", "properties": { "name": "Seoul BBQ" }, "geometry": { "type": "Point", "coordinates": [ -72.76329, 41.71429 ] } },
{ "type": "Feature", "properties": { "name": "Sunshine Fine Foods" }, "geometry": { "type": "Point", "coordinates": [ -84.51684, 39.10385 ] } },
{ "type": "Feature", "properties": { "name": "Night Owl" }, "geometry": { "type": "Point", "coordinates": [ -120.54819, 46.99596 ] } },
{ "type": "Feature", "properties": { "name": "Chon Ju Jip" }, "geometry": { "type": "Point", "coordinates": [ -117.15451, 32.81941 ] } },
{ "type": "Feature", "properties": { "name": "H Pot Korean BBQ & Hot Pot" }, "geometry": { "type": "Point", "coordinates": [ -77.37398, 38.96977 ] } },
{ "type": "Feature", "properties": { "name": "bb.q Chicken" }, "geometry": { "type": "Point", "coordinates": [ -84.5709, 34.03455 ] } },
{ "type": "Feature", "properties": { "name": "Somac Korean Fusion Bar & Grill" }, "geometry": { "type": "Point", "coordinates": [ -77.54017, 38.93644 ] } },
{ "type": "Feature", "properties": { "name": "Gopchang Story" }, "geometry": { "type": "Point", "coordinates": [ -77.4258, 38.83999 ] } },
{ "type": "Feature", "properties": { "name": "Siroo & Hook Story" }, "geometry": { "type": "Point", "coordinates": [ -77.426, 38.83987 ] } },
{ "type": "Feature", "properties": { "name": "Hwangbooja Korean Restaurant" }, "geometry": { "type": "Point", "coordinates": [ -77.42609, 38.8398 ] } },
{ "type": "Feature", "properties": { "name": "Kim's House" }, "geometry": { "type": "Point", "coordinates": [ -96.82793, 32.77845 ] } },
{ "type": "Feature", "properties": { "name": "Korean Food Specialists" }, "geometry": { "type": "Point", "coordinates": [ -77.18961, 38.82804 ] } },
{ "type": "Feature", "properties": { "name": "TOSOKCHON" }, "geometry": { "type": "Point", "coordinates": [ -77.18949, 38.82803 ] } },
{ "type": "Feature", "properties": { "name": "Bonchon Chicken" }, "geometry": { "type": "Point", "coordinates": [ -86.67741, 34.75757 ] } },
{ "type": "Feature", "properties": { "name": "Bonchon Chicken" }, "geometry": { "type": "Point", "coordinates": [ -86.5758, 34.71365 ] } },
{ "type": "Feature", "properties": { "name": "i Grill Korean BBQ" }, "geometry": { "type": "Point", "coordinates": [ -106.65371, 35.20644 ] } },
{ "type": "Feature", "properties": { "name": "Bonchon Chicken" }, "geometry": { "type": "Point", "coordinates": [ -104.79434, 38.99112 ] } },
{ "type": "Feature", "properties": { "name": "Korean restaurant" }, "geometry": { "type": "Point", "coordinates": [ -77.42598, 38.83619 ] } },
{ "type": "Feature", "properties": { "name": "Gom Shabu" }, "geometry": { "type": "Point", "coordinates": [ -77.42592, 38.83613 ] } },
{ "type": "Feature", "properties": { "name": "Ari Korean BBQ" }, "geometry": { "type": "Point", "coordinates": [ -84.19102, 34.01752 ] } },
{ "type": "Feature", "properties": { "name": "Myung Ga" }, "geometry": { "type": "Point", "coordinates": [ -74.87605, 40.16581 ] } },
{ "type": "Feature", "properties": { "name": "Ondam" }, "geometry": { "type": "Point", "coordinates": [ -121.96949, 37.35185 ] } },
{ "type": "Feature", "properties": { "name": "Seoul Kitchen" }, "geometry": { "type": "Point", "coordinates": [ -105.27575, 40.00711 ] } },
{ "type": "Feature", "properties": { "name": "ChoSunHwaro Korean BBQ" }, "geometry": { "type": "Point", "coordinates": [ -77.31526, 38.855 ] } },
{ "type": "Feature", "properties": { "name": "Bonchon Chicken" }, "geometry": { "type": "Point", "coordinates": [ -82.382, 29.62405 ] } },
{ "type": "Feature", "properties": { "name": "Hanmi Foods" }, "geometry": { "type": "Point", "coordinates": [ -72.90899, 41.31626 ] } },
{ "type": "Feature", "properties": { "name": "bb.q Chicken" }, "geometry": { "type": "Point", "coordinates": [ -118.06576, 34.13184 ] } },
{ "type": "Feature", "properties": { "name": "Ojuk" }, "geometry": { "type": "Point", "coordinates": [ -118.06585, 34.13184 ] } },
{ "type": "Feature", "properties": { "name": "Crispy Chicken n' Tomato" }, "geometry": { "type": "Point", "coordinates": [ -117.12706, 32.83107 ] } },
{ "type": "Feature", "properties": { "name": "Yanusa" }, "geometry": { "type": "Point", "coordinates": [ -118.29308, 34.05185 ] } },
{ "type": "Feature", "properties": { "name": "My Donkatsu" }, "geometry": { "type": "Point", "coordinates": [ -118.30073, 34.05291 ] } },
{ "type": "Feature", "properties": { "name": "Korean restaurant" }, "geometry": { "type": "Point", "coordinates": [ -87.98258, 42.05074 ] } },
{ "type": "Feature", "properties": { "name": "Bonchon Cambridge" }, "geometry": { "type": "Point", "coordinates": [ -71.12087, 42.37205 ] } },
{ "type": "Feature", "properties": { "name": "KPOT" }, "geometry": { "type": "Point", "coordinates": [ -81.60947, 28.34573 ] } },
{ "type": "Feature", "properties": { "name": "Ko Hyang House" }, "geometry": { "type": "Point", "coordinates": [ -77.43843, 38.88928 ] } },
{ "type": "Feature", "properties": { "name": "Jincook" }, "geometry": { "type": "Point", "coordinates": [ -117.75311, 33.87715 ] } },
{ "type": "Feature", "properties": { "name": "Korean restaurant" }, "geometry": { "type": "Point", "coordinates": [ -73.736, 40.76974 ] } },
{ "type": "Feature", "properties": { "name": "Uncle Piao Korean BBQ Bibimbop" }, "geometry": { "type": "Point", "coordinates": [ -95.34068, 35.74316 ] } },
{ "type": "Feature", "properties": { "name": "Woo Hyang Woo" }, "geometry": { "type": "Point", "coordinates": [ -118.29647, 34.06375 ] } },
{ "type": "Feature", "properties": { "name": "Arado" }, "geometry": { "type": "Point", "coordinates": [ -118.31434, 34.06205 ] } },
{ "type": "Feature", "properties": { "name": "Danbi" }, "geometry": { "type": "Point", "coordinates": [ -118.29691, 34.06399 ] } },
{ "type": "Feature", "properties": { "name": "Yeogiyo" }, "geometry": { "type": "Point", "coordinates": [ -118.29709, 34.06312 ] } },
{ "type": "Feature", "properties": { "name": "Nandarang" }, "geometry": { "type": "Point", "coordinates": [ -118.30588, 34.06384 ] } },
{ "type": "Feature", "properties": { "name": "Jaws Topokki" }, "geometry": { "type": "Point", "coordinates": [ -118.30578, 34.06384 ] } },
{ "type": "Feature", "properties": { "name": "Seoul Meat Co" }, "geometry": { "type": "Point", "coordinates": [ -119.77639, 36.80752 ] } },
{ "type": "Feature", "properties": { "name": "Macheko Grill" }, "geometry": { "type": "Point", "coordinates": [ -83.64551, 42.22942 ] } },
{ "type": "Feature", "properties": { "name": "Paik's Noodle" }, "geometry": { "type": "Point", "coordinates": [ -118.29773, 34.06287 ] } },
{ "type": "Feature", "properties": { "name": "Sea Story" }, "geometry": { "type": "Point", "coordinates": [ -118.29752, 34.06291 ] } },
{ "type": "Feature", "properties": { "name": "Yangji Gamjatang" }, "geometry": { "type": "Point", "coordinates": [ -118.29752, 34.06302 ] } },
{ "type": "Feature", "properties": { "name": "bb.q Chicken" }, "geometry": { "type": "Point", "coordinates": [ -83.78077, 42.27853 ] } },
{ "type": "Feature", "properties": { "name": "Jincook" }, "geometry": { "type": "Point", "coordinates": [ -118.55545, 34.27361 ] } },
{ "type": "Feature", "properties": { "name": "Park's Kitchen" }, "geometry": { "type": "Point", "coordinates": [ -71.13094, 42.35218 ] } },
{ "type": "Feature", "properties": { "name": "Seoul Spice" }, "geometry": { "type": "Point", "coordinates": [ -87.62795, 41.893 ] } },
{ "type": "Feature", "properties": { "name": "Shik Do Rak" }, "geometry": { "type": "Point", "coordinates": [ -118.53508, 34.25702 ] } },
{ "type": "Feature", "properties": { "name": "bb.q Chicken" }, "geometry": { "type": "Point", "coordinates": [ -96.70141, 32.94417 ] } },
{ "type": "Feature", "properties": { "name": "Six Ko Korean Eats" }, "geometry": { "type": "Point", "coordinates": [ -78.48731, 38.0305 ] } },
{ "type": "Feature", "properties": { "name": "Daeho Kalbijjim and Beef Soup" }, "geometry": { "type": "Point", "coordinates": [ -122.32379, 37.56609 ] } },
{ "type": "Feature", "properties": { "name": "Pelicana Chicken" }, "geometry": { "type": "Point", "coordinates": [ -73.95464, 40.73142 ] } },
{ "type": "Feature", "properties": { "name": "Simple Fish" }, "geometry": { "type": "Point", "coordinates": [ -85.66417, 42.8419 ] } },
{ "type": "Feature", "properties": { "name": "Bonchon Chicken" }, "geometry": { "type": "Point", "coordinates": [ -117.95556, 33.72757 ] } },
{ "type": "Feature", "properties": { "name": "Cafe BomBom & XO Corndog" }, "geometry": { "type": "Point", "coordinates": [ -97.28995, 32.83799 ] } },
{ "type": "Feature", "properties": { "name": "bb.q Chicken" }, "geometry": { "type": "Point", "coordinates": [ -93.01976, 45.02859 ] } },
{ "type": "Feature", "properties": { "name": "bb.q Chicken" }, "geometry": { "type": "Point", "coordinates": [ -118.13258, 34.09221 ] } },
{ "type": "Feature", "properties": { "name": "Qing Shu Hot Pot" }, "geometry": { "type": "Point", "coordinates": [ -76.53837, 37.12739 ] } },
{ "type": "Feature", "properties": { "name": "Dae Gee" }, "geometry": { "type": "Point", "coordinates": [ -74.139, 40.05763 ] } },
{ "type": "Feature", "properties": { "name": "Bonchon Chicken" }, "geometry": { "type": "Point", "coordinates": [ -97.4107, 32.60501 ] } },
{ "type": "Feature", "properties": { "name": "Food on the Fly" }, "geometry": { "type": "Point", "coordinates": [ -93.27187, 44.97393 ] } },
{ "type": "Feature", "properties": { "name": "Onggi" }, "geometry": { "type": "Point", "coordinates": [ -77.04687, 38.9095 ] } },
{ "type": "Feature", "properties": { "name": "bb.q Chicken" }, "geometry": { "type": "Point", "coordinates": [ -83.38191, 33.95783 ] } },
{ "type": "Feature", "properties": { "name": "Bali Bali Korean BBQ" }, "geometry": { "type": "Point", "coordinates": [ -76.52816, 37.12287 ] } },
{ "type": "Feature", "properties": { "name": "M Hansik" }, "geometry": { "type": "Point", "coordinates": [ -78.90403, 36.00264 ] } },
{ "type": "Feature", "properties": { "name": "Shinhwa Korean Steakhouse" }, "geometry": { "type": "Point", "coordinates": [ -93.16755, 45.00696 ] } },
{ "type": "Feature", "properties": { "name": "Bonchon" }, "geometry": { "type": "Point", "coordinates": [ -93.16754, 45.00704 ] } },
{ "type": "Feature", "properties": { "name": "Jongro BBQ" }, "geometry": { "type": "Point", "coordinates": [ -76.54556, 38.98808 ] } },
{ "type": "Feature", "properties": { "name": "Hotsome Chicken" }, "geometry": { "type": "Point", "coordinates": [ -96.97065, 33.00269 ] } },
{ "type": "Feature", "properties": { "name": "BULLGOGI" }, "geometry": { "type": "Point", "coordinates": [ -84.30496, 33.79045 ] } },
{ "type": "Feature", "properties": { "name": "K-Bop Korean Kitchen" }, "geometry": { "type": "Point", "coordinates": [ -81.56081, 30.26893 ] } },
{ "type": "Feature", "properties": { "name": "Seoul Restaurant" }, "geometry": { "type": "Point", "coordinates": [ -85.7561, 31.33883 ] } },
{ "type": "Feature", "properties": { "name": "Chadol Korean" }, "geometry": { "type": "Point", "coordinates": [ -76.99749, 38.922 ] } },
{ "type": "Feature", "properties": { "name": "Food Lab" }, "geometry": { "type": "Point", "coordinates": [ -85.71073, 38.32586 ] } },
{ "type": "Feature", "properties": { "name": "Sol's on the Square" }, "geometry": { "type": "Point", "coordinates": [ -89.38341, 43.07669 ] } },
{ "type": "Feature", "properties": { "name": "Snack Korner" }, "geometry": { "type": "Point", "coordinates": [ -96.70238, 40.81457 ] } },
{ "type": "Feature", "properties": { "name": "Flock Food Hall" }, "geometry": { "type": "Point", "coordinates": [ -122.68092, 45.52067 ] } },
{ "type": "Feature", "properties": { "name": "Dubu San Diego Tofu Company" }, "geometry": { "type": "Point", "coordinates": [ -117.07422, 33.0172 ] } },
{ "type": "Feature", "properties": { "name": "5 Stars Chicken" }, "geometry": { "type": "Point", "coordinates": [ -89.37812, 43.0786 ] } },
{ "type": "Feature", "properties": { "name": "Korean Chili" }, "geometry": { "type": "Point", "coordinates": [ -119.3136, 36.22561 ] } },
{ "type": "Feature", "properties": { "name": "Geobukseons" }, "geometry": { "type": "Point", "coordinates": [ -77.19069, 38.83216 ] } },
{ "type": "Feature", "properties": { "name": "Seoul Spice" }, "geometry": { "type": "Point", "coordinates": [ -77.19095, 38.89588 ] } },
{ "type": "Feature", "properties": { "name": "NakSan BBQ" }, "geometry": { "type": "Point", "coordinates": [ -71.13911, 42.34854 ] } },
{ "type": "Feature", "properties": { "name": "Jang Gogi" }, "geometry": { "type": "Point", "coordinates": [ -122.12735, 47.61736 ] } },
{ "type": "Feature", "properties": { "name": "Cross Street Chicken and Beer" }, "geometry": { "type": "Point", "coordinates": [ -117.15474, 32.82019 ] } },
{ "type": "Feature", "properties": { "name": "All That Shabu" }, "geometry": { "type": "Point", "coordinates": [ -117.14868, 32.91213 ] } },
{ "type": "Feature", "properties": { "name": "Manna BBQ" }, "geometry": { "type": "Point", "coordinates": [ -117.14767, 32.91298 ] } },
{ "type": "Feature", "properties": { "name": "Okja" }, "geometry": { "type": "Point", "coordinates": [ -78.81693, 35.80046 ] } },
{ "type": "Feature", "properties": { "name": "Suul Suul Korean Street Food" }, "geometry": { "type": "Point", "coordinates": [ -122.6562, 45.53488 ] } },
{ "type": "Feature", "properties": { "name": "Spruce Saddle Lodge" }, "geometry": { "type": "Point", "coordinates": [ -106.50897, 39.58357 ] } },
{ "type": "Feature", "properties": { "name": "Q-Pot Korean BBQ & Hot Pot" }, "geometry": { "type": "Point", "coordinates": [ -121.81198, 37.30566 ] } },
{ "type": "Feature", "properties": { "name": "KPot" }, "geometry": { "type": "Point", "coordinates": [ -94.82604, 39.12459 ] } },
{ "type": "Feature", "properties": { "name": "Kum Kang San B.B.Q. Grill Buffet" }, "geometry": { "type": "Point", "coordinates": [ -122.31233, 47.31726 ] } },
{ "type": "Feature", "properties": { "name": "Seoul Tofu House" }, "geometry": { "type": "Point", "coordinates": [ -122.3129, 47.32051 ] } },
{ "type": "Feature", "properties": { "name": "MinGa" }, "geometry": { "type": "Point", "coordinates": [ -79.03428, 35.92819 ] } },
{ "type": "Feature", "properties": { "name": "The Qui" }, "geometry": { "type": "Point", "coordinates": [ -77.60966, 38.79556 ] } },
{ "type": "Feature", "properties": { "name": "Stone Age Korean BBQ" }, "geometry": { "type": "Point", "coordinates": [ -85.15565, 35.03121 ] } },
{ "type": "Feature", "properties": { "name": "Mukja Korean Barbeque" }, "geometry": { "type": "Point", "coordinates": [ -122.29481, 47.15444 ] } },
{ "type": "Feature", "properties": { "name": "Cupbop" }, "geometry": { "type": "Point", "coordinates": [ -111.97723, 41.24388 ] } },
{ "type": "Feature", "properties": { "name": "Daikon Korean BBQ" }, "geometry": { "type": "Point", "coordinates": [ -122.2172, 38.13386 ] } },
{ "type": "Feature", "properties": { "name": "Gangsan" }, "geometry": { "type": "Point", "coordinates": [ -122.22932, 37.48583 ] } },
{ "type": "Feature", "properties": { "name": "Chosun Korean BBQ" }, "geometry": { "type": "Point", "coordinates": [ -122.3122, 47.31099 ] } },
{ "type": "Feature", "properties": { "name": "Eagle’s Nest" }, "geometry": { "type": "Point", "coordinates": [ -106.3862, 39.61832 ] } },
{ "type": "Feature", "properties": { "name": "K-Pop Cafe" }, "geometry": { "type": "Point", "coordinates": [ -122.03195, 37.5703 ] } },
{ "type": "Feature", "properties": { "name": "Seoul Korean BBQ & Hotpot" }, "geometry": { "type": "Point", "coordinates": [ -84.31432, 39.31147 ] } },
{ "type": "Feature", "properties": { "name": "KPot" }, "geometry": { "type": "Point", "coordinates": [ -117.92352, 33.99409 ] } },
{ "type": "Feature", "properties": { "name": "Basic Bird" }, "geometry": { "type": "Point", "coordinates": [ -93.67281, 41.61833 ] } },
{ "type": "Feature", "properties": { "name": "Suh Sushi Korean BBQ" }, "geometry": { "type": "Point", "coordinates": [ -105.07579, 40.53171 ] } },
{ "type": "Feature", "properties": { "name": "Mixed Grain" }, "geometry": { "type": "Point", "coordinates": [ -122.06196, 37.8999 ] } },
{ "type": "Feature", "properties": { "name": "Gogi House" }, "geometry": { "type": "Point", "coordinates": [ -118.53509, 34.42728 ] } },
{ "type": "Feature", "properties": { "name": "592 Korean BBQ" }, "geometry": { "type": "Point", "coordinates": [ -88.47335, 44.27084 ] } },
{ "type": "Feature", "properties": { "name": "KPOT KoreanBBQ HotPot" }, "geometry": { "type": "Point", "coordinates": [ -82.16769, 29.16013 ] } },
{ "type": "Feature", "properties": { "name": "Han-Mi" }, "geometry": { "type": "Point", "coordinates": [ -85.32074, 35.02086 ] } },
{ "type": "Feature", "properties": { "name": "KPOT" }, "geometry": { "type": "Point", "coordinates": [ -77.74923, 39.65572 ] } },
{ "type": "Feature", "properties": { "name": "DZO Korean BBQ" }, "geometry": { "type": "Point", "coordinates": [ -93.65235, 41.58594 ] } },
{ "type": "Feature", "properties": { "name": "Toribashi" }, "geometry": { "type": "Point", "coordinates": [ -121.89465, 36.59806 ] } },
{ "type": "Feature", "properties": { "name": "Honey Pig Restaurant" }, "geometry": { "type": "Point", "coordinates": [ -77.19416, 38.83162 ] } },
{ "type": "Feature", "properties": { "name": "Kimchi Tofu House" }, "geometry": { "type": "Point", "coordinates": [ -93.22684, 44.97329 ] } },
{ "type": "Feature", "properties": { "name": "Palace" }, "geometry": { "type": "Point", "coordinates": [ -122.30857, 47.31901 ] } },
{ "type": "Feature", "properties": { "name": "Korean restaurant" }, "geometry": { "type": "Point", "coordinates": [ -88.93484, 30.39865 ] } },
{ "type": "Feature", "properties": { "name": "So Gong Dong Tofu House" }, "geometry": { "type": "Point", "coordinates": [ -122.12537, 37.4138 ] } },
{ "type": "Feature", "properties": { "name": "Summit House" }, "geometry": { "type": "Point", "coordinates": [ -105.94171, 39.57953 ] } },
{ "type": "Feature", "properties": { "name": "King Kong Korean BBQ" }, "geometry": { "type": "Point", "coordinates": [ -122.80266, 45.48906 ] } },
{ "type": "Feature", "properties": { "name": "Volcano Korean BBQ" }, "geometry": { "type": "Point", "coordinates": [ -101.93568, 35.18798 ] } },
{ "type": "Feature", "properties": { "name": "PePeRo" }, "geometry": { "type": "Point", "coordinates": [ -80.73009, 35.12463 ] } },
{ "type": "Feature", "properties": { "name": "Gen Korean BBQ" }, "geometry": { "type": "Point", "coordinates": [ -117.92389, 33.85918 ] } },
{ "type": "Feature", "properties": { "name": "Woo Jung" }, "geometry": { "type": "Point", "coordinates": [ -71.60174, 42.55671 ] } },
{ "type": "Feature", "properties": { "name": "Nine Spices Hot Pot" }, "geometry": { "type": "Point", "coordinates": [ -82.72762, 27.83402 ] } },
{ "type": "Feature", "properties": { "name": "SizzlinGogi" }, "geometry": { "type": "Point", "coordinates": [ -120.4365, 34.92692 ] } },
{ "type": "Feature", "properties": { "name": "Cupbop" }, "geometry": { "type": "Point", "coordinates": [ -111.64698, 40.24477 ] } },
{ "type": "Feature", "properties": { "name": "Osan" }, "geometry": { "type": "Point", "coordinates": [ -77.45769, 38.30115 ] } },
{ "type": "Feature", "properties": { "name": "Bigsuda" }, "geometry": { "type": "Point", "coordinates": [ -87.67174, 41.90644 ] } },
{ "type": "Feature", "properties": { "name": "SV Home Korean Resturaunt" }, "geometry": { "type": "Point", "coordinates": [ -110.30557, 31.55317 ] } },
{ "type": "Feature", "properties": { "name": "Arisu" }, "geometry": { "type": "Point", "coordinates": [ -71.76904, 42.55473 ] } },
{ "type": "Feature", "properties": { "name": "Seoul Gourmet Korean Cuisine" }, "geometry": { "type": "Point", "coordinates": [ -71.1013, 42.13491 ] } },
{ "type": "Feature", "properties": { "name": "Choice Deli & Grocery" }, "geometry": { "type": "Point", "coordinates": [ -122.36653, 47.67578 ] } },
{ "type": "Feature", "properties": { "name": "Han Gang Korean Cuisine" }, "geometry": { "type": "Point", "coordinates": [ -77.19649, 38.83011 ] } },
{ "type": "Feature", "properties": { "name": "Gang Nam" }, "geometry": { "type": "Point", "coordinates": [ -119.2798, 46.27458 ] } },
{ "type": "Feature", "properties": { "name": "QPot Hot Pot & BBQ" }, "geometry": { "type": "Point", "coordinates": [ -77.61428, 37.6563 ] } },
{ "type": "Feature", "properties": { "name": "Kunjip Tofu" }, "geometry": { "type": "Point", "coordinates": [ -122.0982, 37.39453 ] } },
{ "type": "Feature", "properties": { "name": "Gen Korean BBQ" }, "geometry": { "type": "Point", "coordinates": [ -117.81973, 33.74103 ] } },
{ "type": "Feature", "properties": { "name": "Wang Cho Korean BBQ" }, "geometry": { "type": "Point", "coordinates": [ -117.88645, 33.69911 ] } },
{ "type": "Feature", "properties": { "name": "Korea House" }, "geometry": { "type": "Point", "coordinates": [ -110.90638, 32.2359 ] } },
{ "type": "Feature", "properties": { "name": "Kyung Bok Kung Korean BBQ" }, "geometry": { "type": "Point", "coordinates": [ -117.99859, 33.84927 ] } },
{ "type": "Feature", "properties": { "name": "Cho Sun Ok" }, "geometry": { "type": "Point", "coordinates": [ -117.99733, 33.8486 ] } },
{ "type": "Feature", "properties": { "name": "Koreanz" }, "geometry": { "type": "Point", "coordinates": [ -79.18411, 37.37325 ] } },
{ "type": "Feature", "properties": { "name": "Red Bowl" }, "geometry": { "type": "Point", "coordinates": [ -78.58126, 35.8723 ] } },
{ "type": "Feature", "properties": { "name": "Sorak Garden Restaurant" }, "geometry": { "type": "Point", "coordinates": [ -77.19504, 38.82952 ] } },
{ "type": "Feature", "properties": { "name": "Korean Barbecue of Utah" }, "geometry": { "type": "Point", "coordinates": [ -111.89017, 40.62157 ] } },
{ "type": "Feature", "properties": { "name": "Insa" }, "geometry": { "type": "Point", "coordinates": [ -73.98268, 40.67943 ] } },
{ "type": "Feature", "properties": { "name": "KPOT Korean BBQ and Hot Pot" }, "geometry": { "type": "Point", "coordinates": [ -96.8597, 46.85414 ] } },
{ "type": "Feature", "properties": { "name": "Asian Bistro" }, "geometry": { "type": "Point", "coordinates": [ -74.62177, 40.31837 ] } },
{ "type": "Feature", "properties": { "name": "707 Sutter" }, "geometry": { "type": "Point", "coordinates": [ -122.41212, 37.78856 ] } },
{ "type": "Feature", "properties": { "name": "Gen Korean BBQ House" }, "geometry": { "type": "Point", "coordinates": [ -73.98755, 40.73318 ] } },
{ "type": "Feature", "properties": { "name": "Toji Korean Grill House" }, "geometry": { "type": "Point", "coordinates": [ -122.61472, 45.51222 ] } },
{ "type": "Feature", "properties": { "name": "Seoul Food D.C." }, "geometry": { "type": "Point", "coordinates": [ -77.00621, 38.97831 ] } },
{ "type": "Feature", "properties": { "name": "on" }, "geometry": { "type": "Point", "coordinates": [ -73.98526, 40.74507 ] } },
{ "type": "Feature", "properties": { "name": "Paik's Bonga" }, "geometry": { "type": "Point", "coordinates": [ -117.82016, 34.00718 ] } },
{ "type": "Feature", "properties": { "name": "Daeho Kalbijjim & Beef Soup" }, "geometry": { "type": "Point", "coordinates": [ -122.14079, 47.57673 ] } },
{ "type": "Feature", "properties": { "name": "BCD Tofu House" }, "geometry": { "type": "Point", "coordinates": [ -73.76172, 40.76168 ] } },
{ "type": "Feature", "properties": { "name": "Korean restaurant" }, "geometry": { "type": "Point", "coordinates": [ -122.50469, 37.75319 ] } },
{ "type": "Feature", "properties": { "name": "K-Elements BBQ" }, "geometry": { "type": "Point", "coordinates": [ -122.48249, 37.78231 ] } },
{ "type": "Feature", "properties": { "name": "Paik's Noodle" }, "geometry": { "type": "Point", "coordinates": [ -122.77788, 45.45355 ] } },
{ "type": "Feature", "properties": { "name": "BBQ Garden" }, "geometry": { "type": "Point", "coordinates": [ -87.85184, 42.05554 ] } },
{ "type": "Feature", "properties": { "name": "A+ Wagyu BBQ" }, "geometry": { "type": "Point", "coordinates": [ -83.72085, 42.29833 ] } },
{ "type": "Feature", "properties": { "name": "Chef JK Korean BBQ Master" }, "geometry": { "type": "Point", "coordinates": [ -83.37809, 33.92321 ] } },
{ "type": "Feature", "properties": { "name": "E. M. Bop" }, "geometry": { "type": "Point", "coordinates": [ -82.29907, 34.82479 ] } },
{ "type": "Feature", "properties": { "name": "K-Pot" }, "geometry": { "type": "Point", "coordinates": [ -82.3049, 34.83289 ] } },
{ "type": "Feature", "properties": { "name": "Seoul Food Meat Co." }, "geometry": { "type": "Point", "coordinates": [ -80.85765, 35.21925 ] } },
{ "type": "Feature", "properties": { "name": "bb.q Chicken" }, "geometry": { "type": "Point", "coordinates": [ -122.79951, 45.49035 ] } },
{ "type": "Feature", "properties": { "name": "Kkoki Korean BBQ" }, "geometry": { "type": "Point", "coordinates": [ -122.78279, 45.49307 ] } },
{ "type": "Feature", "properties": { "name": "KPOT Korean BBQ & Hot Pot" }, "geometry": { "type": "Point", "coordinates": [ -84.21, 39.63391 ] } },
{ "type": "Feature", "properties": { "name": "K-Shack Korean Grill" }, "geometry": { "type": "Point", "coordinates": [ -106.95984, 36.02615 ] } },
{ "type": "Feature", "properties": { "name": "Namu" }, "geometry": { "type": "Point", "coordinates": [ -78.99642, 35.95265 ] } },
{ "type": "Feature", "properties": { "name": "Bonchon Chicken" }, "geometry": { "type": "Point", "coordinates": [ -79.79057, 36.06572 ] } },
{ "type": "Feature", "properties": { "name": "Molo Asian BBQ" }, "geometry": { "type": "Point", "coordinates": [ -88.46051, 44.27175 ] } },
{ "type": "Feature", "properties": { "name": "Manna Korean BBQ & Hot Pot" }, "geometry": { "type": "Point", "coordinates": [ -77.85327, 40.78172 ] } },
{ "type": "Feature", "properties": { "name": "K-Town Korean BBQ" }, "geometry": { "type": "Point", "coordinates": [ -122.79993, 45.48585 ] } },
{ "type": "Feature", "properties": { "name": "Jong Kak" }, "geometry": { "type": "Point", "coordinates": [ -76.61746, 39.31234 ] } },
{ "type": "Feature", "properties": { "name": "Kong Pocha" }, "geometry": { "type": "Point", "coordinates": [ -76.61722, 39.31242 ] } },
{ "type": "Feature", "properties": { "name": "Gogi 1055 Korean BBQ" }, "geometry": { "type": "Point", "coordinates": [ -85.72206, 38.23931 ] } },
{ "type": "Feature", "properties": { "name": "Woomadang" }, "geometry": { "type": "Point", "coordinates": [ -122.12519, 47.68198 ] } },
{ "type": "Feature", "properties": { "name": "BIBIBOP Asian Grill" }, "geometry": { "type": "Point", "coordinates": [ -87.94649, 42.24097 ] } },
{ "type": "Feature", "properties": { "name": "Kyung Sung" }, "geometry": { "type": "Point", "coordinates": [ -76.52712, 37.122 ] } },
{ "type": "Feature", "properties": { "name": "CM Chicken" }, "geometry": { "type": "Point", "coordinates": [ -85.5886, 38.15173 ] } },
{ "type": "Feature", "properties": { "name": "Seoul Garden" }, "geometry": { "type": "Point", "coordinates": [ -83.734, 42.2422 ] } },
{ "type": "Feature", "properties": { "name": "Honey Spicy" }, "geometry": { "type": "Point", "coordinates": [ -122.72405, 45.45293 ] } },
{ "type": "Feature", "properties": { "name": "Ichiban" }, "geometry": { "type": "Point", "coordinates": [ -71.45121, 41.78607 ] } },
{ "type": "Feature", "properties": { "name": "Bart Grocery" }, "geometry": { "type": "Point", "coordinates": [ -122.46414, 37.70574 ] } },
{ "type": "Feature", "properties": { "name": "Cupbop" }, "geometry": { "type": "Point", "coordinates": [ -111.95705, 40.69375 ] } },
{ "type": "Feature", "properties": { "name": "Chimcking" }, "geometry": { "type": "Point", "coordinates": [ -122.79769, 45.4883 ] } },
{ "type": "Feature", "properties": { "name": "Teriyaki Wok II" }, "geometry": { "type": "Point", "coordinates": [ -105.09654, 40.57502 ] } },
{ "type": "Feature", "properties": { "name": "Pixiu Mala Hongtang" }, "geometry": { "type": "Point", "coordinates": [ -122.6996, 45.53532 ] } },
{ "type": "Feature", "properties": { "name": "Exit 5 Korean BBQ" }, "geometry": { "type": "Point", "coordinates": [ -122.20291, 47.49843 ] } },
{ "type": "Feature", "properties": { "name": "SheCraft" }, "geometry": { "type": "Point", "coordinates": [ -84.59537, 33.47799 ] } },
{ "type": "Feature", "properties": { "name": "Myung Ga Korean Restaurant" }, "geometry": { "type": "Point", "coordinates": [ -111.94696, 40.69926 ] } },
{ "type": "Feature", "properties": { "name": "Gosu Korean BBQ" }, "geometry": { "type": "Point", "coordinates": [ -111.93981, 40.69699 ] } },
{ "type": "Feature", "properties": { "name": "CM Chicken Knoxville" }, "geometry": { "type": "Point", "coordinates": [ -84.15853, 35.88165 ] } },
{ "type": "Feature", "properties": { "name": "Seoul Grill Korean Kitchen" }, "geometry": { "type": "Point", "coordinates": [ -122.85959, 45.49345 ] } },
{ "type": "Feature", "properties": { "name": "Chosun Galbee" }, "geometry": { "type": "Point", "coordinates": [ -118.3104, 34.05229 ] } },
{ "type": "Feature", "properties": { "name": "Chung Ki Wa" }, "geometry": { "type": "Point", "coordinates": [ -118.31609, 34.05277 ] } },
{ "type": "Feature", "properties": { "name": "Baekjeong Korean BBQ" }, "geometry": { "type": "Point", "coordinates": [ -117.78377, 33.70804 ] } },
{ "type": "Feature", "properties": { "name": "One Korean Cuisine" }, "geometry": { "type": "Point", "coordinates": [ -122.82684, 45.47517 ] } },
{ "type": "Feature", "properties": { "name": "Jjamppong Zizon" }, "geometry": { "type": "Point", "coordinates": [ -122.25734, 37.82702 ] } },
{ "type": "Feature", "properties": { "name": "Hahaha Chicken" }, "geometry": { "type": "Point", "coordinates": [ -71.15073, 42.48097 ] } },
{ "type": "Feature", "properties": { "name": "Kimchi Box Plus" }, "geometry": { "type": "Point", "coordinates": [ -83.43374, 42.42395 ] } },
{ "type": "Feature", "properties": { "name": "Gen Korean BBQ" }, "geometry": { "type": "Point", "coordinates": [ -97.59598, 30.46987 ] } },
{ "type": "Feature", "properties": { "name": "Q Korean Steakhouse" }, "geometry": { "type": "Point", "coordinates": [ -84.1354, 34.18263 ] } },
{ "type": "Feature", "properties": { "name": "843 Korean BBQ" }, "geometry": { "type": "Point", "coordinates": [ -80.02854, 32.91705 ] } },
{ "type": "Feature", "properties": { "name": "Naju Myunok" }, "geometry": { "type": "Point", "coordinates": [ -84.12899, 33.95741 ] } },
{ "type": "Feature", "properties": { "name": "678 Korean BBQ" }, "geometry": { "type": "Point", "coordinates": [ -84.14222, 33.95339 ] } },
{ "type": "Feature", "properties": { "name": "Honey Spicy Bowl" }, "geometry": { "type": "Point", "coordinates": [ -122.76594, 45.43385 ] } },
{ "type": "Feature", "properties": { "name": "Sun Grill Teriyaki" }, "geometry": { "type": "Point", "coordinates": [ -122.80645, 45.52353 ] } },
{ "type": "Feature", "properties": { "name": "Moo BBQ" }, "geometry": { "type": "Point", "coordinates": [ -118.08305, 33.85809 ] } },
{ "type": "Feature", "properties": { "name": "Crazy Pot" }, "geometry": { "type": "Point", "coordinates": [ -121.41872, 38.59837 ] } },
{ "type": "Feature", "properties": { "name": "Rockstar Korean BBQ" }, "geometry": { "type": "Point", "coordinates": [ -73.69969, 40.65991 ] } },
{ "type": "Feature", "properties": { "name": "Atto 아토" }, "geometry": { "type": "Point", "coordinates": [ -118.30958, 33.86823 ] } },
{ "type": "Feature", "properties": { "name": "92KBBQ AYCE" }, "geometry": { "type": "Point", "coordinates": [ -118.31538, 33.83167 ] } },
{ "type": "Feature", "properties": { "name": "The kPot" }, "geometry": { "type": "Point", "coordinates": [ -76.08583, 43.0577 ] } },
{ "type": "Feature", "properties": { "name": "Gogi's Korean BBQ" }, "geometry": { "type": "Point", "coordinates": [ -121.4877, 38.57648 ] } },
{ "type": "Feature", "properties": { "name": "Goobne" }, "geometry": { "type": "Point", "coordinates": [ -118.29881, 34.06883 ] } },
{ "type": "Feature", "properties": { "name": "Cupbop - Korean BBQ in a Cup" }, "geometry": { "type": "Point", "coordinates": [ -114.45998, 42.57599 ] } },
{ "type": "Feature", "properties": { "name": "Gold Spoon" }, "geometry": { "type": "Point", "coordinates": [ -96.90934, 32.99741 ] } },
{ "type": "Feature", "properties": { "name": "One Pot USA" }, "geometry": { "type": "Point", "coordinates": [ -83.08801, 40.09679 ] } },
{ "type": "Feature", "properties": { "name": "BCD Tofu House" }, "geometry": { "type": "Point", "coordinates": [ -118.30267, 34.0621 ] } },
{ "type": "Feature", "properties": { "name": "Brother's Korean BBQ" }, "geometry": { "type": "Point", "coordinates": [ -118.30261, 34.06334 ] } },
{ "type": "Feature", "properties": { "name": "Daedo Skidang" }, "geometry": { "type": "Point", "coordinates": [ -118.31074, 34.06377 ] } },
{ "type": "Feature", "properties": { "name": "Sonagi Korean BBQ" }, "geometry": { "type": "Point", "coordinates": [ -118.28748, 34.05263 ] } },
{ "type": "Feature", "properties": { "name": "TGI Korean BBQ" }, "geometry": { "type": "Point", "coordinates": [ -118.28622, 34.05264 ] } },
{ "type": "Feature", "properties": { "name": "Feng Mao" }, "geometry": { "type": "Point", "coordinates": [ -118.31966, 34.05366 ] } },
{ "type": "Feature", "properties": { "name": "Korean restaurant" }, "geometry": { "type": "Point", "coordinates": [ -118.53566, 34.22134 ] } },
{ "type": "Feature", "properties": { "name": "Hanoo Kalbi" }, "geometry": { "type": "Point", "coordinates": [ -118.53648, 34.24663 ] } },
{ "type": "Feature", "properties": { "name": "Ohana International" }, "geometry": { "type": "Point", "coordinates": [ -78.96008, 35.07949 ] } },
{ "type": "Feature", "properties": { "name": "Gen Korean BBQ" }, "geometry": { "type": "Point", "coordinates": [ -118.53738, 34.25507 ] } },
{ "type": "Feature", "properties": { "name": "Koba Grill" }, "geometry": { "type": "Point", "coordinates": [ -122.83583, 45.36529 ] } },
{ "type": "Feature", "properties": { "name": "Shilla" }, "geometry": { "type": "Point", "coordinates": [ -118.30881, 33.87727 ] } },
{ "type": "Feature", "properties": { "name": "Gen Korean BBQ" }, "geometry": { "type": "Point", "coordinates": [ -118.32845, 33.80535 ] } },
{ "type": "Feature", "properties": { "name": "KPot" }, "geometry": { "type": "Point", "coordinates": [ -83.24217, 42.19918 ] } },
{ "type": "Feature", "properties": { "name": "Ten-Raku All You Can Eat" }, "geometry": { "type": "Point", "coordinates": [ -118.21604, 33.93012 ] } },
{ "type": "Feature", "properties": { "name": "Sam Woo BBQ and Seafood" }, "geometry": { "type": "Point", "coordinates": [ -118.08176, 33.85815 ] } },
{ "type": "Feature", "properties": { "name": "Chil-Po K-Food" }, "geometry": { "type": "Point", "coordinates": [ -118.0827, 33.87396 ] } },
{ "type": "Feature", "properties": { "name": "Bulgogi Korean BBQ" }, "geometry": { "type": "Point", "coordinates": [ -122.13088, 47.61957 ] } },
{ "type": "Feature", "properties": { "name": "bbbop Seoul Kitchen" }, "geometry": { "type": "Point", "coordinates": [ -96.83686, 32.74935 ] } },
{ "type": "Feature", "properties": { "name": "Seoul" }, "geometry": { "type": "Point", "coordinates": [ -101.91128, 33.54974 ] } },
{ "type": "Feature", "properties": { "name": "Mr. Lee's Barbeque House" }, "geometry": { "type": "Point", "coordinates": [ -118.03836, 33.85995 ] } },
{ "type": "Feature", "properties": { "name": "Spoon Fusion Korea Oh K-Dog" }, "geometry": { "type": "Point", "coordinates": [ -94.16682, 36.06627 ] } },
{ "type": "Feature", "properties": { "name": "Korean BBQ" }, "geometry": { "type": "Point", "coordinates": [ -85.45054, 32.62572 ] } },
{ "type": "Feature", "properties": { "name": "Spooner's" }, "geometry": { "type": "Point", "coordinates": [ -117.77027, 34.101 ] } },
{ "type": "Feature", "properties": { "name": "Sun Nong Dan" }, "geometry": { "type": "Point", "coordinates": [ -117.88971, 33.99476 ] } },
{ "type": "Feature", "properties": { "name": "Seoul Restaurant" }, "geometry": { "type": "Point", "coordinates": [ -87.88512, 43.0583 ] } },
{ "type": "Feature", "properties": { "name": "Grand King Buffet" }, "geometry": { "type": "Point", "coordinates": [ -86.07819, 42.77623 ] } },
{ "type": "Feature", "properties": { "name": "Sool Korean Kitchen" }, "geometry": { "type": "Point", "coordinates": [ -122.66706, 45.68171 ] } },
{ "type": "Feature", "properties": { "name": "Ten Hot Pot BBQ" }, "geometry": { "type": "Point", "coordinates": [ -75.04887, 39.92483 ] } },
{ "type": "Feature", "properties": { "name": "Dolsot House" }, "geometry": { "type": "Point", "coordinates": [ -75.00231, 39.91305 ] } },
{ "type": "Feature", "properties": { "name": "House Of Taste" }, "geometry": { "type": "Point", "coordinates": [ -94.14308, 36.11114 ] } },
{ "type": "Feature", "properties": { "name": "Speed Bowls" }, "geometry": { "type": "Point", "coordinates": [ -123.88526, 46.98218 ] } },
{ "type": "Feature", "properties": { "name": "Choong Hwa Won" }, "geometry": { "type": "Point", "coordinates": [ -77.19004, 38.82864 ] } },
{ "type": "Feature", "properties": { "name": "Korean House" }, "geometry": { "type": "Point", "coordinates": [ -97.43136, 35.43489 ] } },
{ "type": "Feature", "properties": { "name": "Dong Bo Sung" }, "geometry": { "type": "Point", "coordinates": [ -73.96707, 40.85656 ] } },
{ "type": "Feature", "properties": { "name": "Char" }, "geometry": { "type": "Point", "coordinates": [ -84.35907, 33.76217 ] } },
{ "type": "Feature", "properties": { "name": "Bonchon Chicken" }, "geometry": { "type": "Point", "coordinates": [ -121.82236, 37.30135 ] } },
{ "type": "Feature", "properties": { "name": "San Ho Won" }, "geometry": { "type": "Point", "coordinates": [ -122.41021, 37.75959 ] } },
{ "type": "Feature", "properties": { "name": "Paris Banh Mi" }, "geometry": { "type": "Point", "coordinates": [ -80.94085, 34.1427 ] } },
{ "type": "Feature", "properties": { "name": "Andy's Chicken" }, "geometry": { "type": "Point", "coordinates": [ -75.12681, 40.09623 ] } },
{ "type": "Feature", "properties": { "name": "Eden Korean Restaurant" }, "geometry": { "type": "Point", "coordinates": [ -74.9917, 39.91118 ] } },
{ "type": "Feature", "properties": { "name": "Doo.Ri.Ban" }, "geometry": { "type": "Point", "coordinates": [ -82.72888, 27.82302 ] } },
{ "type": "Feature", "properties": { "name": "Ja Kum Sung" }, "geometry": { "type": "Point", "coordinates": [ -76.62034, 39.16062 ] } },
{ "type": "Feature", "properties": { "name": "Chicken 7" }, "geometry": { "type": "Point", "coordinates": [ -90.25879, 38.56311 ] } },
{ "type": "Feature", "properties": { "name": "Stone Bowl" }, "geometry": { "type": "Point", "coordinates": [ -84.42305, 39.1569 ] } },
{ "type": "Feature", "properties": { "name": "O2 Korean BBQ" }, "geometry": { "type": "Point", "coordinates": [ -75.65813, 40.05506 ] } },
{ "type": "Feature", "properties": { "name": "KPOT Korean BBQ & Hot Pot" }, "geometry": { "type": "Point", "coordinates": [ -90.67691, 35.80639 ] } },
{ "type": "Feature", "properties": { "name": "O-Bok Korean Restaurant" }, "geometry": { "type": "Point", "coordinates": [ -80.93861, 34.04272 ] } },
{ "type": "Feature", "properties": { "name": "Sushi Moto" }, "geometry": { "type": "Point", "coordinates": [ -84.62108, 42.7387 ] } },
{ "type": "Feature", "properties": { "name": "Bonchon Chicken" }, "geometry": { "type": "Point", "coordinates": [ -122.57234, 45.43546 ] } },
{ "type": "Feature", "properties": { "name": "So Kong Dong" }, "geometry": { "type": "Point", "coordinates": [ -73.96705, 40.85049 ] } },
{ "type": "Feature", "properties": { "name": "Kimchi's Korean Café" }, "geometry": { "type": "Point", "coordinates": [ -95.68743, 29.7877 ] } },
{ "type": "Feature", "properties": { "name": "Magnificent Garden" }, "geometry": { "type": "Point", "coordinates": [ -116.28366, 43.6137 ] } },
{ "type": "Feature", "properties": { "name": "Osaka" }, "geometry": { "type": "Point", "coordinates": [ -75.3369, 40.24243 ] } },
{ "type": "Feature", "properties": { "name": "Kimchi and Wasabi" }, "geometry": { "type": "Point", "coordinates": [ -75.33196, 41.09696 ] } },
{ "type": "Feature", "properties": { "name": "Hungry Pot" }, "geometry": { "type": "Point", "coordinates": [ -73.41572, 41.40948 ] } },
{ "type": "Feature", "properties": { "name": "Da Rae Won" }, "geometry": { "type": "Point", "coordinates": [ -76.90642, 39.04125 ] } },
{ "type": "Feature", "properties": { "name": "New Korea" }, "geometry": { "type": "Point", "coordinates": [ -87.42001, 36.596 ] } },
{ "type": "Feature", "properties": { "name": "San Dong Express" }, "geometry": { "type": "Point", "coordinates": [ -87.9135, 42.95958 ] } },
{ "type": "Feature", "properties": { "name": "Kim's Kitchen" }, "geometry": { "type": "Point", "coordinates": [ -75.39915, 40.53092 ] } },
{ "type": "Feature", "properties": { "name": "K-Station BBQ" }, "geometry": { "type": "Point", "coordinates": [ -79.95274, 40.44258 ] } },
{ "type": "Feature", "properties": { "name": "Korea Restaurant" }, "geometry": { "type": "Point", "coordinates": [ -86.5293, 39.16575 ] } },
{ "type": "Feature", "properties": { "name": "Seoul Garden" }, "geometry": { "type": "Point", "coordinates": [ -96.89557, 32.8955 ] } },
{ "type": "Feature", "properties": { "name": "Surf To Turf" }, "geometry": { "type": "Point", "coordinates": [ -108.58378, 39.08146 ] } },
{ "type": "Feature", "properties": { "name": "New Gangnam" }, "geometry": { "type": "Point", "coordinates": [ -122.31323, 47.82398 ] } },
{ "type": "Feature", "properties": { "name": "To Soc Chon" }, "geometry": { "type": "Point", "coordinates": [ -87.77805, 42.04113 ] } },
{ "type": "Feature", "properties": { "name": "Gail's Carriage Way" }, "geometry": { "type": "Point", "coordinates": [ -87.96555, 42.19713 ] } },
{ "type": "Feature", "properties": { "name": "MI Pot Korean BBQ & Hot Pot" }, "geometry": { "type": "Point", "coordinates": [ -83.73368, 43.31494 ] } },
{ "type": "Feature", "properties": { "name": "Soko Bag Korean Fried Chicken" }, "geometry": { "type": "Point", "coordinates": [ -75.51259, 40.12373 ] } },
{ "type": "Feature", "properties": { "name": "Hi-Pot" }, "geometry": { "type": "Point", "coordinates": [ -78.9878, 33.64302 ] } },
{ "type": "Feature", "properties": { "name": "Chaum Korean Eatery" }, "geometry": { "type": "Point", "coordinates": [ -82.08463, 33.51222 ] } },
{ "type": "Feature", "properties": { "name": "I Can Barbecue Korean Grill" }, "geometry": { "type": "Point", "coordinates": [ -117.78537, 33.66845 ] } },
{ "type": "Feature", "properties": { "name": "Pearl" }, "geometry": { "type": "Point", "coordinates": [ -122.57044, 38.10184 ] } },
{ "type": "Feature", "properties": { "name": "KPOT Korean BBQ & Hot Pot" }, "geometry": { "type": "Point", "coordinates": [ -80.32712, 36.06696 ] } },
{ "type": "Feature", "properties": { "name": "Yama" }, "geometry": { "type": "Point", "coordinates": [ -72.30972, 43.64872 ] } },
{ "type": "Feature", "properties": { "name": "The One Korean BBQ + Bar" }, "geometry": { "type": "Point", "coordinates": [ -79.95997, 36.03381 ] } },
{ "type": "Feature", "properties": { "name": "Oodle Ramen" }, "geometry": { "type": "Point", "coordinates": [ -81.46059, 28.49326 ] } },
{ "type": "Feature", "properties": { "name": "Momo's Korean BBQ" }, "geometry": { "type": "Point", "coordinates": [ -87.41446, 36.59032 ] } },
{ "type": "Feature", "properties": { "name": "Seoul House" }, "geometry": { "type": "Point", "coordinates": [ -77.63282, 43.09569 ] } },
{ "type": "Feature", "properties": { "name": "Mr. Wok" }, "geometry": { "type": "Point", "coordinates": [ -116.21325, 43.5981 ] } },
{ "type": "Feature", "properties": { "name": "Wang Cho" }, "geometry": { "type": "Point", "coordinates": [ -117.7196, 33.99832 ] } },
{ "type": "Feature", "properties": { "name": "Kwik Chek" }, "geometry": { "type": "Point", "coordinates": [ -89.99432, 35.13682 ] } },
{ "type": "Feature", "properties": { "name": "Gen Korean BBQ" }, "geometry": { "type": "Point", "coordinates": [ -111.90497, 33.43296 ] } },
{ "type": "Feature", "properties": { "name": "Iron Age Glenview" }, "geometry": { "type": "Point", "coordinates": [ -87.8681, 42.08675 ] } },
{ "type": "Feature", "properties": { "name": "K-Town Korean BBQ" }, "geometry": { "type": "Point", "coordinates": [ -122.66021, 45.68557 ] } },
{ "type": "Feature", "properties": { "name": "Koko" }, "geometry": { "type": "Point", "coordinates": [ -76.48505, 42.44132 ] } },
{ "type": "Feature", "properties": { "name": "Seoul Garden" }, "geometry": { "type": "Point", "coordinates": [ -78.79541, 35.78 ] } },
{ "type": "Feature", "properties": { "name": "Bonchon Chicken" }, "geometry": { "type": "Point", "coordinates": [ -81.51936, 30.09783 ] } },
{ "type": "Feature", "properties": { "name": "Korean Restaurant" }, "geometry": { "type": "Point", "coordinates": [ -79.05707, 43.08869 ] } },
{ "type": "Feature", "properties": { "name": "Seoul Restaurant" }, "geometry": { "type": "Point", "coordinates": [ -85.18345, 35.02959 ] } },
{ "type": "Feature", "properties": { "name": "Surah" }, "geometry": { "type": "Point", "coordinates": [ -75.22615, 40.19082 ] } },
{ "type": "Feature", "properties": { "name": "K-Pot Korean BBQ & Hot Pot" }, "geometry": { "type": "Point", "coordinates": [ -95.12915, 29.52568 ] } },
{ "type": "Feature", "properties": { "name": "Kimchi" }, "geometry": { "type": "Point", "coordinates": [ -86.94235, 40.4682 ] } },
{ "type": "Feature", "properties": { "name": "YakiniQ LV" }, "geometry": { "type": "Point", "coordinates": [ -121.76856, 37.6804 ] } },
{ "type": "Feature", "properties": { "name": "Samurai Sushi and Korean Pub" }, "geometry": { "type": "Point", "coordinates": [ -86.79085, 36.17765 ] } },
{ "type": "Feature", "properties": { "name": "Kogi Korean BBQ And Hot Pot" }, "geometry": { "type": "Point", "coordinates": [ -77.62803, 39.92746 ] } },
{ "type": "Feature", "properties": { "name": "Best Fish and Chicken Wings" }, "geometry": { "type": "Point", "coordinates": [ -81.26459, 28.80888 ] } },
{ "type": "Feature", "properties": { "name": "Korean House Restaraunt" }, "geometry": { "type": "Point", "coordinates": [ -104.83116, 41.14565 ] } },
{ "type": "Feature", "properties": { "name": "Izziban BBQ & Sushi Buffet" }, "geometry": { "type": "Point", "coordinates": [ -81.31719, 28.55383 ] } },
{ "type": "Feature", "properties": { "name": "Korean restaurant" }, "geometry": { "type": "Point", "coordinates": [ -117.43535, 34.10589 ] } },
{ "type": "Feature", "properties": { "name": "Nak Won" }, "geometry": { "type": "Point", "coordinates": [ -122.80601, 45.48623 ] } },
{ "type": "Feature", "properties": { "name": "1st Street Pocha" }, "geometry": { "type": "Point", "coordinates": [ -122.80587, 45.48622 ] } },
{ "type": "Feature", "properties": { "name": "Jinju" }, "geometry": { "type": "Point", "coordinates": [ -82.68003, 27.79621 ] } },
{ "type": "Feature", "properties": { "name": "Korea House" }, "geometry": { "type": "Point", "coordinates": [ -84.96414, 32.52261 ] } },
{ "type": "Feature", "properties": { "name": "Manna Korean Restaurant" }, "geometry": { "type": "Point", "coordinates": [ -97.72098, 30.33646 ] } },
{ "type": "Feature", "properties": { "name": "Koreana Korean Cuisine" }, "geometry": { "type": "Point", "coordinates": [ -117.73224, 40.97602 ] } },
{ "type": "Feature", "properties": { "name": "Han Yang Restaurant" }, "geometry": { "type": "Point", "coordinates": [ -118.00793, 33.85863 ] } },
{ "type": "Feature", "properties": { "name": "Mr. BBQ" }, "geometry": { "type": "Point", "coordinates": [ -115.19683, 36.12671 ] } },
{ "type": "Feature", "properties": { "name": "E-Jo Korean Restaurant" }, "geometry": { "type": "Point", "coordinates": [ -115.14539, 36.14426 ] } },
{ "type": "Feature", "properties": { "name": "Song's Korean Restaurant" }, "geometry": { "type": "Point", "coordinates": [ -85.94516, 37.8489 ] } },
{ "type": "Feature", "properties": { "name": "Autumn Gardens Restaurant" }, "geometry": { "type": "Point", "coordinates": [ -85.94496, 37.84949 ] } },
{ "type": "Feature", "properties": { "name": "NY Korean BBQ & Chicken" }, "geometry": { "type": "Point", "coordinates": [ -81.00104, 29.1709 ] } },
{ "type": "Feature", "properties": { "name": "Frymazing" }, "geometry": { "type": "Point", "coordinates": [ -122.12815, 38.22052 ] } },
{ "type": "Feature", "properties": { "name": "Chimcking" }, "geometry": { "type": "Point", "coordinates": [ -122.90174, 45.49317 ] } },
{ "type": "Feature", "properties": { "name": "Mapojeong" }, "geometry": { "type": "Point", "coordinates": [ -95.38739, 29.78196 ] } },
{ "type": "Feature", "properties": { "name": "Moobongri Soondae" }, "geometry": { "type": "Point", "coordinates": [ -115.20853, 36.12833 ] } },
{ "type": "Feature", "properties": { "name": "Seoul Buns" }, "geometry": { "type": "Point", "coordinates": [ -122.23792, 48.51021 ] } },
{ "type": "Feature", "properties": { "name": "Beach Walk" }, "geometry": { "type": "Point", "coordinates": [ -123.96316, 45.20219 ] } },
{ "type": "Feature", "properties": { "name": "Bul-Go-Gi" }, "geometry": { "type": "Point", "coordinates": [ -77.41565, 38.47566 ] } },
{ "type": "Feature", "properties": { "name": "State Street Grill" }, "geometry": { "type": "Point", "coordinates": [ -74.19863, 40.79562 ] } },
{ "type": "Feature", "properties": { "name": "Seoul Garden Restaurant" }, "geometry": { "type": "Point", "coordinates": [ -122.42914, 37.78535 ] } },
{ "type": "Feature", "properties": { "name": "Willow Tree" }, "geometry": { "type": "Point", "coordinates": [ -86.22388, 32.34606 ] } },
{ "type": "Feature", "properties": { "name": "Hansik Town Korean Eatery" }, "geometry": { "type": "Point", "coordinates": [ -122.88729, 45.49703 ] } },
{ "type": "Feature", "properties": { "name": "Heirloom Market BBQ" }, "geometry": { "type": "Point", "coordinates": [ -84.44718, 33.89859 ] } },
{ "type": "Feature", "properties": { "name": "Mr. BBQ" }, "geometry": { "type": "Point", "coordinates": [ -117.89008, 33.87266 ] } },
{ "type": "Feature", "properties": { "name": "Ocean Garden Ramen & Pho" }, "geometry": { "type": "Point", "coordinates": [ -123.02542, 44.06366 ] } },
{ "type": "Feature", "properties": { "name": "Choong Man Chicken Glenview (충만치킨)" }, "geometry": { "type": "Point", "coordinates": [ -87.84361, 42.05951 ] } },
{ "type": "Feature", "properties": { "name": "Lakehouse Central BBQ" }, "geometry": { "type": "Point", "coordinates": [ -111.91994, 33.376 ] } },
{ "type": "Feature", "properties": { "name": "Sizzle Korean Barbecue" }, "geometry": { "type": "Point", "coordinates": [ -111.92643, 33.49109 ] } },
{ "type": "Feature", "properties": { "name": "Bumblebees BBQ and Grill" }, "geometry": { "type": "Point", "coordinates": [ -111.89103, 40.60662 ] } },
{ "type": "Feature", "properties": { "name": "K-Pot Korean BBQ" }, "geometry": { "type": "Point", "coordinates": [ -88.0047, 42.95572 ] } },
{ "type": "Feature", "properties": { "name": "Mott St" }, "geometry": { "type": "Point", "coordinates": [ -87.66729, 41.90716 ] } },
{ "type": "Feature", "properties": { "name": "Holdaak" }, "geometry": { "type": "Point", "coordinates": [ -118.53566, 34.23482 ] } },
{ "type": "Feature", "properties": { "name": "Fire Chicken" }, "geometry": { "type": "Point", "coordinates": [ -90.38546, 38.69063 ] } },
{ "type": "Feature", "properties": { "name": "Asiana Korean Cuisine" }, "geometry": { "type": "Point", "coordinates": [ -87.78591, 42.72632 ] } },
{ "type": "Feature", "properties": { "name": "Bonchon Chicken" }, "geometry": { "type": "Point", "coordinates": [ -86.56018, 35.98077 ] } },
{ "type": "Feature", "properties": { "name": "Manna Asian Cuisine" }, "geometry": { "type": "Point", "coordinates": [ -75.60288, 38.3449 ] } },
{ "type": "Feature", "properties": { "name": "Beachside Bowls" }, "geometry": { "type": "Point", "coordinates": [ -77.44463, 37.83539 ] } },
{ "type": "Feature", "properties": { "name": "Sa Ri One Korean Restaurant" }, "geometry": { "type": "Point", "coordinates": [ -82.50907, 27.95194 ] } },
{ "type": "Feature", "properties": { "name": "Matoi" }, "geometry": { "type": "Point", "coordinates": [ -82.50612, 27.94948 ] } },
{ "type": "Feature", "properties": { "name": "K-COOP" }, "geometry": { "type": "Point", "coordinates": [ -87.77421, 42.04116 ] } },
{ "type": "Feature", "properties": { "name": "K-Bop" }, "geometry": { "type": "Point", "coordinates": [ -97.74234, 30.2829 ] } },
{ "type": "Feature", "properties": { "name": "Pelicana Chicken" }, "geometry": { "type": "Point", "coordinates": [ -75.20334, 39.95152 ] } },
{ "type": "Feature", "properties": { "name": "Seoul Garden" }, "geometry": { "type": "Point", "coordinates": [ -81.73017, 41.41723 ] } },
{ "type": "Feature", "properties": { "name": "Cupbop" }, "geometry": { "type": "Point", "coordinates": [ -111.78881, 43.82556 ] } },
{ "type": "Feature", "properties": { "name": "Jong Ka Jib" }, "geometry": { "type": "Point", "coordinates": [ -75.12741, 40.05201 ] } },
{ "type": "Feature", "properties": { "name": "천하만두 Dumpling House" }, "geometry": { "type": "Point", "coordinates": [ -118.29262, 34.06938 ] } },
{ "type": "Feature", "properties": { "name": "Jun Won Dak" }, "geometry": { "type": "Point", "coordinates": [ -118.30703, 34.0688 ] } },
{ "type": "Feature", "properties": { "name": "House of Milae" }, "geometry": { "type": "Point", "coordinates": [ -77.09802, 38.98787 ] } },
{ "type": "Feature", "properties": { "name": "Woo Chon" }, "geometry": { "type": "Point", "coordinates": [ -76.63044, 39.15225 ] } },
{ "type": "Feature", "properties": { "name": "Moon's Korean Kitchen" }, "geometry": { "type": "Point", "coordinates": [ -120.31511, 38.76837 ] } },
{ "type": "Feature", "properties": { "name": "Goki Goki" }, "geometry": { "type": "Point", "coordinates": [ -83.70806, 42.81205 ] } },
{ "type": "Feature", "properties": { "name": "Korean restaurant" }, "geometry": { "type": "Point", "coordinates": [ -78.40995, 38.17031 ] } },
{ "type": "Feature", "properties": { "name": "George's Hotpot & BBQ" }, "geometry": { "type": "Point", "coordinates": [ -77.21751, 39.14347 ] } },
{ "type": "Feature", "properties": { "name": "Yukdaejang" }, "geometry": { "type": "Point", "coordinates": [ -117.81298, 33.68325 ] } },
{ "type": "Feature", "properties": { "name": "Seoul Bowl" }, "geometry": { "type": "Point", "coordinates": [ -122.20098, 47.6144 ] } },
{ "type": "Feature", "properties": { "name": "Bulgogi Korean BBQ" }, "geometry": { "type": "Point", "coordinates": [ -92.43047, 35.09134 ] } },
{ "type": "Feature", "properties": { "name": "K-Pot" }, "geometry": { "type": "Point", "coordinates": [ -90.14262, 32.26629 ] } },
{ "type": "Feature", "properties": { "name": "Bonchon Chicken" }, "geometry": { "type": "Point", "coordinates": [ -77.50981, 38.30288 ] } },
{ "type": "Feature", "properties": { "name": "Merge Cafe" }, "geometry": { "type": "Point", "coordinates": [ -77.41689, 38.47004 ] } },
{ "type": "Feature", "properties": { "name": "Tang Together 탕투게더" }, "geometry": { "type": "Point", "coordinates": [ -115.2328, 36.15953 ] } },
{ "type": "Feature", "properties": { "name": "Seoul Meat Co" }, "geometry": { "type": "Point", "coordinates": [ -122.17952, 47.71319 ] } },
{ "type": "Feature", "properties": { "name": "Seoul Food" }, "geometry": { "type": "Point", "coordinates": [ -83.0398, 39.97247 ] } },
{ "type": "Feature", "properties": { "name": "KPot" }, "geometry": { "type": "Point", "coordinates": [ -94.35524, 35.34746 ] } },
{ "type": "Feature", "properties": { "name": "Pogu" }, "geometry": { "type": "Point", "coordinates": [ -122.46923, 37.67202 ] } },
{ "type": "Feature", "properties": { "name": "Master Kim's Tofu House" }, "geometry": { "type": "Point", "coordinates": [ -115.19709, 36.12687 ] } },
{ "type": "Feature", "properties": { "name": "Q Bistro" }, "geometry": { "type": "Point", "coordinates": [ -115.22407, 36.12708 ] } },
{ "type": "Feature", "properties": { "name": "Tang Tang Tang" }, "geometry": { "type": "Point", "coordinates": [ -115.22351, 36.12619 ] } },
{ "type": "Feature", "properties": { "name": "K-TOWN Korean BBQ & Hot Pot" }, "geometry": { "type": "Point", "coordinates": [ -86.1235, 39.62938 ] } },
{ "type": "Feature", "properties": { "name": "서울뚝배기 / Seoul Korean Restaurant" }, "geometry": { "type": "Point", "coordinates": [ -115.24206, 36.12688 ] } },
{ "type": "Feature", "properties": { "name": "Banchan;반찬" }, "geometry": { "type": "Point", "coordinates": [ -115.24247, 36.12693 ] } },
{ "type": "Feature", "properties": { "name": "Hankook Taqueria" }, "geometry": { "type": "Point", "coordinates": [ -84.43165, 33.81156 ] } },
{ "type": "Feature", "properties": { "name": "Apex Grill" }, "geometry": { "type": "Point", "coordinates": [ -89.39216, 43.07502 ] } },
{ "type": "Feature", "properties": { "name": "Chopstix" }, "geometry": { "type": "Point", "coordinates": [ -105.94491, 35.6904 ] } },
{ "type": "Feature", "properties": { "name": "Han Il Kwan" }, "geometry": { "type": "Point", "coordinates": [ -84.27676, 33.90136 ] } },
{ "type": "Feature", "properties": { "name": "Sura BBQ & SHABU" }, "geometry": { "type": "Point", "coordinates": [ -116.96541, 32.61538 ] } },
{ "type": "Feature", "properties": { "name": "Ichii Sushi" }, "geometry": { "type": "Point", "coordinates": [ -83.07145, 42.55253 ] } },
{ "type": "Feature", "properties": { "name": "Korea Palace Restaurant" }, "geometry": { "type": "Point", "coordinates": [ -83.08728, 42.54788 ] } },
{ "type": "Feature", "properties": { "name": "Chung Ki Wa" }, "geometry": { "type": "Point", "coordinates": [ -83.08704, 42.55082 ] } },
{ "type": "Feature", "properties": { "name": "Kimchi Box" }, "geometry": { "type": "Point", "coordinates": [ -82.98775, 42.62609 ] } },
{ "type": "Feature", "properties": { "name": "Korean Bulgogi House" }, "geometry": { "type": "Point", "coordinates": [ -77.66831, 39.93583 ] } },
{ "type": "Feature", "properties": { "name": "Bonchon Chicken" }, "geometry": { "type": "Point", "coordinates": [ -87.75915, 42.01147 ] } },
{ "type": "Feature", "properties": { "name": "Kalbi Social Club" }, "geometry": { "type": "Point", "coordinates": [ -117.88827, 33.91499 ] } },
{ "type": "Feature", "properties": { "name": "Firepan Korean BBQ & Bar" }, "geometry": { "type": "Point", "coordinates": [ -77.28698, 38.62776 ] } },
{ "type": "Feature", "properties": { "name": "Cupbop" }, "geometry": { "type": "Point", "coordinates": [ -111.9159, 40.38086 ] } },
{ "type": "Feature", "properties": { "name": "BQ Wings" }, "geometry": { "type": "Point", "coordinates": [ -84.16836, 33.99801 ] } },
{ "type": "Feature", "properties": { "name": "GimMeBap" }, "geometry": { "type": "Point", "coordinates": [ -84.31591, 39.30366 ] } }
]
}
