{
"type": "FeatureCollection",
"name": "offices",
"features": [
{ "type": "Feature", "properties": { "addr": "1200 REV ABRAHAM WOODS JR BLVD N, DISTRICT OFFICE-1ST FLOOR, BIRMINGHAM, AL 35285" }, "geometry": { "type": "Point", "coordinates": [ -86.82004, 33.517 ] } },
{ "type": "Feature", "properties": { "addr": "4344 CARMICHAEL RD, SUITE 100, MONTGOMERY, AL 36106" }, "geometry": { "type": "Point", "coordinates": [ -86.22803, 32.35967 ] } },
{ "type": "Feature", "properties": { "addr": "550 GOVERNMENT ST, SUITE 100, MOBILE, AL 36602" }, "geometry": { "type": "Point", "coordinates": [ -88.0485, 30.68787 ] } },
{ "type": "Feature", "properties": { "addr": "717 MCGLATHERY LN SE, , DECATUR, AL 35601" }, "geometry": { "type": "Point", "coordinates": [ -86.97922, 34.57455 ] } },
{ "type": "Feature", "properties": { "addr": "204 ENTERPRISE DRIVE, , GADSDEN, AL 35904" }, "geometry": { "type": "Point", "coordinates": [ -86.09335, 33.99885 ] } },
{ "type": "Feature", "properties": { "addr": "801 QUINTARD AVE, , ANNISTON, AL 36201" }, "geometry": { "type": "Point", "coordinates": [ -85.82646, 33.65459 ] } },
{ "type": "Feature", "properties": { "addr": "1778 WHATLEY DRIVE, , DOTHAN, AL 36303" }, "geometry": { "type": "Point", "coordinates": [ -85.46002, 31.24327 ] } },
{ "type": "Feature", "properties": { "addr": "2005 UNIVERSITY BLVD, STE 1200, TUSCALOOSA, AL 35401" }, "geometry": { "type": "Point", "coordinates": [ -87.56343, 33.2112 ] } },
{ "type": "Feature", "properties": { "addr": "120 EXECUTIVE PARK LN, , SELMA, AL 36701" }, "geometry": { "type": "Point", "coordinates": [ -87.05523, 32.42694 ] } },
{ "type": "Feature", "properties": { "addr": "203 SOUTH WALNUT ST, , FLORENCE, AL 35630" }, "geometry": { "type": "Point", "coordinates": [ -87.67114, 34.80053 ] } },
{ "type": "Feature", "properties": { "addr": "4970 RESEARCH DRIVE,NW, , HUNTSVILLE, AL 35805" }, "geometry": { "type": "Point", "coordinates": [ -86.66543, 34.73099 ] } },
{ "type": "Feature", "properties": { "addr": "2454 E UNIVERSITY DR, , AUBURN, AL 36830" }, "geometry": { "type": "Point", "coordinates": [ -85.46433, 32.62881 ] } },
{ "type": "Feature", "properties": { "addr": "605 STANLEY AVE, , ANDALUSIA, AL 36420" }, "geometry": { "type": "Point", "coordinates": [ -86.47074, 31.30204 ] } },
{ "type": "Feature", "properties": { "addr": "736 NORTH STREET EAST, , TALLADEGA, AL 35160" }, "geometry": { "type": "Point", "coordinates": [ -86.08857, 33.43863 ] } },
{ "type": "Feature", "properties": { "addr": "5475 ACADEMY WAY, , BESSEMER, AL 35022" }, "geometry": { "type": "Point", "coordinates": [ -87.0077, 33.36415 ] } },
{ "type": "Feature", "properties": { "addr": "501 THE MALL WAY, , JASPER, AL 35504" }, "geometry": { "type": "Point", "coordinates": [ -87.27335, 33.8545 ] } },
{ "type": "Feature", "properties": { "addr": "1908 COMMERCE AVE NW, , CULLMAN, AL 35055" }, "geometry": { "type": "Point", "coordinates": [ -86.87581, 34.20368 ] } },
{ "type": "Feature", "properties": { "addr": "406 MARTLING RD, , ALBERTVILLE, AL 35951" }, "geometry": { "type": "Point", "coordinates": [ -86.19917, 34.27568 ] } },
{ "type": "Feature", "properties": { "addr": "1972 GADSDEN HWY, TRUSSVILLE EXEC. PARK, BIRMINGHAM, AL 35235" }, "geometry": { "type": "Point", "coordinates": [ -86.62676, 33.61231 ] } },
{ "type": "Feature", "properties": { "addr": "101 COURTHOUSE DR, , FAIRHOPE, AL 36532" }, "geometry": { "type": "Point", "coordinates": [ -87.87955, 30.52458 ] } },
{ "type": "Feature", "properties": { "addr": "63 ALIANT PARKWAY, , ALEXANDER CITY, AL 35010" }, "geometry": { "type": "Point", "coordinates": [ -85.95366, 32.91961 ] } },
{ "type": "Feature", "properties": { "addr": "4249 N COLLEGE AVE, , JACKSON, AL 36545" }, "geometry": { "type": "Point", "coordinates": [ -87.87659, 31.55852 ] } },
{ "type": "Feature", "properties": { "addr": "1637 E MONUMENT PLAZA CIR, SUITE 2, CASA GRANDE, AZ 85122" }, "geometry": { "type": "Point", "coordinates": [ -111.71768, 32.88602 ] } },
{ "type": "Feature", "properties": { "addr": "16241 N TATUM BLVD, SUITE A, PHOENIX, AZ 85032" }, "geometry": { "type": "Point", "coordinates": [ -111.97768, 33.635 ] } },
{ "type": "Feature", "properties": { "addr": "3808 N 1ST AVE, , TUCSON, AZ 85719" }, "geometry": { "type": "Point", "coordinates": [ -110.96105, 32.27638 ] } },
{ "type": "Feature", "properties": { "addr": "205 N MARINA, , PRESCOTT, AZ 86301" }, "geometry": { "type": "Point", "coordinates": [ -112.4672, 34.54408 ] } },
{ "type": "Feature", "properties": { "addr": "325 W 19TH ST, STE 1, YUMA, AZ 85364" }, "geometry": { "type": "Point", "coordinates": [ -114.62298, 32.69303 ] } },
{ "type": "Feature", "properties": { "addr": "253 W SUPERSTITION BLVD, , APACHE JUNCTION, AZ 85120" }, "geometry": { "type": "Point", "coordinates": [ -111.54892, 33.42231 ] } },
{ "type": "Feature", "properties": { "addr": "250 N 7TH AVE, SUITE 100, PHOENIX, AZ 85007" }, "geometry": { "type": "Point", "coordinates": [ -112.08261, 33.4508 ] } },
{ "type": "Feature", "properties": { "addr": "5907 W KINGS AVE, , GLENDALE, AZ 85306" }, "geometry": { "type": "Point", "coordinates": [ -112.18728, 33.63554 ] } },
{ "type": "Feature", "properties": { "addr": "702 W JEROME AVENUE, , MESA, AZ 85210" }, "geometry": { "type": "Point", "coordinates": [ -111.84708, 33.38166 ] } },
{ "type": "Feature", "properties": { "addr": "88 W 38TH ST, SUITE 100, TUCSON, AZ 85713" }, "geometry": { "type": "Point", "coordinates": [ -110.96939, 32.19041 ] } },
{ "type": "Feature", "properties": { "addr": "2715 S WDLNDS VLG BLVD, , FLAGSTAFF, AZ 86001" }, "geometry": { "type": "Point", "coordinates": [ -111.65112, 35.19814 ] } },
{ "type": "Feature", "properties": { "addr": "600 E 15TH ST, , DOUGLAS, AZ 85607" }, "geometry": { "type": "Point", "coordinates": [ -109.55261, 31.34962 ] } },
{ "type": "Feature", "properties": { "addr": "1760 N MASTICK WAY, , NOGALES, AZ 85621" }, "geometry": { "type": "Point", "coordinates": [ -110.93369, 31.36396 ] } },
{ "type": "Feature", "properties": { "addr": "2500 E COOLEY ST, STE 407, SHOW LOW, AZ 85901" }, "geometry": { "type": "Point", "coordinates": [ -110.01689, 34.25329 ] } },
{ "type": "Feature", "properties": { "addr": "HWY 191 BAY E AND F, TSEYI SHOPPING CENTER, CHINLE, AZ 86503" }, "geometry": { "type": "Point", "coordinates": [ -109.60373, 36.28658 ] } },
{ "type": "Feature", "properties": { "addr": "1010 MAIN ST, , TUBA CITY, AZ 86045" }, "geometry": { "type": "Point", "coordinates": [ -111.23958, 36.12876 ] } },
{ "type": "Feature", "properties": { "addr": "1405 E ASH ST, , GLOBE, AZ 85501" }, "geometry": { "type": "Point", "coordinates": [ -110.77278, 33.39594 ] } },
{ "type": "Feature", "properties": { "addr": "650 S. 14TH AV, , SAFFORD, AZ 85546" }, "geometry": { "type": "Point", "coordinates": [ -109.72476, 32.83304 ] } },
{ "type": "Feature", "properties": { "addr": "202 SHOPPINGWAY BLVD, SUITE B, WEST MEMPHIS, AR 72301" }, "geometry": { "type": "Point", "coordinates": [ -90.1874, 35.16524 ] } },
{ "type": "Feature", "properties": { "addr": "700 W CAPITOL STREET, RM 1201 FEDERAL BLDG, LITTLE ROCK, AR 72201" }, "geometry": { "type": "Point", "coordinates": [ -92.27879, 34.74566 ] } },
{ "type": "Feature", "properties": { "addr": "6801 DALLAS STREET, , FT SMITH, AR 72903" }, "geometry": { "type": "Point", "coordinates": [ -94.3572, 35.35186 ] } },
{ "type": "Feature", "properties": { "addr": "1809 LATOURETTE DRIVE, , JONESBORO, AR 72404" }, "geometry": { "type": "Point", "coordinates": [ -90.68171, 35.80063 ] } },
{ "type": "Feature", "properties": { "addr": "3511 MARKET STREET, , PINE BLUFF, AR 71601" }, "geometry": { "type": "Point", "coordinates": [ -91.96417, 34.21304 ] } },
{ "type": "Feature", "properties": { "addr": "112 CORPORATE TERRACE, , HOT SPRINGS, AR 71913" }, "geometry": { "type": "Point", "coordinates": [ -93.07156, 34.45367 ] } },
{ "type": "Feature", "properties": { "addr": "2600 W HILLSBORO, , EL DORADO, AR 71730" }, "geometry": { "type": "Point", "coordinates": [ -92.70088, 33.20844 ] } },
{ "type": "Feature", "properties": { "addr": "1403 S DIVISION ST, , BLYTHEVILLE, AR 72315" }, "geometry": { "type": "Point", "coordinates": [ -89.91934, 35.91053 ] } },
{ "type": "Feature", "properties": { "addr": "2153 E. JOYCE BLVD., SUITE 101, FAYETTEVILLE, AR 72703" }, "geometry": { "type": "Point", "coordinates": [ -94.13064, 36.1193 ] } },
{ "type": "Feature", "properties": { "addr": "965 HOLIDAY DR, SUITE A, FORREST CITY, AR 72335" }, "geometry": { "type": "Point", "coordinates": [ -90.77665, 35.04142 ] } },
{ "type": "Feature", "properties": { "addr": "2708 E PARKWAY DRIVE, , RUSSELLVILLE, AR 72802" }, "geometry": { "type": "Point", "coordinates": [ -93.1017, 35.28184 ] } },
{ "type": "Feature", "properties": { "addr": "151 DRY KILN RD, , BATESVILLE, AR 72501" }, "geometry": { "type": "Point", "coordinates": [ -91.60797, 35.77143 ] } },
{ "type": "Feature", "properties": { "addr": "131 W INDUSTRIAL PK RD, , HARRISON, AR 72601" }, "geometry": { "type": "Point", "coordinates": [ -93.12498, 36.25086 ] } },
{ "type": "Feature", "properties": { "addr": "701 AIRPORT LOOP, , SEARCY, AR 72143" }, "geometry": { "type": "Point", "coordinates": [ -91.73119, 35.21202 ] } },
{ "type": "Feature", "properties": { "addr": "2475 CHRISTINA LN, , CONWAY, AR 72034" }, "geometry": { "type": "Point", "coordinates": [ -92.46303, 35.06782 ] } },
{ "type": "Feature", "properties": { "addr": "3608 EAST KIEHL AVE, , SHERWOOD, AR 72120" }, "geometry": { "type": "Point", "coordinates": [ -92.19292, 34.83168 ] } },
{ "type": "Feature", "properties": { "addr": "955 WALLACE KNOB RD, SUITE 2, MOUNTAIN HOME, AR 72653" }, "geometry": { "type": "Point", "coordinates": [ -92.37474, 36.35164 ] } },
{ "type": "Feature", "properties": { "addr": "3840 CRENSHAW BLVD, , LOS ANGELES, CA 90008" }, "geometry": { "type": "Point", "coordinates": [ -118.33486, 34.01639 ] } },
{ "type": "Feature", "properties": { "addr": "456 S F MISSION BLVD, , SAN FERNANDO, CA 91340" }, "geometry": { "type": "Point", "coordinates": [ -118.44516, 34.26836 ] } },
{ "type": "Feature", "properties": { "addr": "7200 BANCROFT AVENUE, EASTMONT TOWN CENTER STE 263, OAKLAND, CA 94605" }, "geometry": { "type": "Point", "coordinates": [ -122.17608, 37.76822 ] } },
{ "type": "Feature", "properties": { "addr": "42225 10TH ST W, STE A, LANCASTER, CA 93534" }, "geometry": { "type": "Point", "coordinates": [ -118.14779, 34.64995 ] } },
{ "type": "Feature", "properties": { "addr": "3185 M ST, , MERCED, CA 95348" }, "geometry": { "type": "Point", "coordinates": [ -120.47844, 37.32144 ] } },
{ "type": "Feature", "properties": { "addr": "169 WALNUT AVENUE, , SANTA CRUZ, CA 95060" }, "geometry": { "type": "Point", "coordinates": [ -122.02759, 36.97322 ] } },
{ "type": "Feature", "properties": { "addr": "20439 NORDHOFF ST, , CHATSWORTH, CA 91311" }, "geometry": { "type": "Point", "coordinates": [ -118.57893, 34.23184 ] } },
{ "type": "Feature", "properties": { "addr": "2216 W BEVERLY BLVD, , MONTEBELLO, CA 90640" }, "geometry": { "type": "Point", "coordinates": [ -118.1234, 34.02099 ] } },
{ "type": "Feature", "properties": { "addr": "12429 AVALON BLVD, , LOS ANGELES, CA 90061" }, "geometry": { "type": "Point", "coordinates": [ -118.26528, 33.91923 ] } },
{ "type": "Feature", "properties": { "addr": "24301 SOUTHLAND DR, SUITE 500, HAYWARD, CA 94545" }, "geometry": { "type": "Point", "coordinates": [ -122.10464, 37.65355 ] } },
{ "type": "Feature", "properties": { "addr": "2436 PROFESSIONAL PARKWAY, , SANTA MARIA, CA 93455" }, "geometry": { "type": "Point", "coordinates": [ -120.43842, 34.91546 ] } },
{ "type": "Feature", "properties": { "addr": "4201 E RAMON RD, , PALM SPRINGS, CA 92264" }, "geometry": { "type": "Point", "coordinates": [ -116.50126, 33.81583 ] } },
{ "type": "Feature", "properties": { "addr": "2150 JOHN GLENN DR, STE 400, CONCORD, CA 94520" }, "geometry": { "type": "Point", "coordinates": [ -122.05426, 37.97831 ] } },
{ "type": "Feature", "properties": { "addr": "900 S HARBOR BLVD, , ANAHEIM, CA 92805" }, "geometry": { "type": "Point", "coordinates": [ -117.91534, 33.8215 ] } },
{ "type": "Feature", "properties": { "addr": "846 ARNELE AVE, , EL CAJON, CA 92020" }, "geometry": { "type": "Point", "coordinates": [ -116.97228, 32.80398 ] } },
{ "type": "Feature", "properties": { "addr": "10000 MAGNOLIA AVE, , RIVERSIDE, CA 92503" }, "geometry": { "type": "Point", "coordinates": [ -117.45571, 33.91502 ] } },
{ "type": "Feature", "properties": { "addr": "560 KEARNY STREET, , SAN FRANCISCO, CA 94108" }, "geometry": { "type": "Point", "coordinates": [ -122.40447, 37.79335 ] } },
{ "type": "Feature", "properties": { "addr": "1122 W WASHINGTON BLVD, STE 200, LOS ANGELES, CA 90015" }, "geometry": { "type": "Point", "coordinates": [ -118.28222, 34.03895 ] } },
{ "type": "Feature", "properties": { "addr": "3164 GARRITY WAY, , RICHMOND, CA 94806" }, "geometry": { "type": "Point", "coordinates": [ -122.32224, 37.97813 ] } },
{ "type": "Feature", "properties": { "addr": "9351 TELSTAR AVE., , EL MONTE, CA 91731" }, "geometry": { "type": "Point", "coordinates": [ -118.06514, 34.06884 ] } },
{ "type": "Feature", "properties": { "addr": "2500 FONTAINE RD, , SAN JOSE, CA 95121" }, "geometry": { "type": "Point", "coordinates": [ -121.82936, 37.3172 ] } },
{ "type": "Feature", "properties": { "addr": "865 FULTON STREET, , FRESNO, CA 93721" }, "geometry": { "type": "Point", "coordinates": [ -119.78877, 36.73262 ] } },
{ "type": "Feature", "properties": { "addr": "171 E COMPTON BLVD, , COMPTON, CA 90220" }, "geometry": { "type": "Point", "coordinates": [ -118.2225, 33.89605 ] } },
{ "type": "Feature", "properties": { "addr": "700 E 24TH ST, GROUND FLOOR, NATIONAL CITY, CA 91950" }, "geometry": { "type": "Point", "coordinates": [ -117.0941, 32.66411 ] } },
{ "type": "Feature", "properties": { "addr": "626 L STREET, SUITE 1, CHULA VISTA, CA 91911" }, "geometry": { "type": "Point", "coordinates": [ -117.08488, 32.61691 ] } },
{ "type": "Feature", "properties": { "addr": "1100 E HOLT BLVD, , ONTARIO, CA 91761" }, "geometry": { "type": "Point", "coordinates": [ -117.63139, 34.06301 ] } },
{ "type": "Feature", "properties": { "addr": "745 MORNING STAR DRIVE, , SONORA, CA 95370" }, "geometry": { "type": "Point", "coordinates": [ -120.37196, 37.9848 ] } },
{ "type": "Feature", "properties": { "addr": "510 COMMERCE CT, , MANTECA, CA 95336" }, "geometry": { "type": "Point", "coordinates": [ -121.19169, 37.79294 ] } },
{ "type": "Feature", "properties": { "addr": "1059 FIRST STREET, , GILROY, CA 95020" }, "geometry": { "type": "Point", "coordinates": [ -121.59224, 37.01365 ] } },
{ "type": "Feature", "properties": { "addr": "12440 E IMPERIAL HWY, STE 170, NORWALK, CA 90650" }, "geometry": { "type": "Point", "coordinates": [ -118.0656, 33.91707 ] } },
{ "type": "Feature", "properties": { "addr": "2575 HALEY STREET, , BAKERSFIELD, CA 93305" }, "geometry": { "type": "Point", "coordinates": [ -118.97631, 35.39559 ] } },
{ "type": "Feature", "properties": { "addr": "3140 16TH ST, , SAN FRANCISCO, CA 94103" }, "geometry": { "type": "Point", "coordinates": [ -122.42288, 37.76488 ] } },
{ "type": "Feature", "properties": { "addr": "215 N SOTO STREET, , LOS ANGELES, CA 90033" }, "geometry": { "type": "Point", "coordinates": [ -118.20875, 34.04536 ] } },
{ "type": "Feature", "properties": { "addr": "3095 W DEVONSHIRE AVE, , HEMET, CA 92545" }, "geometry": { "type": "Point", "coordinates": [ -117.00489, 33.75094 ] } },
{ "type": "Feature", "properties": { "addr": "367 VIA VERA CRUZ, , SAN MARCOS, CA 92078" }, "geometry": { "type": "Point", "coordinates": [ -117.18822, 33.13558 ] } },
{ "type": "Feature", "properties": { "addr": "2234 GIRARD STREET, BLDG C, DELANO, CA 93215" }, "geometry": { "type": "Point", "coordinates": [ -119.24914, 35.78831 ] } },
{ "type": "Feature", "properties": { "addr": "501 S VINCENT AVE, STE 201, WEST COVINA, CA 91790" }, "geometry": { "type": "Point", "coordinates": [ -117.92746, 34.06612 ] } },
{ "type": "Feature", "properties": { "addr": "890 W MORTON AVENUE, , PORTERVILLE, CA 93257" }, "geometry": { "type": "Point", "coordinates": [ -119.03716, 36.07331 ] } },
{ "type": "Feature", "properties": { "addr": "348 E YOSEMITE AVE, , MADERA, CA 93638" }, "geometry": { "type": "Point", "coordinates": [ -120.05659, 36.96386 ] } },
{ "type": "Feature", "properties": { "addr": "180 WESTGATE DRIVE, SUITE 301, WATSONVILLE, CA 95076" }, "geometry": { "type": "Point", "coordinates": [ -121.79294, 36.92248 ] } },
{ "type": "Feature", "properties": { "addr": "90 7TH ST, ANNEX 1ST FL, SAN FRANCISCO, CA 94103" }, "geometry": { "type": "Point", "coordinates": [ -122.41187, 37.77994 ] } },
{ "type": "Feature", "properties": { "addr": "1401 W 8TH STREET, , LOS ANGELES, CA 90017" }, "geometry": { "type": "Point", "coordinates": [ -118.27018, 34.05075 ] } },
{ "type": "Feature", "properties": { "addr": "640 W LOCUST AVENUE, , FRESNO, CA 93650" }, "geometry": { "type": "Point", "coordinates": [ -119.80473, 36.84008 ] } },
{ "type": "Feature", "properties": { "addr": "360 22ND ST, SUITE 400, OAKLAND, CA 94612" }, "geometry": { "type": "Point", "coordinates": [ -122.266, 37.81077 ] } },
{ "type": "Feature", "properties": { "addr": "1333 FRONT STREET, , SAN DIEGO, CA 92101" }, "geometry": { "type": "Point", "coordinates": [ -117.16472, 32.71937 ] } },
{ "type": "Feature", "properties": { "addr": "8581 FOLSOM BLVD, SUITE A, SACRAMENTO, CA 95826" }, "geometry": { "type": "Point", "coordinates": [ -121.38704, 38.54896 ] } },
{ "type": "Feature", "properties": { "addr": "3144 BROADWAY, , EUREKA, CA 95501" }, "geometry": { "type": "Point", "coordinates": [ -124.18631, 40.77979 ] } },
{ "type": "Feature", "properties": { "addr": "104 N MENTOR AVENUE, , PASADENA, CA 91106" }, "geometry": { "type": "Point", "coordinates": [ -118.13082, 34.14767 ] } },
{ "type": "Feature", "properties": { "addr": "2005 LONG BEACH BLVD, , LONG BEACH, CA 90806" }, "geometry": { "type": "Point", "coordinates": [ -118.18949, 33.79406 ] } },
{ "type": "Feature", "properties": { "addr": "605 N ARROWHEAD AVE, SUITE 101, SAN BERNARDINO, CA 92401" }, "geometry": { "type": "Point", "coordinates": [ -117.28962, 34.11072 ] } },
{ "type": "Feature", "properties": { "addr": "280 S FIRST STREET, RM 244 2ND FL, SAN JOSE, CA 95113" }, "geometry": { "type": "Point", "coordinates": [ -121.88734, 37.33181 ] } },
{ "type": "Feature", "properties": { "addr": "122 W FIGUEROA ST, , SANTA BARBARA, CA 93101" }, "geometry": { "type": "Point", "coordinates": [ -119.70507, 34.42069 ] } },
{ "type": "Feature", "properties": { "addr": "4747 FEATHER RIVER DR, , STOCKTON, CA 95219" }, "geometry": { "type": "Point", "coordinates": [ -121.34756, 37.98512 ] } },
{ "type": "Feature", "properties": { "addr": "5300 OFFICE PARK DRIVE, , BAKERSFIELD, CA 93309" }, "geometry": { "type": "Point", "coordinates": [ -119.06105, 35.366 ] } },
{ "type": "Feature", "properties": { "addr": "2099 RANGE AVE, BLDG A, SANTA ROSA, CA 95401" }, "geometry": { "type": "Point", "coordinates": [ -122.73317, 38.45735 ] } },
{ "type": "Feature", "properties": { "addr": "225 W BROADWAY, SUITE 600, GLENDALE, CA 91204" }, "geometry": { "type": "Point", "coordinates": [ -118.2571, 34.14672 ] } },
{ "type": "Feature", "properties": { "addr": "6303 RUGBY AVENUE, , HUNTINGTON PARK, CA 90255" }, "geometry": { "type": "Point", "coordinates": [ -118.22663, 33.98345 ] } },
{ "type": "Feature", "properties": { "addr": "800 SOUTH CLAREMONT ST, SUITE 101, SAN MATEO, CA 94402" }, "geometry": { "type": "Point", "coordinates": [ -122.31702, 37.56311 ] } },
{ "type": "Feature", "properties": { "addr": "1122 N VINE ST, , HOLLYWOOD, CA 90038" }, "geometry": { "type": "Point", "coordinates": [ -118.32659, 34.09141 ] } },
{ "type": "Feature", "properties": { "addr": "2660 PARK MARINA DR, SUITE A, REDDING, CA 96001" }, "geometry": { "type": "Point", "coordinates": [ -122.37258, 40.57534 ] } },
{ "type": "Feature", "properties": { "addr": "11500 W OLYMPIC BLVD, SUITE 300, LOS ANGELES, CA 90064" }, "geometry": { "type": "Point", "coordinates": [ -118.44443, 34.03622 ] } },
{ "type": "Feature", "properties": { "addr": "11539 HAWTHORNE BLVD, SUITE 400, HAWTHORNE, CA 90250" }, "geometry": { "type": "Point", "coordinates": [ -118.35275, 33.92935 ] } },
{ "type": "Feature", "properties": { "addr": "1851 EAST FIRST STREET, FIFTH FLOOR, SANTA ANA, CA 92705" }, "geometry": { "type": "Point", "coordinates": [ -117.84165, 33.74573 ] } },
{ "type": "Feature", "properties": { "addr": "106 PLAZA DR, SUITE A, VALLEJO, CA 94591" }, "geometry": { "type": "Point", "coordinates": [ -122.21546, 38.1319 ] } },
{ "type": "Feature", "properties": { "addr": "6477 TELEPHONE ROAD, SUITE 1, VENTURA, CA 93003" }, "geometry": { "type": "Point", "coordinates": [ -119.20548, 34.26647 ] } },
{ "type": "Feature", "properties": { "addr": "14500 ROSCOE BLVD, STE 207, PANORAMA CITY, CA 91402" }, "geometry": { "type": "Point", "coordinates": [ -118.44918, 34.22151 ] } },
{ "type": "Feature", "properties": { "addr": "2045 ALLSTON WAY, , BERKELEY, CA 94704" }, "geometry": { "type": "Point", "coordinates": [ -122.26947, 37.86921 ] } },
{ "type": "Feature", "properties": { "addr": "1521 N CARPENTER RD, SUITE E1, MODESTO, CA 95351" }, "geometry": { "type": "Point", "coordinates": [ -121.03126, 37.65804 ] } },
{ "type": "Feature", "properties": { "addr": "1370 E. LASSEN AVE, STE 150, CHICO, CA 95973" }, "geometry": { "type": "Point", "coordinates": [ -121.84078, 39.77316 ] } },
{ "type": "Feature", "properties": { "addr": "1901 E NOBLE AVENUE, , VISALIA, CA 93292" }, "geometry": { "type": "Point", "coordinates": [ -119.27173, 36.32585 ] } },
{ "type": "Feature", "properties": { "addr": "2130 N GAREY AVE, , POMONA, CA 91767" }, "geometry": { "type": "Point", "coordinates": [ -117.75107, 34.08635 ] } },
{ "type": "Feature", "properties": { "addr": "7200 GREENLEAF AVE, SUITE 200, WHITTIER, CA 90602" }, "geometry": { "type": "Point", "coordinates": [ -118.03735, 33.97672 ] } },
{ "type": "Feature", "properties": { "addr": "20000 MARINER AVE STE 150, , TORRANCE, CA 90503" }, "geometry": { "type": "Point", "coordinates": [ -118.34965, 33.85048 ] } },
{ "type": "Feature", "properties": { "addr": "928 E BLANCO RD, STE 155, SALINAS, CA 93901" }, "geometry": { "type": "Point", "coordinates": [ -121.63752, 36.65391 ] } },
{ "type": "Feature", "properties": { "addr": "3007 N IMPERIAL AVE, , EL CENTRO, CA 92243" }, "geometry": { "type": "Point", "coordinates": [ -115.56972, 32.81617 ] } },
{ "type": "Feature", "properties": { "addr": "3240 S HIGUERA ST, , SAN LUIS OBISPO, CA 93401" }, "geometry": { "type": "Point", "coordinates": [ -120.66878, 35.25578 ] } },
{ "type": "Feature", "properties": { "addr": "2160 S EL CAMINO REAL, , OCEANSIDE, CA 92054" }, "geometry": { "type": "Point", "coordinates": [ -117.32819, 33.18816 ] } },
{ "type": "Feature", "properties": { "addr": "99 SMITH RANCH ROAD, SUITE 200, SAN RAFAEL, CA 94903" }, "geometry": { "type": "Point", "coordinates": [ -122.53448, 38.0198 ] } },
{ "type": "Feature", "properties": { "addr": "355 PERCY AVENUE, , YUBA CITY, CA 95991" }, "geometry": { "type": "Point", "coordinates": [ -121.61618, 39.13012 ] } },
{ "type": "Feature", "properties": { "addr": "2603 RIVERSIDE DR, , SUSANVILLE, CA 96130" }, "geometry": { "type": "Point", "coordinates": [ -120.63876, 40.41023 ] } },
{ "type": "Feature", "properties": { "addr": "1960 S. OREGON STREET, , YREKA, CA 96097" }, "geometry": { "type": "Point", "coordinates": [ -122.64551, 41.70777 ] } },
{ "type": "Feature", "properties": { "addr": "322 E THOUSAND OAKS BL, SUITE 110, THOUSAND OAKS, CA 91360" }, "geometry": { "type": "Point", "coordinates": [ -118.87122, 34.17897 ] } },
{ "type": "Feature", "properties": { "addr": "27200 TOURNEY RD, STE 320, VALENCIA, CA 91355" }, "geometry": { "type": "Point", "coordinates": [ -118.57631, 34.41657 ] } },
{ "type": "Feature", "properties": { "addr": "1502 BAILEY AVENUE, , NEEDLES, CA 92363" }, "geometry": { "type": "Point", "coordinates": [ -114.61836, 34.83218 ] } },
{ "type": "Feature", "properties": { "addr": "560 E HOOVER AVE, , CRESCENT CITY, CA 95531" }, "geometry": { "type": "Point", "coordinates": [ -124.198, 41.77098 ] } },
{ "type": "Feature", "properties": { "addr": "991 PARALLEL DR, STE A, LAKEPORT, CA 95453" }, "geometry": { "type": "Point", "coordinates": [ -122.92627, 39.03537 ] } },
{ "type": "Feature", "properties": { "addr": "56492 29 PALMS HWY, , YUCCA VALLEY, CA 92284" }, "geometry": { "type": "Point", "coordinates": [ -116.43161, 34.12067 ] } },
{ "type": "Feature", "properties": { "addr": "17075 NEWHOPE STREET, SUITE B, FOUNTAIN VALLEY, CA 92708" }, "geometry": { "type": "Point", "coordinates": [ -117.92843, 33.71493 ] } },
{ "type": "Feature", "properties": { "addr": "1850 SOSCOL AVE, SUITE 102, NAPA, CA 94559" }, "geometry": { "type": "Point", "coordinates": [ -122.28502, 38.30819 ] } },
{ "type": "Feature", "properties": { "addr": "1420 W OLIVE AVE, , BURBANK, CA 91506" }, "geometry": { "type": "Point", "coordinates": [ -118.3212, 34.1691 ] } },
{ "type": "Feature", "properties": { "addr": "701 N SHORELINE BLVD, 1ST FLOOR, MOUNTAIN VIEW, CA 94043" }, "geometry": { "type": "Point", "coordinates": [ -122.07807, 37.40406 ] } },
{ "type": "Feature", "properties": { "addr": "521 S ORCHARD AVE, , UKIAH, CA 95482" }, "geometry": { "type": "Point", "coordinates": [ -123.19878, 39.14756 ] } },
{ "type": "Feature", "properties": { "addr": "13955 PARK AVE, , VICTORVILLE, CA 92392" }, "geometry": { "type": "Point", "coordinates": [ -117.32647, 34.50412 ] } },
{ "type": "Feature", "properties": { "addr": "355 GELLERT BLVD, SUITE 201, DALY CITY, CA 94015" }, "geometry": { "type": "Point", "coordinates": [ -122.46865, 37.6661 ] } },
{ "type": "Feature", "properties": { "addr": "23311 MADERO, , MISSION VIEJO, CA 92691" }, "geometry": { "type": "Point", "coordinates": [ -117.67992, 33.62477 ] } },
{ "type": "Feature", "properties": { "addr": "4957 PARAMOUNT BLVD, , LAKEWOOD, CA 90712" }, "geometry": { "type": "Point", "coordinates": [ -118.15991, 33.8488 ] } },
{ "type": "Feature", "properties": { "addr": "3100 MOWRY AVE, SUITE 100, FREMONT, CA 94538" }, "geometry": { "type": "Point", "coordinates": [ -121.98364, 37.55432 ] } },
{ "type": "Feature", "properties": { "addr": "2508 VERNE ROBERTS CIR, , ANTIOCH, CA 94509" }, "geometry": { "type": "Point", "coordinates": [ -121.83913, 38.01013 ] } },
{ "type": "Feature", "properties": { "addr": "330 NORTH HARRIS ST, SUITE 101, HANFORD, CA 93230" }, "geometry": { "type": "Point", "coordinates": [ -119.64437, 36.32869 ] } },
{ "type": "Feature", "properties": { "addr": "2000 OUTLET CENTER DR, STE 250, OXNARD, CA 93036" }, "geometry": { "type": "Point", "coordinates": [ -119.14837, 34.22095 ] } },
{ "type": "Feature", "properties": { "addr": "10668 SIERRA AVE, , FONTANA, CA 92337" }, "geometry": { "type": "Point", "coordinates": [ -117.43567, 34.05978 ] } },
{ "type": "Feature", "properties": { "addr": "22815 CALLE SAN JUAN DE LOS LAGOS, , MORENO VALLEY, CA 92553" }, "geometry": { "type": "Point", "coordinates": [ -117.26446, 33.91436 ] } },
{ "type": "Feature", "properties": { "addr": "1110 W KETTLEMAN LANE, STE 3, LODI, CA 95240" }, "geometry": { "type": "Point", "coordinates": [ -121.28623, 38.11541 ] } },
{ "type": "Feature", "properties": { "addr": "7961 UNIVERSITY AVE, , LA MESA, CA 91942" }, "geometry": { "type": "Point", "coordinates": [ -117.02665, 32.76454 ] } },
{ "type": "Feature", "properties": { "addr": "1718 BROADWAY ST, , REDWOOD CITY, CA 94063" }, "geometry": { "type": "Point", "coordinates": [ -122.2216, 37.48687 ] } },
{ "type": "Feature", "properties": { "addr": "11855 EDGEWOOD RD, , AUBURN, CA 95603" }, "geometry": { "type": "Point", "coordinates": [ -121.08359, 38.92036 ] } },
{ "type": "Feature", "properties": { "addr": "11900 GILBERT STREET, , GARDEN GROVE, CA 92841" }, "geometry": { "type": "Point", "coordinates": [ -117.96741, 33.79008 ] } },
{ "type": "Feature", "properties": { "addr": "1480 W CAMPBELL AVE, , CAMPBELL, CA 95008" }, "geometry": { "type": "Point", "coordinates": [ -121.97612, 37.28606 ] } },
{ "type": "Feature", "properties": { "addr": "3230 E IMPERIAL HWY, SUITE 150 1ST FLOOR, BREA, CA 92821" }, "geometry": { "type": "Point", "coordinates": [ -117.8538, 33.91043 ] } },
{ "type": "Feature", "properties": { "addr": "8505 AERO DR, , SAN DIEGO, CA 92123" }, "geometry": { "type": "Point", "coordinates": [ -117.14419, 32.80955 ] } },
{ "type": "Feature", "properties": { "addr": "4000 WILSHIRE BLVD, WILSHIRE CENTER, LOS ANGELES, CA 90010" }, "geometry": { "type": "Point", "coordinates": [ -118.31475, 34.06167 ] } },
{ "type": "Feature", "properties": { "addr": "555 W MAIN ST, SUITE E, ALHAMBRA, CA 91801" }, "geometry": { "type": "Point", "coordinates": [ -118.13324, 34.0922 ] } },
{ "type": "Feature", "properties": { "addr": "700 MAIN STREET, STE 220, SUISUN CITY, CA 94585" }, "geometry": { "type": "Point", "coordinates": [ -122.04057, 38.23808 ] } },
{ "type": "Feature", "properties": { "addr": "320 DAVIS ST, , SAN LEANDRO, CA 94577" }, "geometry": { "type": "Point", "coordinates": [ -122.15889, 37.72498 ] } },
{ "type": "Feature", "properties": { "addr": "5140 E OLIVE AVE, , FRESNO, CA 93727" }, "geometry": { "type": "Point", "coordinates": [ -119.72106, 36.75745 ] } },
{ "type": "Feature", "properties": { "addr": "115 TABLE MOUNTAIN BL, , OROVILLE, CA 95965" }, "geometry": { "type": "Point", "coordinates": [ -121.55683, 39.5229 ] } },
{ "type": "Feature", "properties": { "addr": "2424 ARDEN WAY, SUITE 200, SACRAMENTO, CA 95825" }, "geometry": { "type": "Point", "coordinates": [ -121.40439, 38.59508 ] } },
{ "type": "Feature", "properties": { "addr": "825 RIVERSIDE PARKWAY, STE 1000, WEST SACRAMENTO, CA 95605" }, "geometry": { "type": "Point", "coordinates": [ -121.56366, 38.59104 ] } },
{ "type": "Feature", "properties": { "addr": "1165 E ROUTE 66, , GLENDORA, CA 91740" }, "geometry": { "type": "Point", "coordinates": [ -117.84412, 34.1289 ] } },
{ "type": "Feature", "properties": { "addr": "46845 MONROE STREET, , INDIO, CA 92201" }, "geometry": { "type": "Point", "coordinates": [ -116.2339, 33.70849 ] } },
{ "type": "Feature", "properties": { "addr": "6140 COTTLE ROAD, , SAN JOSE, CA 95123" }, "geometry": { "type": "Point", "coordinates": [ -121.80383, 37.23542 ] } },
{ "type": "Feature", "properties": { "addr": "910 CIRBY WAY, SUITE 130, ROSEVILLE, CA 95661" }, "geometry": { "type": "Point", "coordinates": [ -121.27507, 38.72946 ] } },
{ "type": "Feature", "properties": { "addr": "3916 MISSOURI FLAT RD, SUITE A, PLACERVILLE, CA 95667" }, "geometry": { "type": "Point", "coordinates": [ -120.84232, 38.71347 ] } },
{ "type": "Feature", "properties": { "addr": "40 MASSIE CIRCLE, , SACRAMENTO, CA 95823" }, "geometry": { "type": "Point", "coordinates": [ -121.42291, 38.4765 ] } },
{ "type": "Feature", "properties": { "addr": "40597 WEST LAKE DRIVE, , OAKHURST, CA 93644" }, "geometry": { "type": "Point", "coordinates": [ -119.6691, 37.3388 ] } },
{ "type": "Feature", "properties": { "addr": "1360 NORTH MAIN ST, , BISHOP, CA 93514" }, "geometry": { "type": "Point", "coordinates": [ -118.39534, 37.37584 ] } },
{ "type": "Feature", "properties": { "addr": "555 MELISSA AVE, , BARSTOW, CA 92311" }, "geometry": { "type": "Point", "coordinates": [ -117.01707, 34.89388 ] } },
{ "type": "Feature", "properties": { "addr": "5362 LEMEE LANE, , MARIPOSA, CA 95338" }, "geometry": { "type": "Point", "coordinates": [ -119.98432, 37.49962 ] } },
{ "type": "Feature", "properties": { "addr": "1010 10TH STREET, , MODESTO, CA 95354" }, "geometry": { "type": "Point", "coordinates": [ -121.00066, 37.64084 ] } },
{ "type": "Feature", "properties": { "addr": "2615 E. CLINTON AVE, , FRESNO, CA 93703" }, "geometry": { "type": "Point", "coordinates": [ -119.77928, 36.77231 ] } },
{ "type": "Feature", "properties": { "addr": "825 NORTH CREST DRIVE, , GRAND JUNCTION, CO 81506" }, "geometry": { "type": "Point", "coordinates": [ -108.53665, 39.12396 ] } },
{ "type": "Feature", "properties": { "addr": "8000 SOUTHPARK LN, , LITTLETON, CO 80120" }, "geometry": { "type": "Point", "coordinates": [ -105.00682, 39.5716 ] } },
{ "type": "Feature", "properties": { "addr": "13151 W ALAMEDA PKWY, , LAKEWOOD, CO 80228" }, "geometry": { "type": "Point", "coordinates": [ -105.14607, 39.69599 ] } },
{ "type": "Feature", "properties": { "addr": "1500 CHAMPA ST, 2ND FLR SUITE 200, DENVER, CO 80202" }, "geometry": { "type": "Point", "coordinates": [ -104.99457, 39.74599 ] } },
{ "type": "Feature", "properties": { "addr": "3769 PARKER BLVD, , PUEBLO, CO 81008" }, "geometry": { "type": "Point", "coordinates": [ -104.6574, 38.31123 ] } },
{ "type": "Feature", "properties": { "addr": "5400 WEST 11 ST, SUITE A, GREELEY, CO 80634" }, "geometry": { "type": "Point", "coordinates": [ -104.7712, 40.41901 ] } },
{ "type": "Feature", "properties": { "addr": "2306 E PIKES PEAK AVE, , COLORADO SPRINGS, CO 80909" }, "geometry": { "type": "Point", "coordinates": [ -104.78789, 38.83268 ] } },
{ "type": "Feature", "properties": { "addr": "602 DEL SOL DRIVE 1-A, , ALAMOSA, CO 81101" }, "geometry": { "type": "Point", "coordinates": [ -105.90275, 37.47977 ] } },
{ "type": "Feature", "properties": { "addr": "480 W DAHLIA ST, , LOUISVILLE, CO 80027" }, "geometry": { "type": "Point", "coordinates": [ -105.15897, 39.96379 ] } },
{ "type": "Feature", "properties": { "addr": "103 SHEPPARD DRIVE, SUITE 120, DURANGO, CO 81303" }, "geometry": { "type": "Point", "coordinates": [ -107.87313, 37.23608 ] } },
{ "type": "Feature", "properties": { "addr": "301 S HOWES ST, 4TH FLOOR, FORT COLLINS, CO 80521" }, "geometry": { "type": "Point", "coordinates": [ -105.08077, 40.58366 ] } },
{ "type": "Feature", "properties": { "addr": "14280 E JEWELL AVE, SUITE 250, AURORA, CO 80012" }, "geometry": { "type": "Point", "coordinates": [ -104.82199, 39.68118 ] } },
{ "type": "Feature", "properties": { "addr": "1805 PAVILION DR, , MONTROSE, CO 81401" }, "geometry": { "type": "Point", "coordinates": [ -107.85119, 38.46645 ] } },
{ "type": "Feature", "properties": { "addr": "115 N 10TH ST, , CANON CITY, CO 81212" }, "geometry": { "type": "Point", "coordinates": [ -105.23477, 38.44424 ] } },
{ "type": "Feature", "properties": { "addr": "111 WAVERLY AVENUE, , TRINIDAD, CO 81082" }, "geometry": { "type": "Point", "coordinates": [ -104.49178, 37.17364 ] } },
{ "type": "Feature", "properties": { "addr": "1314 E 3RD ST, , LA JUNTA, CO 81050" }, "geometry": { "type": "Point", "coordinates": [ -103.52583, 37.986 ] } },
{ "type": "Feature", "properties": { "addr": "120 MIDLAND AVE, UNIT 140, GLENWOOD SPRINGS, CO 81601" }, "geometry": { "type": "Point", "coordinates": [ -107.35769, 39.55782 ] } },
{ "type": "Feature", "properties": { "addr": "102 E. PARAMETER, , LAMAR, CO 81052" }, "geometry": { "type": "Point", "coordinates": [ -102.61821, 38.08505 ] } },
{ "type": "Feature", "properties": { "addr": "426 ENSIGN ST, , FORT MORGAN, CO 80701" }, "geometry": { "type": "Point", "coordinates": [ -103.80276, 40.25235 ] } },
{ "type": "Feature", "properties": { "addr": "135 HIGH ST, SUITE 101, HARTFORD, CT 06103" }, "geometry": { "type": "Point", "coordinates": [ -72.67995, 41.76991 ] } },
{ "type": "Feature", "properties": { "addr": "35 COURTLAND ST, 2ND FLOOR, BRIDGEPORT, CT 06604" }, "geometry": { "type": "Point", "coordinates": [ -73.19378, 41.17583 ] } },
{ "type": "Feature", "properties": { "addr": "51 NORTH ELM ST, SUITE 1, WATERBURY, CT 06702" }, "geometry": { "type": "Point", "coordinates": [ -73.0366, 41.55577 ] } },
{ "type": "Feature", "properties": { "addr": "1320 MAIN ST, STE 19, WILLIMANTIC, CT 06226" }, "geometry": { "type": "Point", "coordinates": [ -72.22905, 41.71528 ] } },
{ "type": "Feature", "properties": { "addr": "6 SHAWS CV, SUITE 205, NEW LONDON, CT 06320" }, "geometry": { "type": "Point", "coordinates": [ -72.1029, 41.3486 ] } },
{ "type": "Feature", "properties": { "addr": "150 COURT ST, GIAIMO FED BLDG 4TH FL, NEW HAVEN, CT 06510" }, "geometry": { "type": "Point", "coordinates": [ -72.92356, 41.30644 ] } },
{ "type": "Feature", "properties": { "addr": "1 HERALD SQUARE, FL 2 SUITE 201, NEW BRITAIN, CT 06051" }, "geometry": { "type": "Point", "coordinates": [ -72.77976, 41.66703 ] } },
{ "type": "Feature", "properties": { "addr": "2 LANDMARK SQUARE, SUITE 105, STAMFORD, CT 06901" }, "geometry": { "type": "Point", "coordinates": [ -73.53765, 41.05509 ] } },
{ "type": "Feature", "properties": { "addr": "SUITE 212, 321 RESEARCH PARKWAY, MERIDEN, CT 06450" }, "geometry": { "type": "Point", "coordinates": [ -72.76429, 41.51725 ] } },
{ "type": "Feature", "properties": { "addr": "147 LITCHFIELD STREET, , TORRINGTON, CT 06790" }, "geometry": { "type": "Point", "coordinates": [ -73.1236, 41.79805 ] } },
{ "type": "Feature", "properties": { "addr": "131 WEST ST, , DANBURY, CT 06810" }, "geometry": { "type": "Point", "coordinates": [ -73.46279, 41.39313 ] } },
{ "type": "Feature", "properties": { "addr": "475 MAIN STREET, , ANSONIA, CT 06401" }, "geometry": { "type": "Point", "coordinates": [ -73.0772, 41.33818 ] } },
{ "type": "Feature", "properties": { "addr": "478 BURNSIDE AVENUE, , EAST HARTFORD, CT 06108" }, "geometry": { "type": "Point", "coordinates": [ -72.61907, 41.77814 ] } },
{ "type": "Feature", "properties": { "addr": "SUITE 800, 99 EAST MAIN ST, MIDDLETOWN, CT 06457" }, "geometry": { "type": "Point", "coordinates": [ -72.64289, 41.55326 ] } },
{ "type": "Feature", "properties": { "addr": "55 MAIN ST, STE 380, NORWICH, CT 06360" }, "geometry": { "type": "Point", "coordinates": [ -72.07851, 41.52431 ] } },
{ "type": "Feature", "properties": { "addr": "1 BELDEN AVE, , NORWALK, CT 06850" }, "geometry": { "type": "Point", "coordinates": [ -73.41523, 41.11705 ] } },
{ "type": "Feature", "properties": { "addr": "240 STAFFORD AVE, , BRISTOL, CT 06010" }, "geometry": { "type": "Point", "coordinates": [ -72.90334, 41.68364 ] } },
{ "type": "Feature", "properties": { "addr": "920 W BASIN ROAD, SUITE 200, NEW CASTLE, DE 19720" }, "geometry": { "type": "Point", "coordinates": [ -75.59568, 39.69748 ] } },
{ "type": "Feature", "properties": { "addr": "655 S BAY RD, SUITE 3J, DOVER, DE 19901" }, "geometry": { "type": "Point", "coordinates": [ -75.50144, 39.15095 ] } },
{ "type": "Feature", "properties": { "addr": "17 GEORGETOWN PLZ, , GEORGETOWN, DE 19947" }, "geometry": { "type": "Point", "coordinates": [ -75.39606, 38.67995 ] } },
{ "type": "Feature", "properties": { "addr": "1300 D ST SW, , WASHINGTON, DC 20024" }, "geometry": { "type": "Point", "coordinates": [ -77.02997, 38.88476 ] } },
{ "type": "Feature", "properties": { "addr": "2041 MLK JR AVE SE, SUITE 130, WASHINGTON, DC 20020" }, "geometry": { "type": "Point", "coordinates": [ -76.98983, 38.86593 ] } },
{ "type": "Feature", "properties": { "addr": "1905-B 9TH ST NE, , WASHINGTON, DC 20018" }, "geometry": { "type": "Point", "coordinates": [ -76.99324, 38.91673 ] } },
{ "type": "Feature", "properties": { "addr": "1348 SW BASCOM NORRIS, , LAKE CITY, FL 32025" }, "geometry": { "type": "Point", "coordinates": [ -82.66196, 30.16823 ] } },
{ "type": "Feature", "properties": { "addr": "6810 S US HWY 1, , PORT ST LUCIE, FL 34952" }, "geometry": { "type": "Point", "coordinates": [ -80.32577, 27.34117 ] } },
{ "type": "Feature", "properties": { "addr": "2340 DREW STREET, , CLEARWATER, FL 33765" }, "geometry": { "type": "Point", "coordinates": [ -82.74098, 27.96795 ] } },
{ "type": "Feature", "properties": { "addr": "900 N 14TH STREET, SUITE 100, LEESBURG, FL 34748" }, "geometry": { "type": "Point", "coordinates": [ -81.88747, 28.82165 ] } },
{ "type": "Feature", "properties": { "addr": "1629 S ADELLE AVE, , DELAND, FL 32720" }, "geometry": { "type": "Point", "coordinates": [ -81.31091, 28.99862 ] } },
{ "type": "Feature", "properties": { "addr": "12249 PEMBROKE RD, , PEMBROKE PINES, FL 33025" }, "geometry": { "type": "Point", "coordinates": [ -80.30384, 25.99318 ] } },
{ "type": "Feature", "properties": { "addr": "11100 SW 211TH ST, , MIAMI, FL 33189" }, "geometry": { "type": "Point", "coordinates": [ -80.37152, 25.5711 ] } },
{ "type": "Feature", "properties": { "addr": "6500 W 21 COURT, , HIALEAH, FL 33016" }, "geometry": { "type": "Point", "coordinates": [ -80.32659, 25.88227 ] } },
{ "type": "Feature", "properties": { "addr": "1685 DUNN AVE, , JACKSONVILLE, FL 32218" }, "geometry": { "type": "Point", "coordinates": [ -81.67437, 30.4329 ] } },
{ "type": "Feature", "properties": { "addr": "1251 NW 36TH STREET, GROUND FLOOR, MIAMI, FL 33142" }, "geometry": { "type": "Point", "coordinates": [ -80.2172, 25.80979 ] } },
{ "type": "Feature", "properties": { "addr": "5540 SR 64 EAST, SUITE 100, BRADENTON, FL 34208" }, "geometry": { "type": "Point", "coordinates": [ -82.49126, 27.49398 ] } },
{ "type": "Feature", "properties": { "addr": "2027 S PARSONS AVE, , SEFFNER, FL 33584" }, "geometry": { "type": "Point", "coordinates": [ -82.28597, 27.97779 ] } },
{ "type": "Feature", "properties": { "addr": "SUITE 2001, 101 COMMERCE ST, LAKE MARY, FL 32746" }, "geometry": { "type": "Point", "coordinates": [ -81.35915, 28.74006 ] } },
{ "type": "Feature", "properties": { "addr": "7185 BENTLEY ROAD, SUITE 1, JACKSONVILLE, FL 32256" }, "geometry": { "type": "Point", "coordinates": [ -81.59368, 30.24277 ] } },
{ "type": "Feature", "properties": { "addr": "7012 W HILLSBOROUGH AVE, , TAMPA, FL 33634" }, "geometry": { "type": "Point", "coordinates": [ -82.55898, 27.99643 ] } },
{ "type": "Feature", "properties": { "addr": "500 N ORANGE AVE, SUITE 4101, ORLANDO, FL 32801" }, "geometry": { "type": "Point", "coordinates": [ -81.37918, 28.54998 ] } },
{ "type": "Feature", "properties": { "addr": "550 COMMERCE DR, , LAKELAND, FL 33813" }, "geometry": { "type": "Point", "coordinates": [ -81.96435, 27.95983 ] } },
{ "type": "Feature", "properties": { "addr": "2002 OLD ST AUGUSTINE, STE B-12, TALLAHASSEE, FL 32301" }, "geometry": { "type": "Point", "coordinates": [ -84.24661, 30.4261 ] } },
{ "type": "Feature", "properties": { "addr": "411 W GARDEN STREET, , PENSACOLA, FL 32502" }, "geometry": { "type": "Point", "coordinates": [ -87.22275, 30.41154 ] } },
{ "type": "Feature", "properties": { "addr": "801 CLEMATIS STREET, SUITE 2, WEST PALM BEACH, FL 33401" }, "geometry": { "type": "Point", "coordinates": [ -80.06054, 26.7136 ] } },
{ "type": "Feature", "properties": { "addr": "30 DR MLK ST S, , ST PETERSBURG, FL 33701" }, "geometry": { "type": "Point", "coordinates": [ -82.64662, 27.77069 ] } },
{ "type": "Feature", "properties": { "addr": "4562 NW 13 STREET, , GAINESVILLE, FL 32609" }, "geometry": { "type": "Point", "coordinates": [ -82.33911, 29.69774 ] } },
{ "type": "Feature", "properties": { "addr": "4990 S CLYDE MORRIS BLVD, , PORT ORANGE, FL 32127" }, "geometry": { "type": "Point", "coordinates": [ -81.02205, 29.11587 ] } },
{ "type": "Feature", "properties": { "addr": "3201 W COMMERCIAL BLVD, STE 100, FT LAUDERDALE, FL 33309" }, "geometry": { "type": "Point", "coordinates": [ -80.19004, 26.18644 ] } },
{ "type": "Feature", "properties": { "addr": "2001 SIESTA DR, SUITE 301, SARASOTA, FL 34239" }, "geometry": { "type": "Point", "coordinates": [ -82.53001, 27.30316 ] } },
{ "type": "Feature", "properties": { "addr": "3215 HWY 77, , PANAMA CITY, FL 32405" }, "geometry": { "type": "Point", "coordinates": [ -85.64975, 30.20658 ] } },
{ "type": "Feature", "properties": { "addr": "16900 NW 12 AVE, , MIAMI, FL 33169" }, "geometry": { "type": "Point", "coordinates": [ -80.22107, 25.92904 ] } },
{ "type": "Feature", "properties": { "addr": "4220 EXECUTIVE CIRCLE, SUITE 25, FORT MYERS, FL 33916" }, "geometry": { "type": "Point", "coordinates": [ -81.84574, 26.60122 ] } },
{ "type": "Feature", "properties": { "addr": "1801 ALTON RD, SUITE 200, MIAMI BEACH, FL 33139" }, "geometry": { "type": "Point", "coordinates": [ -80.14123, 25.79395 ] } },
{ "type": "Feature", "properties": { "addr": "1715 W NASA BLVD, , MELBOURNE, FL 32901" }, "geometry": { "type": "Point", "coordinates": [ -80.64957, 28.09248 ] } },
{ "type": "Feature", "properties": { "addr": "933 E SILVER SPGS BLVD, , OCALA, FL 34470" }, "geometry": { "type": "Point", "coordinates": [ -82.12732, 29.18706 ] } },
{ "type": "Feature", "properties": { "addr": "7601 LITTLE ROAD, SUITE 102, NEW PORT RICHEY, FL 34654" }, "geometry": { "type": "Point", "coordinates": [ -82.67452, 28.26708 ] } },
{ "type": "Feature", "properties": { "addr": "5195 COCONUT CREEK PKWY, , MARGATE, FL 33063" }, "geometry": { "type": "Point", "coordinates": [ -80.19399, 26.24458 ] } },
{ "type": "Feature", "properties": { "addr": "11401 W FLAGLER ST, , MIAMI, FL 33174" }, "geometry": { "type": "Point", "coordinates": [ -80.38162, 25.76835 ] } },
{ "type": "Feature", "properties": { "addr": "2428 OLD MOULTRIE ROAD, , ST AUGUSTINE, FL 32086" }, "geometry": { "type": "Point", "coordinates": [ -81.32696, 29.85342 ] } },
{ "type": "Feature", "properties": { "addr": "10050 N FLORIDA AVE, , TAMPA, FL 33612" }, "geometry": { "type": "Point", "coordinates": [ -82.45948, 28.04207 ] } },
{ "type": "Feature", "properties": { "addr": "1600 TAMIAMI TRAIL, SUITE 200, PORT CHARLOTTE, FL 33948" }, "geometry": { "type": "Point", "coordinates": [ -82.13874, 27.00959 ] } },
{ "type": "Feature", "properties": { "addr": "1435 E VENICE AVE, STE 114, VENICE, FL 34292" }, "geometry": { "type": "Point", "coordinates": [ -82.41597, 27.09828 ] } },
{ "type": "Feature", "properties": { "addr": "4030 WEST VINE ST., , KISSIMMEE, FL 34741" }, "geometry": { "type": "Point", "coordinates": [ -81.44458, 28.30436 ] } },
{ "type": "Feature", "properties": { "addr": "111-B RACETRACK RD NW, , FORT WALTON BEACH, FL 32547" }, "geometry": { "type": "Point", "coordinates": [ -86.61981, 30.44908 ] } },
{ "type": "Feature", "properties": { "addr": "1395 NW HAVENDALE BLVD, , WINTER HAVEN, FL 33881" }, "geometry": { "type": "Point", "coordinates": [ -81.743, 28.0445 ] } },
{ "type": "Feature", "properties": { "addr": "925 SE 1ST STREET, , BELLE GLADE, FL 33430" }, "geometry": { "type": "Point", "coordinates": [ -80.66918, 26.67441 ] } },
{ "type": "Feature", "properties": { "addr": "36630 ADAIR ROAD, , DADE CITY, FL 33525" }, "geometry": { "type": "Point", "coordinates": [ -82.21031, 28.35224 ] } },
{ "type": "Feature", "properties": { "addr": "3700 COMMERCIAL DRIVE, , SEBRING, FL 33870" }, "geometry": { "type": "Point", "coordinates": [ -81.49439, 27.51757 ] } },
{ "type": "Feature", "properties": { "addr": "724 20TH ST, , VERO BEACH, FL 32960" }, "geometry": { "type": "Point", "coordinates": [ -80.38769, 27.638 ] } },
{ "type": "Feature", "properties": { "addr": "2659 PROFESSIONAL CIR,, SUITE 1114, NAPLES, FL 34119" }, "geometry": { "type": "Point", "coordinates": [ -81.73996, 26.27634 ] } },
{ "type": "Feature", "properties": { "addr": "8501 W SUNRISE BLVD, SUITE 100, PLANTATION, FL 33322" }, "geometry": { "type": "Point", "coordinates": [ -80.26377, 26.14803 ] } },
{ "type": "Feature", "properties": { "addr": "4227 LAFAYETTE ST, , MARIANNA, FL 32446" }, "geometry": { "type": "Point", "coordinates": [ -85.24374, 30.78134 ] } },
{ "type": "Feature", "properties": { "addr": "8345 BISCAYNE BLVD, , MIAMI, FL 33138" }, "geometry": { "type": "Point", "coordinates": [ -80.18476, 25.85196 ] } },
{ "type": "Feature", "properties": { "addr": "621 NW 53 ST, SUITE 400, BOCA RATON, FL 33487" }, "geometry": { "type": "Point", "coordinates": [ -80.09582, 26.39647 ] } },
{ "type": "Feature", "properties": { "addr": "3663 SW 8TH ST, 1ST FLOOR, MIAMI, FL 33135" }, "geometry": { "type": "Point", "coordinates": [ -80.25442, 25.76473 ] } },
{ "type": "Feature", "properties": { "addr": "310 CANAVERAL GROVES, , COCOA, FL 32926" }, "geometry": { "type": "Point", "coordinates": [ -80.76072, 28.43226 ] } },
{ "type": "Feature", "properties": { "addr": "301 SIMONTON ST, STE 110, KEY WEST, FL 33040" }, "geometry": { "type": "Point", "coordinates": [ -81.80261, 24.55877 ] } },
{ "type": "Feature", "properties": { "addr": "901 NW 17TH ST, JMH PARK PLAZA EAST, SUITE T, MIAMI, FL 33136" }, "geometry": { "type": "Point", "coordinates": [ -80.21116, 25.79135 ] } },
{ "type": "Feature", "properties": { "addr": "401 W PEACHTREE ST NW, STE 2860 FLR 28, ATLANTA, GA 30308" }, "geometry": { "type": "Point", "coordinates": [ -84.38746, 33.76544 ] } },
{ "type": "Feature", "properties": { "addr": "325 W MONTGOMERY XRD, SUITE C, SAVANNAH, GA 31406" }, "geometry": { "type": "Point", "coordinates": [ -81.136, 31.99953 ] } },
{ "type": "Feature", "properties": { "addr": "1522 W 3RD AVE, , ALBANY, GA 31707" }, "geometry": { "type": "Point", "coordinates": [ -84.18657, 31.59083 ] } },
{ "type": "Feature", "properties": { "addr": "3530 RIVERSIDE DRIVE, , MACON, GA 31210" }, "geometry": { "type": "Point", "coordinates": [ -83.68241, 32.89708 ] } },
{ "type": "Feature", "properties": { "addr": "1650 PRINCE AVENUE, , ATHENS, GA 30606" }, "geometry": { "type": "Point", "coordinates": [ -83.40567, 33.96666 ] } },
{ "type": "Feature", "properties": { "addr": "7263 NORTH LAKE DR, , COLUMBUS, GA 31909" }, "geometry": { "type": "Point", "coordinates": [ -84.95238, 32.5496 ] } },
{ "type": "Feature", "properties": { "addr": "115 ROBERT C DANIEL JR PKWY, , AUGUSTA, GA 30909" }, "geometry": { "type": "Point", "coordinates": [ -82.07654, 33.49346 ] } },
{ "type": "Feature", "properties": { "addr": "303 ISABELLA ST, , WAYCROSS, GA 31501" }, "geometry": { "type": "Point", "coordinates": [ -82.35849, 31.21133 ] } },
{ "type": "Feature", "properties": { "addr": "1300 LAFAYETTE PKWY, SUITE A, LAGRANGE, GA 30241" }, "geometry": { "type": "Point", "coordinates": [ -84.99648, 33.0412 ] } },
{ "type": "Feature", "properties": { "addr": "480 RIVERSIDE PKWY NE, , ROME, GA 30161" }, "geometry": { "type": "Point", "coordinates": [ -85.16982, 34.27592 ] } },
{ "type": "Feature", "properties": { "addr": "109 CYPRESS CORNERS, , MILLEDGEVILLE, GA 31061" }, "geometry": { "type": "Point", "coordinates": [ -83.24896, 33.09997 ] } },
{ "type": "Feature", "properties": { "addr": "1916 SMITH AVENUE, , THOMASVILLE, GA 31792" }, "geometry": { "type": "Point", "coordinates": [ -83.95009, 30.83517 ] } },
{ "type": "Feature", "properties": { "addr": "2565 THOMPSON BRDG RD, SUITE 210, GAINESVILLE, GA 30501" }, "geometry": { "type": "Point", "coordinates": [ -83.84738, 34.33946 ] } },
{ "type": "Feature", "properties": { "addr": "3149 PERIMETER PARK LN, , VALDOSTA, GA 31602" }, "geometry": { "type": "Point", "coordinates": [ -83.27558, 30.88182 ] } },
{ "type": "Feature", "properties": { "addr": "134 JUNIPER CT, , BRUNSWICK, GA 31520" }, "geometry": { "type": "Point", "coordinates": [ -81.49509, 31.21569 ] } },
{ "type": "Feature", "properties": { "addr": "919 HILLCREST PKWY, , DUBLIN, GA 31021" }, "geometry": { "type": "Point", "coordinates": [ -82.93034, 32.54755 ] } },
{ "type": "Feature", "properties": { "addr": "1548 FLYNT ST, , GRIFFIN, GA 30223" }, "geometry": { "type": "Point", "coordinates": [ -84.29193, 33.25002 ] } },
{ "type": "Feature", "properties": { "addr": "6665 PARK PLACE, , MORROW, GA 30260" }, "geometry": { "type": "Point", "coordinates": [ -84.34543, 33.57303 ] } },
{ "type": "Feature", "properties": { "addr": "301 POINT NORTH PL, , DALTON, GA 30720" }, "geometry": { "type": "Point", "coordinates": [ -84.97415, 34.79364 ] } },
{ "type": "Feature", "properties": { "addr": "200 CHASTAIN CENTER BLVD, SUITE 250, KENNESAW, GA 30144" }, "geometry": { "type": "Point", "coordinates": [ -84.56542, 34.0356 ] } },
{ "type": "Feature", "properties": { "addr": "4365 SHACKLEFORD RD, , NORCROSS, GA 30093" }, "geometry": { "type": "Point", "coordinates": [ -84.15277, 33.93802 ] } },
{ "type": "Feature", "properties": { "addr": "3554 COVINGTON HWY, , DECATUR, GA 30032" }, "geometry": { "type": "Point", "coordinates": [ -84.25136, 33.76537 ] } },
{ "type": "Feature", "properties": { "addr": "3800 CAMP CREEK PKWY, BLDG 2400 SUITE 122, ATLANTA, GA 30331" }, "geometry": { "type": "Point", "coordinates": [ -84.51243, 33.67542 ] } },
{ "type": "Feature", "properties": { "addr": "1050 BRANNEN ST, , STATESBORO, GA 30461" }, "geometry": { "type": "Point", "coordinates": [ -81.75383, 32.42845 ] } },
{ "type": "Feature", "properties": { "addr": "155 BIG A RD, , TOCCOA, GA 30577" }, "geometry": { "type": "Point", "coordinates": [ -83.31708, 34.57997 ] } },
{ "type": "Feature", "properties": { "addr": "908 S CARROLL RD, , VILLA RICA, GA 30180" }, "geometry": { "type": "Point", "coordinates": [ -84.93633, 33.71424 ] } },
{ "type": "Feature", "properties": { "addr": "389 EAST BROAD ST, , WINDER, GA 30680" }, "geometry": { "type": "Point", "coordinates": [ -83.6983, 33.99805 ] } },
{ "type": "Feature", "properties": { "addr": "510 E 15TH AVE, , CORDELE, GA 31015" }, "geometry": { "type": "Point", "coordinates": [ -83.77598, 31.96472 ] } },
{ "type": "Feature", "properties": { "addr": "220 CARL VINSON PKWY, , WARNER ROBINS, GA 31088" }, "geometry": { "type": "Point", "coordinates": [ -83.66508, 32.59913 ] } },
{ "type": "Feature", "properties": { "addr": "732 2ND ST W, , TIFTON, GA 31794" }, "geometry": { "type": "Point", "coordinates": [ -83.52292, 31.45776 ] } },
{ "type": "Feature", "properties": { "addr": "9180 COVINGTON BY PASS RD, , COVINGTON, GA 30014" }, "geometry": { "type": "Point", "coordinates": [ -83.83406, 33.59133 ] } },
{ "type": "Feature", "properties": { "addr": "104 W THIRD ST, , VIDALIA, GA 30474" }, "geometry": { "type": "Point", "coordinates": [ -82.41574, 32.21578 ] } },
{ "type": "Feature", "properties": { "addr": "246 BULLSBORO DR, SUITE B, NEWNAN, GA 30263" }, "geometry": { "type": "Point", "coordinates": [ -84.76694, 33.39295 ] } },
{ "type": "Feature", "properties": { "addr": "469 MARIETTA ST NW, , ATLANTA‚Ä†, GA 30313" }, "geometry": { "type": "Point", "coordinates": [ -84.39742, 33.7662 ] } },
{ "type": "Feature", "properties": { "addr": "1249 S VINNELL WAY, SUITE 101, BOISE, ID 83709" }, "geometry": { "type": "Point", "coordinates": [ -116.2861, 43.59302 ] } },
{ "type": "Feature", "properties": { "addr": "861 JEFFERSON AVE, SUITE B, POCATELLO, ID 83201" }, "geometry": { "type": "Point", "coordinates": [ -112.4416, 42.89052 ] } },
{ "type": "Feature", "properties": { "addr": "1617 19TH AVE, , LEWISTON, ID 83501" }, "geometry": { "type": "Point", "coordinates": [ -117.00831, 46.40099 ] } },
{ "type": "Feature", "properties": { "addr": "1437 FILLMORE ST, , TWIN FALLS, ID 83301" }, "geometry": { "type": "Point", "coordinates": [ -114.4646, 42.58723 ] } },
{ "type": "Feature", "properties": { "addr": "2196 CHANNING WAY, , IDAHO FALLS, ID 83404" }, "geometry": { "type": "Point", "coordinates": [ -111.99083, 43.47747 ] } },
{ "type": "Feature", "properties": { "addr": "7400 N MINERAL DR, SUITE 100, COEUR D' ALENE, ID 83815" }, "geometry": { "type": "Point", "coordinates": [ -116.79533, 47.7389 ] } },
{ "type": "Feature", "properties": { "addr": "1118 S KIMBALL AVE, , CALDWELL, ID 83605" }, "geometry": { "type": "Point", "coordinates": [ -116.69649, 43.65938 ] } },
{ "type": "Feature", "properties": { "addr": "605 W WASHINGTON BLVD, , CHICAGO, IL 60661" }, "geometry": { "type": "Point", "coordinates": [ -87.64291, 41.88308 ] } },
{ "type": "Feature", "properties": { "addr": "650 MISSOURI AVE, ROOM 104 FEDERAL BLDG, EAST ST LOUIS, IL 62201" }, "geometry": { "type": "Point", "coordinates": [ -90.15715, 38.6246 ] } },
{ "type": "Feature", "properties": { "addr": "815 W PIONEER PARKWAY, , PEORIA, IL 61615" }, "geometry": { "type": "Point", "coordinates": [ -89.60534, 40.78335 ] } },
{ "type": "Feature", "properties": { "addr": "3112 CONSTITUTION DR, , SPRINGFIELD, IL 62704" }, "geometry": { "type": "Point", "coordinates": [ -89.71376, 39.74996 ] } },
{ "type": "Feature", "properties": { "addr": "2350 4TH AVE, , ROCK ISLAND, IL 61201" }, "geometry": { "type": "Point", "coordinates": [ -90.5665, 41.50842 ] } },
{ "type": "Feature", "properties": { "addr": "2401 LIND STREET, , QUINCY, IL 62301" }, "geometry": { "type": "Point", "coordinates": [ -91.37731, 39.94164 ] } },
{ "type": "Feature", "properties": { "addr": "1930 N LEWIS AVE, , WAUKEGAN, IL 60087" }, "geometry": { "type": "Point", "coordinates": [ -87.85588, 42.38762 ] } },
{ "type": "Feature", "properties": { "addr": "105 S 6TH ST, FEDERAL BUILDING ROOM 103, MOUNT VERNON, IL 62864" }, "geometry": { "type": "Point", "coordinates": [ -88.89778, 38.31773 ] } },
{ "type": "Feature", "properties": { "addr": "400 N. VERMILION ST., , DANVILLE, IL 61832" }, "geometry": { "type": "Point", "coordinates": [ -87.63005, 40.13071 ] } },
{ "type": "Feature", "properties": { "addr": "552 HOUBOLT RD, , JOLIET, IL 60431" }, "geometry": { "type": "Point", "coordinates": [ -88.16915, 41.51149 ] } },
{ "type": "Feature", "properties": { "addr": "18 VETERANS DRIVE, , HARRISBURG, IL 62946" }, "geometry": { "type": "Point", "coordinates": [ -88.53138, 37.74489 ] } },
{ "type": "Feature", "properties": { "addr": "502 E JEFFERSON ST, , ROCKFORD, IL 61107" }, "geometry": { "type": "Point", "coordinates": [ -89.08562, 42.26942 ] } },
{ "type": "Feature", "properties": { "addr": "6338 S COTTAGE GROVE AVE, , CHICAGO, IL 60637" }, "geometry": { "type": "Point", "coordinates": [ -87.60592, 41.77907 ] } },
{ "type": "Feature", "properties": { "addr": "5130 WEST NORTH AVENUE, , CHICAGO, IL 60639" }, "geometry": { "type": "Point", "coordinates": [ -87.75458, 41.90955 ] } },
{ "type": "Feature", "properties": { "addr": "2127 W LAWRENCE AVE, , CHICAGO, IL 60625" }, "geometry": { "type": "Point", "coordinates": [ -87.68295, 41.96867 ] } },
{ "type": "Feature", "properties": { "addr": "9443 S WESTERN AVE, , CHICAGO, IL 60643" }, "geometry": { "type": "Point", "coordinates": [ -87.68205, 41.72181 ] } },
{ "type": "Feature", "properties": { "addr": "101 S COUNTRY FAIR DR, , CHAMPAIGN, IL 61821" }, "geometry": { "type": "Point", "coordinates": [ -88.2817, 40.11613 ] } },
{ "type": "Feature", "properties": { "addr": "7222 W CERMAK RD, ROOM 600, NORTH RIVERSIDE, IL 60546" }, "geometry": { "type": "Point", "coordinates": [ -87.8053, 41.85039 ] } },
{ "type": "Feature", "properties": { "addr": "230 NORTH MANNHEIM RD, , HILLSIDE, IL 60162" }, "geometry": { "type": "Point", "coordinates": [ -87.88302, 41.87484 ] } },
{ "type": "Feature", "properties": { "addr": "2116 GREEN BAY RD, , EVANSTON, IL 60201" }, "geometry": { "type": "Point", "coordinates": [ -87.69243, 42.05671 ] } },
{ "type": "Feature", "properties": { "addr": "2060 WINDISH DRIVE, , GALESBURG, IL 61401" }, "geometry": { "type": "Point", "coordinates": [ -90.3619, 40.97016 ] } },
{ "type": "Feature", "properties": { "addr": "606 W PERSHING RD, , DECATUR, IL 62526" }, "geometry": { "type": "Point", "coordinates": [ -88.96483, 39.87655 ] } },
{ "type": "Feature", "properties": { "addr": "328 SUSAN DR, STE 100, NORMAL, IL 61761" }, "geometry": { "type": "Point", "coordinates": [ -88.94742, 40.51724 ] } },
{ "type": "Feature", "properties": { "addr": "1325 N. LAKE STREET, , AURORA, IL 60506" }, "geometry": { "type": "Point", "coordinates": [ -88.32046, 41.78702 ] } },
{ "type": "Feature", "properties": { "addr": "104 S HALSTED STREET, , CHICAGO HEIGHTS, IL 60411" }, "geometry": { "type": "Point", "coordinates": [ -87.63585, 41.53044 ] } },
{ "type": "Feature", "properties": { "addr": "3260 W FULLERTON AVE, , CHICAGO, IL 60647" }, "geometry": { "type": "Point", "coordinates": [ -87.7097, 41.92472 ] } },
{ "type": "Feature", "properties": { "addr": "501 BELLE ST, ROOM 103 FEDERAL BLDG, ALTON, IL 62002" }, "geometry": { "type": "Point", "coordinates": [ -90.18728, 38.8933 ] } },
{ "type": "Feature", "properties": { "addr": "4849 N MILWAUKEE AVE, SUITE 600, CHICAGO, IL 60630" }, "geometry": { "type": "Point", "coordinates": [ -87.7613, 41.96852 ] } },
{ "type": "Feature", "properties": { "addr": "9715 S COTTAGE GROVE, , CHICAGO, IL 60628" }, "geometry": { "type": "Point", "coordinates": [ -87.60403, 41.71824 ] } },
{ "type": "Feature", "properties": { "addr": "790 FLETCHER DR, SUITE 100, ELGIN, IL 60123" }, "geometry": { "type": "Point", "coordinates": [ -88.33502, 42.05426 ] } },
{ "type": "Feature", "properties": { "addr": "630 E. OAK ST., , KANKAKEE, IL 60901" }, "geometry": { "type": "Point", "coordinates": [ -87.85772, 41.12095 ] } },
{ "type": "Feature", "properties": { "addr": "250 W CHERRY ST, RM 104, CARBONDALE, IL 62901" }, "geometry": { "type": "Point", "coordinates": [ -89.21763, 37.7234 ] } },
{ "type": "Feature", "properties": { "addr": "3610 E LINCOLNWAY, , STERLING, IL 61081" }, "geometry": { "type": "Point", "coordinates": [ -89.65347, 41.81243 ] } },
{ "type": "Feature", "properties": { "addr": "915 WENZEL RD, , PERU, IL 61354" }, "geometry": { "type": "Point", "coordinates": [ -89.1186, 41.35308 ] } },
{ "type": "Feature", "properties": { "addr": "4 E LINDEN ST, , FREEPORT, IL 61032" }, "geometry": { "type": "Point", "coordinates": [ -89.62176, 42.30125 ] } },
{ "type": "Feature", "properties": { "addr": "1207 NETWORK CENTRE DR, SUITE 2, EFFINGHAM, IL 62401" }, "geometry": { "type": "Point", "coordinates": [ -88.52673, 39.14317 ] } },
{ "type": "Feature", "properties": { "addr": "230 WEST LAKE STREET, , BLOOMINGDALE, IL 60108" }, "geometry": { "type": "Point", "coordinates": [ -88.09429, 41.96179 ] } },
{ "type": "Feature", "properties": { "addr": "705 NORTH WHEELING RD, , MOUNT PROSPECT, IL 60056" }, "geometry": { "type": "Point", "coordinates": [ -87.9271, 42.08011 ] } },
{ "type": "Feature", "properties": { "addr": "2416 S PULASKI ROAD, , CHICAGO, IL 60623" }, "geometry": { "type": "Point", "coordinates": [ -87.72468, 41.84739 ] } },
{ "type": "Feature", "properties": { "addr": "7440 PROVIDENCE DR, , WOODRIDGE, IL 60517" }, "geometry": { "type": "Point", "coordinates": [ -88.03347, 41.75208 ] } },
{ "type": "Feature", "properties": { "addr": "1107 W FERDON, , LITCHFIELD, IL 62056" }, "geometry": { "type": "Point", "coordinates": [ -89.66554, 39.18264 ] } },
{ "type": "Feature", "properties": { "addr": "10718 S ROBERTS RD, , PALOS HILLS, IL 60465" }, "geometry": { "type": "Point", "coordinates": [ -87.81703, 41.69597 ] } },
{ "type": "Feature", "properties": { "addr": "2801 BROADWAY, , PEKIN, IL 61554" }, "geometry": { "type": "Point", "coordinates": [ -89.59884, 40.56799 ] } },
{ "type": "Feature", "properties": { "addr": "2450 LAKE SHORE DR, , WOODSTOCK, IL 60098" }, "geometry": { "type": "Point", "coordinates": [ -88.40913, 42.28144 ] } },
{ "type": "Feature", "properties": { "addr": "1005 FACTORY OUTLET DR, , WEST FRANKFORT, IL 62896" }, "geometry": { "type": "Point", "coordinates": [ -88.9506, 37.89876 ] } },
{ "type": "Feature", "properties": { "addr": "227 W POINTE DR, WEST POINTE CENTER, BELLEVILLE, IL 62226" }, "geometry": { "type": "Point", "coordinates": [ -89.98634, 38.56478 ] } },
{ "type": "Feature", "properties": { "addr": "5253 S ASHLAND AVE, , CHICAGO, IL 60609" }, "geometry": { "type": "Point", "coordinates": [ -87.66464, 41.7982 ] } },
{ "type": "Feature", "properties": { "addr": "575 N PENNSYLVANIA ST, RM 685, INDIANAPOLIS, IN 46204" }, "geometry": { "type": "Point", "coordinates": [ -86.15592, 39.77476 ] } },
{ "type": "Feature", "properties": { "addr": "602 S MICHIGAN ST, , SOUTH BEND, IN 46601" }, "geometry": { "type": "Point", "coordinates": [ -86.25019, 41.66926 ] } },
{ "type": "Feature", "properties": { "addr": "2300 N GREEN RIVER RD, , EVANSVILLE, IN 47715" }, "geometry": { "type": "Point", "coordinates": [ -87.49248, 37.99779 ] } },
{ "type": "Feature", "properties": { "addr": "222 CHERRY ST, , TERRE HAUTE, IN 47807" }, "geometry": { "type": "Point", "coordinates": [ -87.41495, 39.46753 ] } },
{ "type": "Feature", "properties": { "addr": "2122 LINCOLNWAY CT, , FORT WAYNE, IN 46819" }, "geometry": { "type": "Point", "coordinates": [ -85.16631, 41.006 ] } },
{ "type": "Feature", "properties": { "addr": "500 NORTH A STREET, , RICHMOND, IN 47374" }, "geometry": { "type": "Point", "coordinates": [ -84.8948, 39.83065 ] } },
{ "type": "Feature", "properties": { "addr": "10 S. 2ND ST, , LAFAYETTE, IN 47901" }, "geometry": { "type": "Point", "coordinates": [ -86.8955, 40.41676 ] } },
{ "type": "Feature", "properties": { "addr": "353 W. ALTO RD, , KOKOMO, IN 46902" }, "geometry": { "type": "Point", "coordinates": [ -86.13389, 40.44049 ] } },
{ "type": "Feature", "properties": { "addr": "600 NORTH WALNUT ST, , MUNCIE, IN 47305" }, "geometry": { "type": "Point", "coordinates": [ -85.38636, 40.19864 ] } },
{ "type": "Feature", "properties": { "addr": "808 SOUTH LAKE STREET, , GARY, IN 46403" }, "geometry": { "type": "Point", "coordinates": [ -87.26645, 41.59636 ] } },
{ "type": "Feature", "properties": { "addr": "3700 BLACKISTON BLVD, , NEW ALBANY, IN 47150" }, "geometry": { "type": "Point", "coordinates": [ -85.79485, 38.33583 ] } },
{ "type": "Feature", "properties": { "addr": "515 W PATTERSON DRIVE, , BLOOMINGTON, IN 47403" }, "geometry": { "type": "Point", "coordinates": [ -86.54051, 39.15381 ] } },
{ "type": "Feature", "properties": { "addr": "231 WATERFALL DRIVE, , ELKHART, IN 46516" }, "geometry": { "type": "Point", "coordinates": [ -85.96624, 41.68485 ] } },
{ "type": "Feature", "properties": { "addr": "117 S SCATTERFIELD RD, , ANDERSON, IN 46012" }, "geometry": { "type": "Point", "coordinates": [ -85.6529, 40.11647 ] } },
{ "type": "Feature", "properties": { "addr": "418 E DOUGLAS STREET, , HAMMOND, IN 46320" }, "geometry": { "type": "Point", "coordinates": [ -87.51737, 41.61478 ] } },
{ "type": "Feature", "properties": { "addr": "636 PINE STREET, , MICHIGAN CITY, IN 46360" }, "geometry": { "type": "Point", "coordinates": [ -86.89938, 41.71562 ] } },
{ "type": "Feature", "properties": { "addr": "844 N MILLER AVENUE, , MARION, IN 46952" }, "geometry": { "type": "Point", "coordinates": [ -85.69319, 40.57312 ] } },
{ "type": "Feature", "properties": { "addr": "606 VETERANS DR, , VINCENNES, IN 47591" }, "geometry": { "type": "Point", "coordinates": [ -87.51066, 38.66409 ] } },
{ "type": "Feature", "properties": { "addr": "2535 ARNOLD STREET, , COLUMBUS, IN 47203" }, "geometry": { "type": "Point", "coordinates": [ -85.89584, 39.25379 ] } },
{ "type": "Feature", "properties": { "addr": "150 DEMAREE DRIVE, , MADISON, IN 47250" }, "geometry": { "type": "Point", "coordinates": [ -85.3853, 38.77841 ] } },
{ "type": "Feature", "properties": { "addr": "3810 CALUMET AVE, , VALPARAISO, IN 46383" }, "geometry": { "type": "Point", "coordinates": [ -87.03968, 41.50392 ] } },
{ "type": "Feature", "properties": { "addr": "1515 S GRANT AVE, , CRAWFORDSVILLE, IN 47933" }, "geometry": { "type": "Point", "coordinates": [ -86.90402, 40.02306 ] } },
{ "type": "Feature", "properties": { "addr": "1625 N POST ROAD, , INDIANAPOLIS, IN 46219" }, "geometry": { "type": "Point", "coordinates": [ -86.0093, 39.78984 ] } },
{ "type": "Feature", "properties": { "addr": "1240 S GRANDSTAFF DR, , AUBURN, IN 46706" }, "geometry": { "type": "Point", "coordinates": [ -85.07138, 41.35882 ] } },
{ "type": "Feature", "properties": { "addr": "6745 NETWORK PL, , INDIANAPOLIS, IN 46278" }, "geometry": { "type": "Point", "coordinates": [ -86.2766, 39.8771 ] } },
{ "type": "Feature", "properties": { "addr": "1438 E 85TH AVE, , MERRILLVILLE, IN 46410" }, "geometry": { "type": "Point", "coordinates": [ -87.31903, 41.46335 ] } },
{ "type": "Feature", "properties": { "addr": "206 EASTERN BLVD, , JEFFERSONVILLE‚Ä†, IN 47130" }, "geometry": { "type": "Point", "coordinates": [ -85.75103, 38.29073 ] } },
{ "type": "Feature", "properties": { "addr": "455 SW 5TH ST, STE F, DES MOINES, IA 50309" }, "geometry": { "type": "Point", "coordinates": [ -93.62083, 41.57915 ] } },
{ "type": "Feature", "properties": { "addr": "4319 N BRADY ST, , DAVENPORT, IA 52806" }, "geometry": { "type": "Point", "coordinates": [ -90.5676, 41.56495 ] } },
{ "type": "Feature", "properties": { "addr": "3555 SOUTHERN HILLS DR, , SIOUX CITY, IA 51106" }, "geometry": { "type": "Point", "coordinates": [ -96.35696, 42.44791 ] } },
{ "type": "Feature", "properties": { "addr": "3121 GREYHOUND DR, , WATERLOO, IA 50701" }, "geometry": { "type": "Point", "coordinates": [ -92.40496, 42.4674 ] } },
{ "type": "Feature", "properties": { "addr": "2429 NORTHGATE ST, SUITE A, OTTUMWA, IA 52501" }, "geometry": { "type": "Point", "coordinates": [ -92.41236, 41.048 ] } },
{ "type": "Feature", "properties": { "addr": "1635 ASSOCIATES DR, SUITE 101, DUBUQUE, IA 52002" }, "geometry": { "type": "Point", "coordinates": [ -90.73846, 42.49848 ] } },
{ "type": "Feature", "properties": { "addr": "3165 WILLIAMS BLVD SW, STE 100, CEDAR RAPIDS, IA 52404" }, "geometry": { "type": "Point", "coordinates": [ -91.71293, 41.95963 ] } },
{ "type": "Feature", "properties": { "addr": "2315 2ND AVE N, , FORT DODGE, IA 50501" }, "geometry": { "type": "Point", "coordinates": [ -94.16487, 42.50837 ] } },
{ "type": "Feature", "properties": { "addr": "625 VILLAGE GREEN DR SW, , MASON CITY, IA 50401" }, "geometry": { "type": "Point", "coordinates": [ -93.24739, 43.1457 ] } },
{ "type": "Feature", "properties": { "addr": "3920 DIVISION ST, , BURLINGTON, IA 52601" }, "geometry": { "type": "Point", "coordinates": [ -91.15372, 40.80637 ] } },
{ "type": "Feature", "properties": { "addr": "906 E TAYLOR ST, , CRESTON, IA 50801" }, "geometry": { "type": "Point", "coordinates": [ -94.34912, 41.04995 ] } },
{ "type": "Feature", "properties": { "addr": "818 BELLA VISTA DR, , CARROLL, IA 51401" }, "geometry": { "type": "Point", "coordinates": [ -94.84707, 42.06619 ] } },
{ "type": "Feature", "properties": { "addr": "1610 12TH AVE SW, , SPENCER, IA 51301" }, "geometry": { "type": "Point", "coordinates": [ -95.16218, 43.12088 ] } },
{ "type": "Feature", "properties": { "addr": "1100 6TH ST, SUITE 100, CORALVILLE, IA 52241" }, "geometry": { "type": "Point", "coordinates": [ -91.57945, 41.6764 ] } },
{ "type": "Feature", "properties": { "addr": "2502 S 2ND ST, , MARSHALLTOWN, IA 50158" }, "geometry": { "type": "Point", "coordinates": [ -92.91578, 42.01649 ] } },
{ "type": "Feature", "properties": { "addr": "2615 UNIVERSITY BLVD, , AMES, IA 50010" }, "geometry": { "type": "Point", "coordinates": [ -93.63946, 41.999 ] } },
{ "type": "Feature", "properties": { "addr": "20 ARENA WAY, SUITE 1, COUNCIL BLUFFS, IA 51501" }, "geometry": { "type": "Point", "coordinates": [ -95.8917, 41.23735 ] } },
{ "type": "Feature", "properties": { "addr": "317 WASHINGTON ST, SUITE 1, DECORAH, IA 52101" }, "geometry": { "type": "Point", "coordinates": [ -91.7859, 43.3017 ] } },
{ "type": "Feature", "properties": { "addr": "2296 OIL WELL RD, , DECORAH, IA 52101" }, "geometry": { "type": "Point", "coordinates": [ -91.72294, 43.27009 ] } },
{ "type": "Feature", "properties": { "addr": "600 SW COMMERCE PL, , TOPEKA, KS 66615" }, "geometry": { "type": "Point", "coordinates": [ -95.76914, 39.05748 ] } },
{ "type": "Feature", "properties": { "addr": "3216 N CYPRESS ST, , WICHITA, KS 67226" }, "geometry": { "type": "Point", "coordinates": [ -97.23445, 37.74194 ] } },
{ "type": "Feature", "properties": { "addr": "1410 E IRON AVE, STE 7, SALINA, KS 67401" }, "geometry": { "type": "Point", "coordinates": [ -97.58864, 38.84043 ] } },
{ "type": "Feature", "properties": { "addr": "2204 SUMMERLON CIR, , DODGE CITY, KS 67801" }, "geometry": { "type": "Point", "coordinates": [ -99.99745, 37.77909 ] } },
{ "type": "Feature", "properties": { "addr": "850 NEBRASKA AVE, , KANSAS CITY, KS 66101" }, "geometry": { "type": "Point", "coordinates": [ -94.63199, 39.11754 ] } },
{ "type": "Feature", "properties": { "addr": "811 E 30TH AVE, STE A, HUTCHINSON, KS 67502" }, "geometry": { "type": "Point", "coordinates": [ -97.91437, 38.08654 ] } },
{ "type": "Feature", "properties": { "addr": "2125 N PENN AVE, SUITE A, INDEPENDENCE, KS 67301" }, "geometry": { "type": "Point", "coordinates": [ -95.70631, 37.24669 ] } },
{ "type": "Feature", "properties": { "addr": "1212 E 27TH ST, , HAYS, KS 67601" }, "geometry": { "type": "Point", "coordinates": [ -99.31138, 38.88545 ] } },
{ "type": "Feature", "properties": { "addr": "1121 HUDSON AVE, STE A, MANHATTAN, KS 66503" }, "geometry": { "type": "Point", "coordinates": [ -96.62683, 39.19029 ] } },
{ "type": "Feature", "properties": { "addr": "15375 W 95TH ST, , LENEXA, KS 66219" }, "geometry": { "type": "Point", "coordinates": [ -94.76361, 38.95635 ] } },
{ "type": "Feature", "properties": { "addr": "1440 WAKARUSA, STE 200, LAWRENCE, KS 66049" }, "geometry": { "type": "Point", "coordinates": [ -95.30641, 38.95844 ] } },
{ "type": "Feature", "properties": { "addr": "3010 W 18TH AVE, , EMPORIA, KS 66801" }, "geometry": { "type": "Point", "coordinates": [ -96.22064, 38.42158 ] } },
{ "type": "Feature", "properties": { "addr": "509 MARKETPLACE DR, , MAYSVILLE, KY 41056" }, "geometry": { "type": "Point", "coordinates": [ -83.79409, 38.62919 ] } },
{ "type": "Feature", "properties": { "addr": "601 W BROADWAY, RM 101, LOUISVILLE, KY 40202" }, "geometry": { "type": "Point", "coordinates": [ -85.76253, 38.2464 ] } },
{ "type": "Feature", "properties": { "addr": "1405 GREENUP AVENUE, ROOM 132, ASHLAND, KY 41101" }, "geometry": { "type": "Point", "coordinates": [ -82.64034, 38.48037 ] } },
{ "type": "Feature", "properties": { "addr": "2241 BUENA VISTA RD, STE 110, LEXINGTON, KY 40505" }, "geometry": { "type": "Point", "coordinates": [ -84.42712, 38.04266 ] } },
{ "type": "Feature", "properties": { "addr": "125 BRETT CHASE, , PADUCAH, KY 42003" }, "geometry": { "type": "Point", "coordinates": [ -88.66919, 37.03072 ] } },
{ "type": "Feature", "properties": { "addr": "140 FLYNN AVE, , FRANKFORT, KY 40601" }, "geometry": { "type": "Point", "coordinates": [ -84.8434, 38.18792 ] } },
{ "type": "Feature", "properties": { "addr": "7 YOUELL STREET, , FLORENCE, KY 41042" }, "geometry": { "type": "Point", "coordinates": [ -84.62571, 39.00106 ] } },
{ "type": "Feature", "properties": { "addr": "2724 CHANDLER DRIVE, , BOWLING GREEN, KY 42104" }, "geometry": { "type": "Point", "coordinates": [ -86.43178, 36.94509 ] } },
{ "type": "Feature", "properties": { "addr": "4532 LUCKY STRIKE LOOP, , OWENSBORO, KY 42303" }, "geometry": { "type": "Point", "coordinates": [ -87.11159, 37.72405 ] } },
{ "type": "Feature", "properties": { "addr": "159 FUTURE DR, , CORBIN, KY 40701" }, "geometry": { "type": "Point", "coordinates": [ -84.11227, 36.92 ] } },
{ "type": "Feature", "properties": { "addr": "122 REYNOLDS LANE, , HAZARD, KY 41701" }, "geometry": { "type": "Point", "coordinates": [ -83.20537, 37.25251 ] } },
{ "type": "Feature", "properties": { "addr": "1650 MARIE DRIVE, , HOPKINSVILLE, KY 42240" }, "geometry": { "type": "Point", "coordinates": [ -87.4755, 36.84034 ] } },
{ "type": "Feature", "properties": { "addr": "333 HAMBLEY BLVD, , PIKEVILLE, KY 41501" }, "geometry": { "type": "Point", "coordinates": [ -82.53245, 37.48214 ] } },
{ "type": "Feature", "properties": { "addr": "591 WESTPORT ROAD, , ELIZABETHTOWN, KY 42701" }, "geometry": { "type": "Point", "coordinates": [ -85.88008, 37.70015 ] } },
{ "type": "Feature", "properties": { "addr": "101 HIESTAND FARM RD, , CAMPBELLSVILLE, KY 42718" }, "geometry": { "type": "Point", "coordinates": [ -85.37364, 37.3475 ] } },
{ "type": "Feature", "properties": { "addr": "10 TECH PARK DRIVE, , MIDDLESBORO, KY 40965" }, "geometry": { "type": "Point", "coordinates": [ -83.73532, 36.61151 ] } },
{ "type": "Feature", "properties": { "addr": "103 BELINDA BLVD, , DANVILLE, KY 40422" }, "geometry": { "type": "Point", "coordinates": [ -84.7858, 37.61797 ] } },
{ "type": "Feature", "properties": { "addr": "4431 HANSON RD, , MADISONVILLE, KY 42431" }, "geometry": { "type": "Point", "coordinates": [ -87.48978, 37.378 ] } },
{ "type": "Feature", "properties": { "addr": "3975 S HIGHWAY 27, , SOMERSET, KY 42501" }, "geometry": { "type": "Point", "coordinates": [ -84.62683, 37.0377 ] } },
{ "type": "Feature", "properties": { "addr": "10503 TIMBERWOOD CIR, STE 50, LOUISVILLE, KY 40223" }, "geometry": { "type": "Point", "coordinates": [ -85.57073, 38.23382 ] } },
{ "type": "Feature", "properties": { "addr": "1060 GIBSON BAY DRIVE, , RICHMOND, KY 40475" }, "geometry": { "type": "Point", "coordinates": [ -84.26669, 37.73863 ] } },
{ "type": "Feature", "properties": { "addr": "2000 N ELM ST, BUILDING 3, HENDERSON, KY 42420" }, "geometry": { "type": "Point", "coordinates": [ -87.57551, 37.86575 ] } },
{ "type": "Feature", "properties": { "addr": "1897 KY RT 321, , PRESTONSBURG, KY 41653" }, "geometry": { "type": "Point", "coordinates": [ -82.76944, 37.69482 ] } },
{ "type": "Feature", "properties": { "addr": "1526 CUBA ROAD, , MAYFIELD, KY 42066" }, "geometry": { "type": "Point", "coordinates": [ -88.63201, 36.72065 ] } },
{ "type": "Feature", "properties": { "addr": "850 HWY 15 N, , JACKSON, KY 41339" }, "geometry": { "type": "Point", "coordinates": [ -83.39968, 37.56463 ] } },
{ "type": "Feature", "properties": { "addr": "189 VILLAGE CENTER, , HARLAN, KY 40831" }, "geometry": { "type": "Point", "coordinates": [ -83.31656, 36.81553 ] } },
{ "type": "Feature", "properties": { "addr": "496 SOUTHLAND DRIVE, , LEXINGTON, KY 40503" }, "geometry": { "type": "Point", "coordinates": [ -84.52846, 38.02065 ] } },
{ "type": "Feature", "properties": { "addr": "700 E. MUHAMMAD ALI BLVD, , LOUISVILLE, KY 40202" }, "geometry": { "type": "Point", "coordinates": [ -85.74056, 38.24927 ] } },
{ "type": "Feature", "properties": { "addr": "1055 INDUSTRY RD, , LEXINGTON, KY 40505" }, "geometry": { "type": "Point", "coordinates": [ -84.46069, 38.04497 ] } },
{ "type": "Feature", "properties": { "addr": "712 E. MUHAMMAD ALI BLVD, , LOUISVILLE, KY 40202" }, "geometry": { "type": "Point", "coordinates": [ -85.73994, 38.24921 ] } },
{ "type": "Feature", "properties": { "addr": "1535 W BROADWAY, , LOUISVILLE, KY 40203" }, "geometry": { "type": "Point", "coordinates": [ -85.77779, 38.24846 ] } },
{ "type": "Feature", "properties": { "addr": "224 N MARTIN LUTHER KING BLVD, , LEXINGTON, KY 40507" }, "geometry": { "type": "Point", "coordinates": [ -84.49124, 38.04775 ] } },
{ "type": "Feature", "properties": { "addr": "103 MBL BANK DRIVE, , MINDEN, LA 71055" }, "geometry": { "type": "Point", "coordinates": [ -93.27068, 32.62014 ] } },
{ "type": "Feature", "properties": { "addr": "400 POYDRAS STREET, SUITE 500, NEW ORLEANS, LA 70130" }, "geometry": { "type": "Point", "coordinates": [ -90.06789, 29.94886 ] } },
{ "type": "Feature", "properties": { "addr": "1240 S POINTE PKWY, , SHREVEPORT, LA 71105" }, "geometry": { "type": "Point", "coordinates": [ -93.7015, 32.48482 ] } },
{ "type": "Feature", "properties": { "addr": "1120 PLAZA BLVD, , MONROE, LA 71201" }, "geometry": { "type": "Point", "coordinates": [ -92.09145, 32.52553 ] } },
{ "type": "Feature", "properties": { "addr": "5455 BANKERS AVE, , BATON ROUGE, LA 70808" }, "geometry": { "type": "Point", "coordinates": [ -91.13445, 30.42735 ] } },
{ "type": "Feature", "properties": { "addr": "3401 NORTH BLVD, , ALEXANDRIA, LA 71301" }, "geometry": { "type": "Point", "coordinates": [ -92.45715, 31.2788 ] } },
{ "type": "Feature", "properties": { "addr": "149 W 18TH ST, SUITE B, LAKE CHARLES, LA 70601" }, "geometry": { "type": "Point", "coordinates": [ -93.22114, 30.20558 ] } },
{ "type": "Feature", "properties": { "addr": "106 CORPORATE BLVD, , LAFAYETTE, LA 70508" }, "geometry": { "type": "Point", "coordinates": [ -92.01063, 30.18374 ] } },
{ "type": "Feature", "properties": { "addr": "178 CIVIC CENTER BLVD, STE 100, HOUMA, LA 70360" }, "geometry": { "type": "Point", "coordinates": [ -90.72832, 29.582 ] } },
{ "type": "Feature", "properties": { "addr": "2100 ROBIN AVE, , HAMMOND, LA 70403" }, "geometry": { "type": "Point", "coordinates": [ -90.48415, 30.48534 ] } },
{ "type": "Feature", "properties": { "addr": "950 KEYSER AVE, , NATCHITOCHES, LA 71457" }, "geometry": { "type": "Point", "coordinates": [ -93.06386, 31.75259 ] } },
{ "type": "Feature", "properties": { "addr": "5097 I49 S SERVICE RD, , OPELOUSAS, LA 70570" }, "geometry": { "type": "Point", "coordinates": [ -92.0727, 30.49902 ] } },
{ "type": "Feature", "properties": { "addr": "1279 CLOTHILDE ST, , MORGAN CITY, LA 70380" }, "geometry": { "type": "Point", "coordinates": [ -91.19789, 29.70591 ] } },
{ "type": "Feature", "properties": { "addr": "438 AVENUE B, , BOGALUSA, LA 70427" }, "geometry": { "type": "Point", "coordinates": [ -89.86619, 30.77741 ] } },
{ "type": "Feature", "properties": { "addr": "115 TERRY PKWY, , TERRYTOWN, LA 70056" }, "geometry": { "type": "Point", "coordinates": [ -90.03469, 29.92131 ] } },
{ "type": "Feature", "properties": { "addr": "1616 JOE YENNI BLVD, , KENNER, LA 70065" }, "geometry": { "type": "Point", "coordinates": [ -90.24684, 30.03694 ] } },
{ "type": "Feature", "properties": { "addr": "2017 BULAR ST, , RUSTON, LA 71270" }, "geometry": { "type": "Point", "coordinates": [ -92.61254, 32.55074 ] } },
{ "type": "Feature", "properties": { "addr": "417 SPANISH TOWN BLVD, , NEW IBERIA, LA 70560" }, "geometry": { "type": "Point", "coordinates": [ -91.85228, 29.98418 ] } },
{ "type": "Feature", "properties": { "addr": "64285 HIGHWAY 434, , LACOMBE, LA 70445" }, "geometry": { "type": "Point", "coordinates": [ -89.91364, 30.36248 ] } },
{ "type": "Feature", "properties": { "addr": "2100 SARTOR ST, , LEESVILLE, LA 71446" }, "geometry": { "type": "Point", "coordinates": [ -93.27191, 31.12644 ] } },
{ "type": "Feature", "properties": { "addr": "4332 HARDING BLVD, , BATON ROUGE, LA 70807" }, "geometry": { "type": "Point", "coordinates": [ -91.14764, 30.521 ] } },
{ "type": "Feature", "properties": { "addr": "807 SOUTH PINE ST, , DE RIDDER, LA 70634" }, "geometry": { "type": "Point", "coordinates": [ -93.28983, 30.83815 ] } },
{ "type": "Feature", "properties": { "addr": "189 MOZART DR, , HOUMA, LA 70363" }, "geometry": { "type": "Point", "coordinates": [ -90.67601, 29.53678 ] } },
{ "type": "Feature", "properties": { "addr": "354 JORDAN ST, , SHREVEPORT, LA 71101" }, "geometry": { "type": "Point", "coordinates": [ -93.73694, 32.49818 ] } },
{ "type": "Feature", "properties": { "addr": "400 CONGRESS ST, STE 250, PORTLAND, ME 04101" }, "geometry": { "type": "Point", "coordinates": [ -70.2631, 43.65413 ] } },
{ "type": "Feature", "properties": { "addr": "202 HARLOW ST, ROOM 10307, BANGOR, ME 04401" }, "geometry": { "type": "Point", "coordinates": [ -68.77354, 44.80484 ] } },
{ "type": "Feature", "properties": { "addr": "68 SEWALL ST, STE 209, AUGUSTA, ME 04330" }, "geometry": { "type": "Point", "coordinates": [ -69.78357, 44.31062 ] } },
{ "type": "Feature", "properties": { "addr": "600 TURNER STREET, SUITE 5, AUBURN, ME 04210" }, "geometry": { "type": "Point", "coordinates": [ -70.23281, 44.11706 ] } },
{ "type": "Feature", "properties": { "addr": "365 MAIN ST, , PRESQUE ISLE, ME 04769" }, "geometry": { "type": "Point", "coordinates": [ -68.01615, 46.67922 ] } },
{ "type": "Feature", "properties": { "addr": "169 CAMDEN ST, , ROCKLAND, ME 04841" }, "geometry": { "type": "Point", "coordinates": [ -69.1008, 44.12081 ] } },
{ "type": "Feature", "properties": { "addr": "110 MAIN ST, SUITE 1450, SACO, ME 04072" }, "geometry": { "type": "Point", "coordinates": [ -70.44883, 43.49463 ] } },
{ "type": "Feature", "properties": { "addr": "14 COLBY STREET, , WATERVILLE, ME 04901" }, "geometry": { "type": "Point", "coordinates": [ -69.62722, 44.55758 ] } },
{ "type": "Feature", "properties": { "addr": "56 RUMFORD AVE, , RUMFORD, ME 04276" }, "geometry": { "type": "Point", "coordinates": [ -70.5492, 44.54648 ] } },
{ "type": "Feature", "properties": { "addr": "9 UNION ST, , CALAIS, ME 04619" }, "geometry": { "type": "Point", "coordinates": [ -67.27675, 45.1894 ] } },
{ "type": "Feature", "properties": { "addr": "2401 BELAIR RD, STE 106, BALTIMORE, MD 21213" }, "geometry": { "type": "Point", "coordinates": [ -76.57693, 39.31875 ] } },
{ "type": "Feature", "properties": { "addr": "1531 S EDGEWOOD STREET, SUITE S, BALTIMORE, MD 21227" }, "geometry": { "type": "Point", "coordinates": [ -76.66739, 39.26064 ] } },
{ "type": "Feature", "properties": { "addr": "CORPORATE CENTER DR, 3435A BOX HILL, ABINGDON, MD 21009" }, "geometry": { "type": "Point", "coordinates": [ -76.30411, 39.46766 ] } },
{ "type": "Feature", "properties": { "addr": "309 SUNBURST HWY, STE 9, CAMBRIDGE, MD 21613" }, "geometry": { "type": "Point", "coordinates": [ -76.06585, 38.56553 ] } },
{ "type": "Feature", "properties": { "addr": "300 BIG ELK MALL, , ELKTON, MD 21921" }, "geometry": { "type": "Point", "coordinates": [ -75.82424, 39.59981 ] } },
{ "type": "Feature", "properties": { "addr": "8865 STANFORD BLVD, LAKESIDE BLDG, STE 110, COLUMBIA, MD 21045" }, "geometry": { "type": "Point", "coordinates": [ -76.81831, 39.1917 ] } },
{ "type": "Feature", "properties": { "addr": "5235 KING AVENUE, SUITE 312, BALTIMORE, MD 21237" }, "geometry": { "type": "Point", "coordinates": [ -76.47055, 39.35784 ] } },
{ "type": "Feature", "properties": { "addr": "5 PARK CENTER COURT, SUITE 100, OWINGS MILLS, MD 21117" }, "geometry": { "type": "Point", "coordinates": [ -76.75326, 39.39906 ] } },
{ "type": "Feature", "properties": { "addr": "6100A WABASH AVENUE, BALTIMORE WABASH, BALTIMORE, MD 21215" }, "geometry": { "type": "Point", "coordinates": [ -76.70118, 39.34915 ] } },
{ "type": "Feature", "properties": { "addr": "1010 PARK AVE, SUITE 200, BALTIMORE, MD 21201" }, "geometry": { "type": "Point", "coordinates": [ -76.61935, 39.30365 ] } },
{ "type": "Feature", "properties": { "addr": "2414 NORTHGATE DR, SUITE 1, SALISBURY, MD 21801" }, "geometry": { "type": "Point", "coordinates": [ -75.57091, 38.4117 ] } },
{ "type": "Feature", "properties": { "addr": "217 GLENN ST, SUITE 100, CUMBERLAND, MD 21502" }, "geometry": { "type": "Point", "coordinates": [ -78.75836, 39.6538 ] } },
{ "type": "Feature", "properties": { "addr": "1710 UNDERPASS WAY, SUITE 100, HAGERSTOWN, MD 21740" }, "geometry": { "type": "Point", "coordinates": [ -77.76829, 39.62932 ] } },
{ "type": "Feature", "properties": { "addr": "185 HARRY S TRUMAN PARKWAY, SUITE 114, ANNAPOLIS, MD 21401" }, "geometry": { "type": "Point", "coordinates": [ -76.56143, 38.97784 ] } },
{ "type": "Feature", "properties": { "addr": "1220 E JOPPA RD, BUILDING B, SUITE 320, TOWSON, MD 21286" }, "geometry": { "type": "Point", "coordinates": [ -76.57703, 39.39615 ] } },
{ "type": "Feature", "properties": { "addr": "10230 NEW HAMPSHIRE AVE, SUITE 304, SILVER SPRING, MD 20903" }, "geometry": { "type": "Point", "coordinates": [ -76.97878, 39.0236 ] } },
{ "type": "Feature", "properties": { "addr": "337 HOSPITAL DR, SUITE 1A, GLEN BURNIE, MD 21061" }, "geometry": { "type": "Point", "coordinates": [ -76.63025, 39.14159 ] } },
{ "type": "Feature", "properties": { "addr": "6110 ALLENTOWN ROAD, , SUITLAND, MD 20746" }, "geometry": { "type": "Point", "coordinates": [ -76.90455, 38.80472 ] } },
{ "type": "Feature", "properties": { "addr": "5340 SPECTRUM DRIVE, SUITE N, FREDERICK, MD 21703" }, "geometry": { "type": "Point", "coordinates": [ -77.40211, 39.37912 ] } },
{ "type": "Feature", "properties": { "addr": "30071 BUSINESS CTR DR, , CHARLOTTE HALL, MD 20622" }, "geometry": { "type": "Point", "coordinates": [ -76.76972, 38.49378 ] } },
{ "type": "Feature", "properties": { "addr": "315 N WASHINGTON ST, , ROCKVILLE, MD 20850" }, "geometry": { "type": "Point", "coordinates": [ -77.15367, 39.08939 ] } },
{ "type": "Feature", "properties": { "addr": "125 AIRPORT DR, UNIT 10, WESTMINSTER, MD 21157" }, "geometry": { "type": "Point", "coordinates": [ -76.99933, 39.60662 ] } },
{ "type": "Feature", "properties": { "addr": "7401 FORBES BLVD, SUITE C, SEABROOK, MD 20706" }, "geometry": { "type": "Point", "coordinates": [ -76.82671, 38.99128 ] } },
{ "type": "Feature", "properties": { "addr": "10 CAUSEWAY STREET, ROOM 148, BOSTON, MA 02222" }, "geometry": { "type": "Point", "coordinates": [ -71.0631, 42.36518 ] } },
{ "type": "Feature", "properties": { "addr": "70 BOND STREET, , SPRINGFIELD, MA 01104" }, "geometry": { "type": "Point", "coordinates": [ -72.59974, 42.11066 ] } },
{ "type": "Feature", "properties": { "addr": "10 FAWCETT ST, FIRST FLR, CAMBRIDGE, MA 02138" }, "geometry": { "type": "Point", "coordinates": [ -71.1455, 42.38985 ] } },
{ "type": "Feature", "properties": { "addr": "10 MALCOLM X BLVD, , ROXBURY, MA 02119" }, "geometry": { "type": "Point", "coordinates": [ -71.08638, 42.32931 ] } },
{ "type": "Feature", "properties": { "addr": "140 UNION STREET, , LYNN, MA 01901" }, "geometry": { "type": "Point", "coordinates": [ -70.94103, 42.46694 ] } },
{ "type": "Feature", "properties": { "addr": "151 WARREN ST, STE 300, LOWELL, MA 01852" }, "geometry": { "type": "Point", "coordinates": [ -71.30448, 42.64201 ] } },
{ "type": "Feature", "properties": { "addr": "51 MYRTLE ST, MADISON PLACE, WORCESTER, MA 01608" }, "geometry": { "type": "Point", "coordinates": [ -71.80229, 42.2587 ] } },
{ "type": "Feature", "properties": { "addr": "78 CENTER ST, FEDERAL BLDG SUITE 101, PITTSFIELD, MA 01201" }, "geometry": { "type": "Point", "coordinates": [ -73.2554, 42.45212 ] } },
{ "type": "Feature", "properties": { "addr": "53 NORTH 6TH STREET, HASTINGS KEITH FED BLD, NEW BEDFORD, MA 02740" }, "geometry": { "type": "Point", "coordinates": [ -70.9285, 41.6363 ] } },
{ "type": "Feature", "properties": { "addr": "30 CHRISTY DR, , BROCKTON, MA 02301" }, "geometry": { "type": "Point", "coordinates": [ -71.05494, 42.0893 ] } },
{ "type": "Feature", "properties": { "addr": "881 MAIN ST 1ST FLOOR, PHILBIN FED BLDG, FITCHBURG, MA 01420" }, "geometry": { "type": "Point", "coordinates": [ -71.80439, 42.58628 ] } },
{ "type": "Feature", "properties": { "addr": "439 S UNION ST, SUITE 106A, LAWRENCE, MA 01843" }, "geometry": { "type": "Point", "coordinates": [ -71.15565, 42.69092 ] } },
{ "type": "Feature", "properties": { "addr": "400 NORTH MAIN STREET, , FALL RIVER, MA 02720" }, "geometry": { "type": "Point", "coordinates": [ -71.15503, 41.70741 ] } },
{ "type": "Feature", "properties": { "addr": "200 HIGH STREET, 2ND FLOOR, HOLYOKE, MA 01040" }, "geometry": { "type": "Point", "coordinates": [ -72.60719, 42.20721 ] } },
{ "type": "Feature", "properties": { "addr": "192 COMMERCIAL ST, , MALDEN, MA 02148" }, "geometry": { "type": "Point", "coordinates": [ -71.07448, 42.42126 ] } },
{ "type": "Feature", "properties": { "addr": "35 CONGRESS ST, SUITE 101, SALEM, MA 01970" }, "geometry": { "type": "Point", "coordinates": [ -70.88621, 42.51581 ] } },
{ "type": "Feature", "properties": { "addr": "1515 HANCOCK ST, SUITE 305, QUINCY, MA 02169" }, "geometry": { "type": "Point", "coordinates": [ -71.00176, 42.24765 ] } },
{ "type": "Feature", "properties": { "addr": "115 FREEPORT ST, , DORCHESTER, MA 02122" }, "geometry": { "type": "Point", "coordinates": [ -71.05684, 42.30484 ] } },
{ "type": "Feature", "properties": { "addr": "106 PLEASANT ST, , ATTLEBORO, MA 02703" }, "geometry": { "type": "Point", "coordinates": [ -71.27913, 41.9481 ] } },
{ "type": "Feature", "properties": { "addr": "62 BROWN ST, STE 401, HAVERHILL, MA 01830" }, "geometry": { "type": "Point", "coordinates": [ -71.04613, 42.76512 ] } },
{ "type": "Feature", "properties": { "addr": "309 WAVERLY OAKS ROAD, SUITE 306, WALTHAM, MA 02452" }, "geometry": { "type": "Point", "coordinates": [ -71.20458, 42.38546 ] } },
{ "type": "Feature", "properties": { "addr": "ONE EDGEWATER DRIVE, SUITE 102, NORWOOD, MA 02062" }, "geometry": { "type": "Point", "coordinates": [ -71.20178, 42.16174 ] } },
{ "type": "Feature", "properties": { "addr": "ONE CLARKS HILL, SUITE 101, FRAMINGHAM, MA 01702" }, "geometry": { "type": "Point", "coordinates": [ -71.40529, 42.28287 ] } },
{ "type": "Feature", "properties": { "addr": "SUITE 4, 100 INDEPENDENCE DRIVE, HYANNIS, MA 02601" }, "geometry": { "type": "Point", "coordinates": [ -70.29829, 41.67253 ] } },
{ "type": "Feature", "properties": { "addr": "4238 WASHINGTON ST, , ROSLINDALE, MA 02131" }, "geometry": { "type": "Point", "coordinates": [ -71.12833, 42.28592 ] } },
{ "type": "Feature", "properties": { "addr": "104 DEAN ST, , TAUNTON, MA 02780" }, "geometry": { "type": "Point", "coordinates": [ -71.07507, 41.90504 ] } },
{ "type": "Feature", "properties": { "addr": "198 COLUMBIA RD, STE 1, HANOVER, MA 02339" }, "geometry": { "type": "Point", "coordinates": [ -70.818, 42.11393 ] } },
{ "type": "Feature", "properties": { "addr": "48 RESEARCH RD, TECHNOLOGY PARK, EAST FALMOUTH, MA 02536" }, "geometry": { "type": "Point", "coordinates": [ -70.61324, 41.61185 ] } },
{ "type": "Feature", "properties": { "addr": "96 MARSHALL STREET, , NORTH ADAMS, MA 01247" }, "geometry": { "type": "Point", "coordinates": [ -73.11289, 42.70226 ] } },
{ "type": "Feature", "properties": { "addr": "354 MAIN ST STE 2, , GARDNER, MA 01440" }, "geometry": { "type": "Point", "coordinates": [ -71.99181, 42.56906 ] } },
{ "type": "Feature", "properties": { "addr": "81 WASHINGTON ST, , NANTUCKET, MA 02554" }, "geometry": { "type": "Point", "coordinates": [ -70.09386, 41.27962 ] } },
{ "type": "Feature", "properties": { "addr": "21 WAMSUTTA AVENUE, , OAK BLUFFS, MA 02557" }, "geometry": { "type": "Point", "coordinates": [ -70.56011, 41.45239 ] } },
{ "type": "Feature", "properties": { "addr": "100 OAK ST, , HARWICH, MA 02645" }, "geometry": { "type": "Point", "coordinates": [ -70.07057, 41.69227 ] } },
{ "type": "Feature", "properties": { "addr": "150 N JEBAVY DR, , LUDINGTON, MI 49431" }, "geometry": { "type": "Point", "coordinates": [ -86.41914, 43.95905 ] } },
{ "type": "Feature", "properties": { "addr": "541 PROGRESS ST, , WEST BRANCH, MI 48661" }, "geometry": { "type": "Point", "coordinates": [ -84.24247, 44.27008 ] } },
{ "type": "Feature", "properties": { "addr": "477 MICHIGAN AVE, MCNAMARA BLDG/RM 450, DETROIT, MI 48226" }, "geometry": { "type": "Point", "coordinates": [ -83.05322, 42.33166 ] } },
{ "type": "Feature", "properties": { "addr": "101 W WASHINGTON ST, 2ND FLOOR, MARQUETTE, MI 49855" }, "geometry": { "type": "Point", "coordinates": [ -87.39412, 46.54336 ] } },
{ "type": "Feature", "properties": { "addr": "3045 KNAPP ST NE, , GRAND RAPIDS, MI 49525" }, "geometry": { "type": "Point", "coordinates": [ -85.59446, 42.99884 ] } },
{ "type": "Feature", "properties": { "addr": "611 E. GENESEE AVE., , SAGINAW, MI 48607" }, "geometry": { "type": "Point", "coordinates": [ -83.93435, 43.43152 ] } },
{ "type": "Feature", "properties": { "addr": "1149 ROBERT T LONGWAY, , FLINT, MI 48503" }, "geometry": { "type": "Point", "coordinates": [ -83.68336, 43.02469 ] } },
{ "type": "Feature", "properties": { "addr": "1280 PONTIAC RD, , PONTIAC, MI 48340" }, "geometry": { "type": "Point", "coordinates": [ -83.25182, 42.67107 ] } },
{ "type": "Feature", "properties": { "addr": "234 W LOUIS GLICK HWY, STE 200, JACKSON, MI 49201" }, "geometry": { "type": "Point", "coordinates": [ -84.41152, 42.24936 ] } },
{ "type": "Feature", "properties": { "addr": "1329 S DIVISION ST, , TRAVERSE CITY, MI 49684" }, "geometry": { "type": "Point", "coordinates": [ -85.63529, 44.74982 ] } },
{ "type": "Feature", "properties": { "addr": "317 SOUTH DRAKE ROAD, , KALAMAZOO, MI 49009" }, "geometry": { "type": "Point", "coordinates": [ -85.64818, 42.28955 ] } },
{ "type": "Feature", "properties": { "addr": "5210 PERRY ROBINSON, , LANSING, MI 48911" }, "geometry": { "type": "Point", "coordinates": [ -84.55169, 42.68134 ] } },
{ "type": "Feature", "properties": { "addr": "1013 1ST AVE NORTH, , ESCANABA, MI 49829" }, "geometry": { "type": "Point", "coordinates": [ -87.06135, 45.74674 ] } },
{ "type": "Feature", "properties": { "addr": "1115 WASHINGTON AVE, , BAY CITY, MI 48708" }, "geometry": { "type": "Point", "coordinates": [ -83.8873, 43.60161 ] } },
{ "type": "Feature", "properties": { "addr": "19503 E. EIGHT MILE RD., , SAINT CLAIR SHORES, MI 48080" }, "geometry": { "type": "Point", "coordinates": [ -82.92799, 42.45067 ] } },
{ "type": "Feature", "properties": { "addr": "60 EAST GRAND AVENUE, , HIGHLAND PARK, MI 48203" }, "geometry": { "type": "Point", "coordinates": [ -83.09367, 42.4051 ] } },
{ "type": "Feature", "properties": { "addr": "5700 BECKLEY RD, STE D1, BATTLE CREEK, MI 49015" }, "geometry": { "type": "Point", "coordinates": [ -85.18559, 42.25873 ] } },
{ "type": "Feature", "properties": { "addr": "340 MORRIS AVENUE, , MUSKEGON, MI 49440" }, "geometry": { "type": "Point", "coordinates": [ -86.25238, 43.23709 ] } },
{ "type": "Feature", "properties": { "addr": "19853 OUTER DRIVE, SUITE 200, DEARBORN, MI 48124" }, "geometry": { "type": "Point", "coordinates": [ -83.26332, 42.30403 ] } },
{ "type": "Feature", "properties": { "addr": "2620 KRAFFT RD, , FORT GRATIOT, MI 48059" }, "geometry": { "type": "Point", "coordinates": [ -82.44967, 43.02535 ] } },
{ "type": "Feature", "properties": { "addr": "26840 W SEVEN MILE RD, , REDFORD, MI 48240" }, "geometry": { "type": "Point", "coordinates": [ -83.30986, 42.42793 ] } },
{ "type": "Feature", "properties": { "addr": "15250 E 12 MILE RD, , ROSEVILLE, MI 48066" }, "geometry": { "type": "Point", "coordinates": [ -82.96708, 42.50885 ] } },
{ "type": "Feature", "properties": { "addr": "455 BOND ST, , BENTON HARBOR, MI 49022" }, "geometry": { "type": "Point", "coordinates": [ -86.464, 42.11086 ] } },
{ "type": "Feature", "properties": { "addr": "3971 RESEARCH PARK DR, SUITE A, ANN ARBOR, MI 48108" }, "geometry": { "type": "Point", "coordinates": [ -83.73198, 42.23017 ] } },
{ "type": "Feature", "properties": { "addr": "1940 SWEENEY ST, , MT PLEASANT, MI 48858" }, "geometry": { "type": "Point", "coordinates": [ -84.75529, 43.58381 ] } },
{ "type": "Feature", "properties": { "addr": "308 STATE ST, SUITE 8, PETOSKEY, MI 49770" }, "geometry": { "type": "Point", "coordinates": [ -84.9569, 45.37186 ] } },
{ "type": "Feature", "properties": { "addr": "1300 S TELEGRAPH RD, , MONROE, MI 48161" }, "geometry": { "type": "Point", "coordinates": [ -83.42327, 41.90868 ] } },
{ "type": "Feature", "properties": { "addr": "111 N 4TH AVE, , ALPENA, MI 49707" }, "geometry": { "type": "Point", "coordinates": [ -83.4353, 45.06448 ] } },
{ "type": "Feature", "properties": { "addr": "9222 GRAND RIVER AVE, , DETROIT, MI 48204" }, "geometry": { "type": "Point", "coordinates": [ -83.13125, 42.36564 ] } },
{ "type": "Feature", "properties": { "addr": "7800 W. OUTER DR, SUITE 375, DETROIT, MI 48235" }, "geometry": { "type": "Point", "coordinates": [ -83.21462, 42.41939 ] } },
{ "type": "Feature", "properties": { "addr": "3400 CONNER ST, , DETROIT, MI 48215" }, "geometry": { "type": "Point", "coordinates": [ -82.96559, 42.38032 ] } },
{ "type": "Feature", "properties": { "addr": "140 NORTH CROOKS, , CLAWSON, MI 48017" }, "geometry": { "type": "Point", "coordinates": [ -83.16594, 42.53401 ] } },
{ "type": "Feature", "properties": { "addr": "2861 ASHMUN ST, STE 1, SAULT SAINTE MARIE, MI 49783" }, "geometry": { "type": "Point", "coordinates": [ -84.35394, 46.46364 ] } },
{ "type": "Feature", "properties": { "addr": "3450 BIDDLE AVE ., , WYANDOTTE, MI 48192" }, "geometry": { "type": "Point", "coordinates": [ -83.15145, 42.19843 ] } },
{ "type": "Feature", "properties": { "addr": "657 HASTINGS AVE, , HOLLAND, MI 49423" }, "geometry": { "type": "Point", "coordinates": [ -86.08539, 42.77101 ] } },
{ "type": "Feature", "properties": { "addr": "1040 S WINTER ST, SUITE 2401, ADRIAN, MI 49221" }, "geometry": { "type": "Point", "coordinates": [ -84.03846, 41.88288 ] } },
{ "type": "Feature", "properties": { "addr": "1350 E MAIN ST, , OWOSSO, MI 48867" }, "geometry": { "type": "Point", "coordinates": [ -84.14626, 42.9977 ] } },
{ "type": "Feature", "properties": { "addr": "27650 FARMINGTON RD, , FARMINGTON HILLS, MI 48334" }, "geometry": { "type": "Point", "coordinates": [ -83.37815, 42.49752 ] } },
{ "type": "Feature", "properties": { "addr": "28657 CHERRY HILL RD, , INKSTER, MI 48141" }, "geometry": { "type": "Point", "coordinates": [ -83.32475, 42.31132 ] } },
{ "type": "Feature", "properties": { "addr": "26200 21 MILE ROAD, , CHESTERFIELD, MI 48051" }, "geometry": { "type": "Point", "coordinates": [ -82.84469, 42.6453 ] } },
{ "type": "Feature", "properties": { "addr": "5715 MICHIGAN AVE, , DETROIT, MI 48210" }, "geometry": { "type": "Point", "coordinates": [ -83.11393, 42.33114 ] } },
{ "type": "Feature", "properties": { "addr": "502 N STATE ST, STE A, BIG RAPIDS, MI 49307" }, "geometry": { "type": "Point", "coordinates": [ -85.48401, 43.70419 ] } },
{ "type": "Feature", "properties": { "addr": "34010 PLYMOUTH ROAD, , LIVONIA, MI 48150" }, "geometry": { "type": "Point", "coordinates": [ -83.37918, 42.36817 ] } },
{ "type": "Feature", "properties": { "addr": "7385 TRIANGLE DRIVE, , STERLING HEIGHTS, MI 48314" }, "geometry": { "type": "Point", "coordinates": [ -83.03526, 42.61627 ] } },
{ "type": "Feature", "properties": { "addr": "2021 W. CARPENTER RD, , FLINT, MI 48505" }, "geometry": { "type": "Point", "coordinates": [ -83.72849, 43.0751 ] } },
{ "type": "Feature", "properties": { "addr": "213 S MARQUETTE ST, STE 2, IRONWOOD, MI 49938" }, "geometry": { "type": "Point", "coordinates": [ -90.16494, 46.45545 ] } },
{ "type": "Feature", "properties": { "addr": "902 RAZORBACK DRIVE, SUITE 3, HOUGHTON, MI 49931" }, "geometry": { "type": "Point", "coordinates": [ -88.58652, 47.11241 ] } },
{ "type": "Feature", "properties": { "addr": "1720 S MITCHELL ST, , CADILLAC, MI 49601" }, "geometry": { "type": "Point", "coordinates": [ -85.39636, 44.23394 ] } },
{ "type": "Feature", "properties": { "addr": "5698 W US HWY 2, , MANISTIQUE, MI 49854" }, "geometry": { "type": "Point", "coordinates": [ -86.3688, 45.90345 ] } },
{ "type": "Feature", "properties": { "addr": "1811 CHICAGO AVE, SUITE 1, MINNEAPOLIS, MN 55404" }, "geometry": { "type": "Point", "coordinates": [ -93.26252, 44.96483 ] } },
{ "type": "Feature", "properties": { "addr": "230 W SUPERIOR ST, STE 500, DULUTH, MN 55802" }, "geometry": { "type": "Point", "coordinates": [ -92.10156, 46.78427 ] } },
{ "type": "Feature", "properties": { "addr": "332 MINNESOTA ST, STE N650, ST PAUL, MN 55101" }, "geometry": { "type": "Point", "coordinates": [ -93.09151, 44.9463 ] } },
{ "type": "Feature", "properties": { "addr": "12 CIVIC CNTR PLAZA, STE 1550 MANKATO PL, MANKATO, MN 56001" }, "geometry": { "type": "Point", "coordinates": [ -94.00499, 44.16574 ] } },
{ "type": "Feature", "properties": { "addr": "3800 VETERANS DRIVE, SUITE 100, SAINT CLOUD, MN 56303" }, "geometry": { "type": "Point", "coordinates": [ -94.20489, 45.56583 ] } },
{ "type": "Feature", "properties": { "addr": "910 E 2ND ST, , WINONA, MN 55987" }, "geometry": { "type": "Point", "coordinates": [ -91.61327, 44.04706 ] } },
{ "type": "Feature", "properties": { "addr": "507 JEWETT STREET, SUITE B, MARSHALL, MN 56258" }, "geometry": { "type": "Point", "coordinates": [ -95.76431, 44.44578 ] } },
{ "type": "Feature", "properties": { "addr": "2900 HANNAH AVE NW, , BEMIDJI, MN 56601" }, "geometry": { "type": "Point", "coordinates": [ -94.9067, 47.49698 ] } },
{ "type": "Feature", "properties": { "addr": "1122 E 25TH STREET, , HIBBING, MN 55746" }, "geometry": { "type": "Point", "coordinates": [ -92.92846, 47.42087 ] } },
{ "type": "Feature", "properties": { "addr": "404 2ND ST NW, , AUSTIN, MN 55912" }, "geometry": { "type": "Point", "coordinates": [ -92.97726, 43.66972 ] } },
{ "type": "Feature", "properties": { "addr": "206 BROADWAY AVE S, SUITE 600, ROCHESTER, MN 55904" }, "geometry": { "type": "Point", "coordinates": [ -92.46294, 44.02133 ] } },
{ "type": "Feature", "properties": { "addr": "400 S. STATE ST, SUITE 70, FAIRMONT, MN 56031" }, "geometry": { "type": "Point", "coordinates": [ -94.44745, 43.65034 ] } },
{ "type": "Feature", "properties": { "addr": "8331 BRANDON ROAD, , BAXTER, MN 56425" }, "geometry": { "type": "Point", "coordinates": [ -94.22648, 46.34471 ] } },
{ "type": "Feature", "properties": { "addr": "3280 NORTHWAY DRIVE, BROOKLYN XNG OFC PARK, BROOKLYN CENTER, MN 55429" }, "geometry": { "type": "Point", "coordinates": [ -93.32211, 45.06061 ] } },
{ "type": "Feature", "properties": { "addr": "6161 AMERICAN BLVD W, SUITE 100, BLOOMINGTON, MN 55438" }, "geometry": { "type": "Point", "coordinates": [ -93.36065, 44.85729 ] } },
{ "type": "Feature", "properties": { "addr": "2633 JEFFERSON ST, SUITE 701, ALEXANDRIA, MN 56308" }, "geometry": { "type": "Point", "coordinates": [ -95.37413, 45.86391 ] } },
{ "type": "Feature", "properties": { "addr": "1023 W LINCOLN AVE, , FERGUS FALLS, MN 56537" }, "geometry": { "type": "Point", "coordinates": [ -96.09361, 46.28348 ] } },
{ "type": "Feature", "properties": { "addr": "604 YALOBUSHA STREET, , GREENWOOD, MS 38930" }, "geometry": { "type": "Point", "coordinates": [ -90.20702, 33.52886 ] } },
{ "type": "Feature", "properties": { "addr": "2383 SUNSET DRIVE, , GRENADA, MS 38901" }, "geometry": { "type": "Point", "coordinates": [ -89.85549, 33.78505 ] } },
{ "type": "Feature", "properties": { "addr": "3505 PEMBERTON SQ BLVD, SUITE 24, VICKSBURG, MS 39180" }, "geometry": { "type": "Point", "coordinates": [ -90.88534, 32.30957 ] } },
{ "type": "Feature", "properties": { "addr": "100 W CAPITOL STREET, STE 225 MCCOY FED BLDG, JACKSON, MS 39269" }, "geometry": { "type": "Point", "coordinates": [ -90.18906, 32.30043 ] } },
{ "type": "Feature", "properties": { "addr": "1911 BROADWAY DR, , HATTIESBURG, MS 39402" }, "geometry": { "type": "Point", "coordinates": [ -89.32424, 31.29722 ] } },
{ "type": "Feature", "properties": { "addr": "4717 26TH AVENUE, , MERIDIAN, MS 39305" }, "geometry": { "type": "Point", "coordinates": [ -88.70485, 32.40808 ] } },
{ "type": "Feature", "properties": { "addr": "3577 BLUECUTT RD, , COLUMBUS, MS 39705" }, "geometry": { "type": "Point", "coordinates": [ -88.4369, 33.53817 ] } },
{ "type": "Feature", "properties": { "addr": "9394 THREE RIVERS ROAD, , GULFPORT, MS 39503" }, "geometry": { "type": "Point", "coordinates": [ -89.0877, 30.42394 ] } },
{ "type": "Feature", "properties": { "addr": "305 MAIN STREET, ROOM 201, GREENVILLE, MS 38701" }, "geometry": { "type": "Point", "coordinates": [ -91.06337, 33.41089 ] } },
{ "type": "Feature", "properties": { "addr": "199 SADDLE CREEK DRIVE, , TUPELO, MS 38801" }, "geometry": { "type": "Point", "coordinates": [ -88.77912, 34.21102 ] } },
{ "type": "Feature", "properties": { "addr": "160 ANDERSON BLVD, , CLARKSDALE, MS 38614" }, "geometry": { "type": "Point", "coordinates": [ -90.59026, 34.18844 ] } },
{ "type": "Feature", "properties": { "addr": "116 BUSINESS CENTER DR, , MCCOMB, MS 39648" }, "geometry": { "type": "Point", "coordinates": [ -90.47478, 31.22765 ] } },
{ "type": "Feature", "properties": { "addr": "110 LOWER WOODVILLE RD, GROUND FLOOR, NATCHEZ, MS 39120" }, "geometry": { "type": "Point", "coordinates": [ -91.39744, 31.53841 ] } },
{ "type": "Feature", "properties": { "addr": "3210 HWY 15 N, , LAUREL, MS 39440" }, "geometry": { "type": "Point", "coordinates": [ -89.14712, 31.72988 ] } },
{ "type": "Feature", "properties": { "addr": "6000 HWY 63, , MOSS POINT, MS 39563" }, "geometry": { "type": "Point", "coordinates": [ -88.52303, 30.42921 ] } },
{ "type": "Feature", "properties": { "addr": "100 PILOT ST, , PHILADELPHIA, MS 39350" }, "geometry": { "type": "Point", "coordinates": [ -89.09842, 32.75403 ] } },
{ "type": "Feature", "properties": { "addr": "407 INDUSTRIAL PARKWAY, , CLEVELAND, MS 38732" }, "geometry": { "type": "Point", "coordinates": [ -90.71335, 33.75862 ] } },
{ "type": "Feature", "properties": { "addr": "1050 S. HARPER RD, , CORINTH, MS 38834" }, "geometry": { "type": "Point", "coordinates": [ -88.49556, 34.92186 ] } },
{ "type": "Feature", "properties": { "addr": "1392 JOHNNY JOHNSON DR, , BROOKHAVEN, MS 39601" }, "geometry": { "type": "Point", "coordinates": [ -90.47773, 31.57718 ] } },
{ "type": "Feature", "properties": { "addr": "80 VETERANS MEMORIAL DR, , KOSCIUSKO, MS 39090" }, "geometry": { "type": "Point", "coordinates": [ -89.57448, 33.06165 ] } },
{ "type": "Feature", "properties": { "addr": "2631 MCINGVALE RD, STE 115, HERNANDO, MS 38632" }, "geometry": { "type": "Point", "coordinates": [ -89.97209, 34.82211 ] } },
{ "type": "Feature", "properties": { "addr": "558 DEER FIELD DRIVE, , FOREST, MS 39074" }, "geometry": { "type": "Point", "coordinates": [ -89.48458, 32.35208 ] } },
{ "type": "Feature", "properties": { "addr": "1089C STARK RD, , STARKVILLE, MS 39759" }, "geometry": { "type": "Point", "coordinates": [ -88.8454, 33.45562 ] } },
{ "type": "Feature", "properties": { "addr": "1105 S MITCHELL AVE, , CHILLICOTHE, MO 64601" }, "geometry": { "type": "Point", "coordinates": [ -93.53885, 39.77425 ] } },
{ "type": "Feature", "properties": { "addr": "1800 E TRUMAN RD, , KANSAS CITY, MO 64127" }, "geometry": { "type": "Point", "coordinates": [ -94.56063, 39.09508 ] } },
{ "type": "Feature", "properties": { "addr": "25 N OAKS PLZ, , SAINT LOUIS, MO 63121" }, "geometry": { "type": "Point", "coordinates": [ -90.29059, 38.70013 ] } },
{ "type": "Feature", "properties": { "addr": "1612 IMPERIAL DRIVE, , WEST PLAINS, MO 65775" }, "geometry": { "type": "Point", "coordinates": [ -91.87424, 36.74533 ] } },
{ "type": "Feature", "properties": { "addr": "4800 EXECUTIVE CTR PKY, , SAINT PETERS, MO 63376" }, "geometry": { "type": "Point", "coordinates": [ -90.58878, 38.79486 ] } },
{ "type": "Feature", "properties": { "addr": "717 N 16TH STREET, SUITE 100, ST LOUIS, MO 63103" }, "geometry": { "type": "Point", "coordinates": [ -90.20142, 38.63409 ] } },
{ "type": "Feature", "properties": { "addr": "6320 EUCLID AVE, , KANSAS CITY, MO 64132" }, "geometry": { "type": "Point", "coordinates": [ -94.5632, 39.01045 ] } },
{ "type": "Feature", "properties": { "addr": "3715 BECK RD STE F, , SAINT JOSEPH, MO 64506" }, "geometry": { "type": "Point", "coordinates": [ -94.80215, 39.78729 ] } },
{ "type": "Feature", "properties": { "addr": "1570 W BATTLEFIELD ST, STE 100, SPRINGFIELD, MO 65807" }, "geometry": { "type": "Point", "coordinates": [ -93.31293, 37.1601 ] } },
{ "type": "Feature", "properties": { "addr": "2445 CAPE CENTRE DR, STE 101, CAPE GIRARDEAU, MO 63703" }, "geometry": { "type": "Point", "coordinates": [ -89.55507, 37.30066 ] } },
{ "type": "Feature", "properties": { "addr": "129 SCOTT STATION ROAD, , JEFFERSON CITY, MO 65109" }, "geometry": { "type": "Point", "coordinates": [ -92.25238, 38.5923 ] } },
{ "type": "Feature", "properties": { "addr": "155 FORREST DRIVE, , HANNIBAL, MO 63401" }, "geometry": { "type": "Point", "coordinates": [ -91.44597, 39.70592 ] } },
{ "type": "Feature", "properties": { "addr": "1215 FERN RIDGE PKWY, STE 100, CREVE COEUR, MO 63141" }, "geometry": { "type": "Point", "coordinates": [ -90.47361, 38.68232 ] } },
{ "type": "Feature", "properties": { "addr": "3404 W 10TH ST, , SEDALIA, MO 65301" }, "geometry": { "type": "Point", "coordinates": [ -93.27244, 38.70407 ] } },
{ "type": "Feature", "properties": { "addr": "4102 S ARIZONA AVE, , JOPLIN, MO 64804" }, "geometry": { "type": "Point", "coordinates": [ -94.48105, 37.04298 ] } },
{ "type": "Feature", "properties": { "addr": "8800 WATSON RD, STE 100, SAINT LOUIS, MO 63119" }, "geometry": { "type": "Point", "coordinates": [ -90.36495, 38.5636 ] } },
{ "type": "Feature", "properties": { "addr": "3520 S NOLAND RD, STE C, INDEPENDENCE, MO 64055" }, "geometry": { "type": "Point", "coordinates": [ -94.41581, 39.05623 ] } },
{ "type": "Feature", "properties": { "addr": "66 HIGHWAY 142, , POPLAR BLUFF, MO 63901" }, "geometry": { "type": "Point", "coordinates": [ -90.39762, 36.73513 ] } },
{ "type": "Feature", "properties": { "addr": "1813 E 10TH ST, , ROLLA, MO 65401" }, "geometry": { "type": "Point", "coordinates": [ -91.7392, 37.95144 ] } },
{ "type": "Feature", "properties": { "addr": "3402 BUTTONWOOD DR, STE 101, COLUMBIA, MO 65201" }, "geometry": { "type": "Point", "coordinates": [ -92.33323, 38.91345 ] } },
{ "type": "Feature", "properties": { "addr": "800 SOUTH BYPASS, , KENNETT, MO 63857" }, "geometry": { "type": "Point", "coordinates": [ -90.04181, 36.2305 ] } },
{ "type": "Feature", "properties": { "addr": "507 E MAIN STREET, , PARK HILLS, MO 63601" }, "geometry": { "type": "Point", "coordinates": [ -90.5084, 37.84558 ] } },
{ "type": "Feature", "properties": { "addr": "8620 N GREEN HILLS RD, , KANSAS CITY, MO 64154" }, "geometry": { "type": "Point", "coordinates": [ -94.63109, 39.25087 ] } },
{ "type": "Feature", "properties": { "addr": "120 S COMMERCE DR, , NEVADA, MO 64772" }, "geometry": { "type": "Point", "coordinates": [ -94.33369, 37.83722 ] } },
{ "type": "Feature", "properties": { "addr": "43 PRAIRIE DELL PLZ, SUITE 5, UNION, MO 63084" }, "geometry": { "type": "Point", "coordinates": [ -90.96737, 38.42623 ] } },
{ "type": "Feature", "properties": { "addr": "1305 CROWN DRIVE, , KIRKSVILLE, MO 63501" }, "geometry": { "type": "Point", "coordinates": [ -92.57399, 40.20576 ] } },
{ "type": "Feature", "properties": { "addr": "650 GRAVOIS BLUFF BLVD, , FENTON, MO 63026" }, "geometry": { "type": "Point", "coordinates": [ -90.4372, 38.50885 ] } },
{ "type": "Feature", "properties": { "addr": "2546 S JEFFERSON AVE, , LEBANON, MO 65536" }, "geometry": { "type": "Point", "coordinates": [ -92.64955, 37.64399 ] } },
{ "type": "Feature", "properties": { "addr": "518 W SOUTH HILLS DR, , MARYVILLE, MO 64468" }, "geometry": { "type": "Point", "coordinates": [ -94.87943, 40.32416 ] } },
{ "type": "Feature", "properties": { "addr": "711 YORK DR, , SIKESTON, MO 63801" }, "geometry": { "type": "Point", "coordinates": [ -89.5761, 36.87213 ] } },
{ "type": "Feature", "properties": { "addr": "880 RUE ST. FRANCOIS, , FLORISSANT, MO 63031" }, "geometry": { "type": "Point", "coordinates": [ -90.32393, 38.7919 ] } },
{ "type": "Feature", "properties": { "addr": "3701 AMERICAN WAY, , MISSOULA, MT 59808" }, "geometry": { "type": "Point", "coordinates": [ -114.04507, 46.89072 ] } },
{ "type": "Feature", "properties": { "addr": "10 W 15TH ST, SUITE 1600, HELENA, MT 59626" }, "geometry": { "type": "Point", "coordinates": [ -112.03457, 46.59687 ] } },
{ "type": "Feature", "properties": { "addr": "2201 HARRISON AVE, STE A, BUTTE, MT 59701" }, "geometry": { "type": "Point", "coordinates": [ -112.51099, 45.99116 ] } },
{ "type": "Feature", "properties": { "addr": "2900 4TH AVE N, ROOM 304, BILLINGS, MT 59101" }, "geometry": { "type": "Point", "coordinates": [ -108.50974, 45.78396 ] } },
{ "type": "Feature", "properties": { "addr": "2008 23RD ST S, , GREAT FALLS, MT 59405" }, "geometry": { "type": "Point", "coordinates": [ -111.2682, 47.48316 ] } },
{ "type": "Feature", "properties": { "addr": "275 CORPORATE DR, SUITE D, KALISPELL, MT 59901" }, "geometry": { "type": "Point", "coordinates": [ -114.3389, 48.19824 ] } },
{ "type": "Feature", "properties": { "addr": "3205 N 27TH AVE, , BOZEMAN, MT 59718" }, "geometry": { "type": "Point", "coordinates": [ -111.07399, 45.71218 ] } },
{ "type": "Feature", "properties": { "addr": "630 2ND AVE S, , GLASGOW, MT 59230" }, "geometry": { "type": "Point", "coordinates": [ -106.63908, 48.19484 ] } },
{ "type": "Feature", "properties": { "addr": "123 5TH AVE, SUITE A, HAVRE, MT 59501" }, "geometry": { "type": "Point", "coordinates": [ -109.67517, 48.55258 ] } },
{ "type": "Feature", "properties": { "addr": "760 HOSPITAL CIRCLE, , BROWNING, MT 59417" }, "geometry": { "type": "Point", "coordinates": [ -113.01941, 48.5661 ] } },
{ "type": "Feature", "properties": { "addr": "669 AGENCY MAIN ST, , HARLEM, MT 59526" }, "geometry": { "type": "Point", "coordinates": [ -108.76286, 48.48145 ] } },
{ "type": "Feature", "properties": { "addr": "1010 S 7650 E, PO BOX 9 CROW AGENCY, CROW AGENCY, MT 59022" }, "geometry": { "type": "Point", "coordinates": [ -107.44789, 45.57998 ] } },
{ "type": "Feature", "properties": { "addr": "107 H ST E, PO BOX 67, POPLAR, MT 59255" }, "geometry": { "type": "Point", "coordinates": [ -105.19473, 48.11484 ] } },
{ "type": "Feature", "properties": { "addr": "PO BOX 67, , LAME DEER, MT 59043" }, "geometry": { "type": "Point", "coordinates": [ -106.66631, 45.62029 ] } },
{ "type": "Feature", "properties": { "addr": "12 NORTH 10TH ST, , MILES CITY, MT 59301" }, "geometry": { "type": "Point", "coordinates": [ -105.84596, 46.40798 ] } },
{ "type": "Feature", "properties": { "addr": "96 CLINIC RD, , BOX ELDER, MT 59521" }, "geometry": { "type": "Point", "coordinates": [ -109.78216, 48.26267 ] } },
{ "type": "Feature", "properties": { "addr": "604 N 109TH CT, OLD MILL CENTRE, OMAHA, NE 68154" }, "geometry": { "type": "Point", "coordinates": [ -96.08497, 41.26572 ] } },
{ "type": "Feature", "properties": { "addr": "100 CENTENNIAL MALL N, ROOM 240, LINCOLN, NE 68508" }, "geometry": { "type": "Point", "coordinates": [ -96.6996, 40.81418 ] } },
{ "type": "Feature", "properties": { "addr": "300 E. 3RD ST., RM 204, NORTH PLATTE, NE 69101" }, "geometry": { "type": "Point", "coordinates": [ -100.76097, 41.13514 ] } },
{ "type": "Feature", "properties": { "addr": "115 N WEBB RD, STE 1, GRAND ISLAND, NE 68803" }, "geometry": { "type": "Point", "coordinates": [ -98.37843, 40.91813 ] } },
{ "type": "Feature", "properties": { "addr": "415 VALLEY VIEW DR, SUITE 100, SCOTTSBLUFF, NE 69361" }, "geometry": { "type": "Point", "coordinates": [ -103.65713, 41.87905 ] } },
{ "type": "Feature", "properties": { "addr": "605 IRON HORSE DR, SUITE 1, NORFOLK, NE 68701" }, "geometry": { "type": "Point", "coordinates": [ -97.41547, 42.03533 ] } },
{ "type": "Feature", "properties": { "addr": "1170 HARVARD WAY, , RENO, NV 89502" }, "geometry": { "type": "Point", "coordinates": [ -119.7856, 39.51347 ] } },
{ "type": "Feature", "properties": { "addr": "1250 S BUFFALO DR, SUITE 150, LAS VEGAS, NV 89117" }, "geometry": { "type": "Point", "coordinates": [ -115.26194, 36.15607 ] } },
{ "type": "Feature", "properties": { "addr": "10416 S EASTERN AVENUE, , HENDERSON, NV 89052" }, "geometry": { "type": "Point", "coordinates": [ -115.10616, 36.00302 ] } },
{ "type": "Feature", "properties": { "addr": "4340 SIMMONS STREET, , NORTH LAS VEGAS, NV 89032" }, "geometry": { "type": "Point", "coordinates": [ -115.18009, 36.23832 ] } },
{ "type": "Feature", "properties": { "addr": "350 W.SILVER ST., SUITE 100, ELKO, NV 89801" }, "geometry": { "type": "Point", "coordinates": [ -115.76646, 40.82747 ] } },
{ "type": "Feature", "properties": { "addr": "70 COMMERCIAL ST, STE 100, CONCORD, NH 03301" }, "geometry": { "type": "Point", "coordinates": [ -71.53581, 43.22036 ] } },
{ "type": "Feature", "properties": { "addr": "215 COMMERCE WAY, STE 200, PORTSMOUTH, NH 03801" }, "geometry": { "type": "Point", "coordinates": [ -70.78458, 43.09005 ] } },
{ "type": "Feature", "properties": { "addr": "1100 ELM ST, SUITE 201, MANCHESTER, NH 03101" }, "geometry": { "type": "Point", "coordinates": [ -71.46314, 42.99365 ] } },
{ "type": "Feature", "properties": { "addr": "177 MAIN ST, , LITTLETON, NH 03561" }, "geometry": { "type": "Point", "coordinates": [ -71.77683, 44.30749 ] } },
{ "type": "Feature", "properties": { "addr": "175 AMHERST ST, SUITE 2, NASHUA, NH 03064" }, "geometry": { "type": "Point", "coordinates": [ -71.48862, 42.77481 ] } },
{ "type": "Feature", "properties": { "addr": "9 ELM STREET, , KEENE, NH 03431" }, "geometry": { "type": "Point", "coordinates": [ -72.26281, 42.90775 ] } },
{ "type": "Feature", "properties": { "addr": "970 BROAD STREET, ROOM 1035, NEWARK, NJ 07102" }, "geometry": { "type": "Point", "coordinates": [ -74.17509, 40.73037 ] } },
{ "type": "Feature", "properties": { "addr": "635 S CLINTON AVE, ROEBLING MARKET, TRENTON, NJ 08611" }, "geometry": { "type": "Point", "coordinates": [ -74.75413, 40.21129 ] } },
{ "type": "Feature", "properties": { "addr": "6 EXECUTIVE CAMPUS, SUITE 200, CHERRY HILL, NJ 08002" }, "geometry": { "type": "Point", "coordinates": [ -75.04887, 39.92798 ] } },
{ "type": "Feature", "properties": { "addr": "200 FEDERAL PLZ, FIRST FLOOR, PATERSON, NJ 07505" }, "geometry": { "type": "Point", "coordinates": [ -74.16857, 40.91479 ] } },
{ "type": "Feature", "properties": { "addr": "855 LEHIGH AVE, , UNION, NJ 07083" }, "geometry": { "type": "Point", "coordinates": [ -74.24375, 40.68227 ] } },
{ "type": "Feature", "properties": { "addr": "190 MIDDLESEX TPKE, 3RD FLOOR, ISELIN, NJ 08830" }, "geometry": { "type": "Point", "coordinates": [ -74.32462, 40.57022 ] } },
{ "type": "Feature", "properties": { "addr": "325 WEST SIDE AVENUE, GROUND FLOOR, JERSEY CITY, NJ 07305" }, "geometry": { "type": "Point", "coordinates": [ -74.08996, 40.71331 ] } },
{ "type": "Feature", "properties": { "addr": "935 ALLWOOD RD, FL 2, CLIFTON, NJ 07012" }, "geometry": { "type": "Point", "coordinates": [ -74.17327, 40.85262 ] } },
{ "type": "Feature", "properties": { "addr": "1350 DOUGHTY RD, , EGG HARBOR TWP, NJ 08234" }, "geometry": { "type": "Point", "coordinates": [ -74.53989, 39.4106 ] } },
{ "type": "Feature", "properties": { "addr": "149 WEST BROAD STREET, , BRIDGETON, NJ 08302" }, "geometry": { "type": "Point", "coordinates": [ -75.24216, 39.42873 ] } },
{ "type": "Feature", "properties": { "addr": "7 MERIDIAN RD, , EATONTOWN, NJ 07724" }, "geometry": { "type": "Point", "coordinates": [ -74.05032, 40.27885 ] } },
{ "type": "Feature", "properties": { "addr": "401 HACKENSACK AVE, CONTINENTAL PLZ 2FL, HACKENSACK, NJ 07601" }, "geometry": { "type": "Point", "coordinates": [ -74.0333, 40.9097 ] } },
{ "type": "Feature", "properties": { "addr": "7 GLENWOOD AVE, STE 100, EAST ORANGE, NJ 07017" }, "geometry": { "type": "Point", "coordinates": [ -74.21989, 40.7703 ] } },
{ "type": "Feature", "properties": { "addr": "2200 STATE ROUTE 10 WEST, SUITE 200, PARSIPPANY, NJ 07054" }, "geometry": { "type": "Point", "coordinates": [ -74.47191, 40.84994 ] } },
{ "type": "Feature", "properties": { "addr": "550 JERSEY AVENUE, SUITE 200, NEW BRUNSWICK, NJ 08901" }, "geometry": { "type": "Point", "coordinates": [ -74.46822, 40.47986 ] } },
{ "type": "Feature", "properties": { "addr": "274 SPRINGFIELD AVE, , NEWARK, NJ 07103" }, "geometry": { "type": "Point", "coordinates": [ -74.19001, 40.73433 ] } },
{ "type": "Feature", "properties": { "addr": "830 DELSEA DR NORTH, , GLASSBORO, NJ 08028" }, "geometry": { "type": "Point", "coordinates": [ -75.11288, 39.71998 ] } },
{ "type": "Feature", "properties": { "addr": "190 ST CATHERINE BLVD, , TOMS RIVER, NJ 08755" }, "geometry": { "type": "Point", "coordinates": [ -74.25443, 39.98048 ] } },
{ "type": "Feature", "properties": { "addr": "1046 ROUTE 47 SOUTH, , RIO GRANDE, NJ 08242" }, "geometry": { "type": "Point", "coordinates": [ -74.88847, 39.01969 ] } },
{ "type": "Feature", "properties": { "addr": "245 US HWY 22 WEST, SUITE 207, BRIDGEWATER, NJ 08807" }, "geometry": { "type": "Point", "coordinates": [ -74.6691, 40.59538 ] } },
{ "type": "Feature", "properties": { "addr": "79 HUDSON ST, 6TH FLR, HOBOKEN, NJ 07030" }, "geometry": { "type": "Point", "coordinates": [ -74.02978, 40.736 ] } },
{ "type": "Feature", "properties": { "addr": "532 FELLOWSHIP ROAD, SUITE E, MOUNT LAUREL, NJ 08054" }, "geometry": { "type": "Point", "coordinates": [ -74.95891, 39.93356 ] } },
{ "type": "Feature", "properties": { "addr": "20 EAST CLINTON STREET, , NEWTON, NJ 07860" }, "geometry": { "type": "Point", "coordinates": [ -74.74979, 41.05994 ] } },
{ "type": "Feature", "properties": { "addr": "2620 YORKTOWNE BLVD, , BRICK, NJ 08723" }, "geometry": { "type": "Point", "coordinates": [ -74.14629, 40.01959 ] } },
{ "type": "Feature", "properties": { "addr": "4433 JAGER DR NE, , RIO RANCHO, NM 87144" }, "geometry": { "type": "Point", "coordinates": [ -106.57306, 35.32844 ] } },
{ "type": "Feature", "properties": { "addr": "500 LEAD AVE SW, SUITE 100, ALBUQUERQUE, NM 87102" }, "geometry": { "type": "Point", "coordinates": [ -106.654, 35.08181 ] } },
{ "type": "Feature", "properties": { "addr": "500 N RICHARDSON AVENUE, ROOM 122, ROSWELL, NM 88201" }, "geometry": { "type": "Point", "coordinates": [ -104.52441, 33.39808 ] } },
{ "type": "Feature", "properties": { "addr": "1922 5TH STREET, , SANTA FE, NM 87505" }, "geometry": { "type": "Point", "coordinates": [ -105.96819, 35.65661 ] } },
{ "type": "Feature", "properties": { "addr": "2070 EAST AZTEC AVENUE, , GALLUP, NM 87301" }, "geometry": { "type": "Point", "coordinates": [ -108.71162, 35.52818 ] } },
{ "type": "Feature", "properties": { "addr": "1208 ARCINEIGA DR, , CLOVIS, NM 88101" }, "geometry": { "type": "Point", "coordinates": [ -103.19138, 34.42619 ] } },
{ "type": "Feature", "properties": { "addr": "2141 SUMMIT COURT, , LAS CRUCES, NM 88011" }, "geometry": { "type": "Point", "coordinates": [ -106.76366, 32.34269 ] } },
{ "type": "Feature", "properties": { "addr": "4650 N BUTLER, , FARMINGTON, NM 87401" }, "geometry": { "type": "Point", "coordinates": [ -108.18422, 36.77028 ] } },
{ "type": "Feature", "properties": { "addr": "501 E BENDER BLVD, , HOBBS, NM 88240" }, "geometry": { "type": "Point", "coordinates": [ -103.1317, 32.7256 ] } },
{ "type": "Feature", "properties": { "addr": "2520 RIDGE RUNNER RD, , LAS VEGAS, NM 87701" }, "geometry": { "type": "Point", "coordinates": [ -105.22938, 35.62114 ] } },
{ "type": "Feature", "properties": { "addr": "2302 W PIERCE ST, SUITE D, CARLSBAD, NM 88220" }, "geometry": { "type": "Point", "coordinates": [ -104.25463, 32.43909 ] } },
{ "type": "Feature", "properties": { "addr": "4471 HIGHWAY 4, , JEMEZ PUEBLO, NM 87024" }, "geometry": { "type": "Point", "coordinates": [ -106.72986, 35.60075 ] } },
{ "type": "Feature", "properties": { "addr": "1090 GOAT SPRINGS RD, , TAOS, NM 87571" }, "geometry": { "type": "Point", "coordinates": [ -105.55928, 36.41386 ] } },
{ "type": "Feature", "properties": { "addr": "9 CEDAR, , ALGODONES, NM 87001" }, "geometry": { "type": "Point", "coordinates": [ -106.44758, 35.43038 ] } },
{ "type": "Feature", "properties": { "addr": "22 CAPITAL RD, , LAGUNA, NM 87026" }, "geometry": { "type": "Point", "coordinates": [ -107.38645, 35.03604 ] } },
{ "type": "Feature", "properties": { "addr": "332 MAIN ST, , POUGHKEEPSIE, NY 12601" }, "geometry": { "type": "Point", "coordinates": [ -73.92592, 41.70277 ] } },
{ "type": "Feature", "properties": { "addr": "237 W 48TH STREET, 5TH FLOOR, NEW YORK, NY 10036" }, "geometry": { "type": "Point", "coordinates": [ -73.98582, 40.76061 ] } },
{ "type": "Feature", "properties": { "addr": "100 S CLINTON ST, FED BLDG 4TH FLOOR, SYRACUSE, NY 13261" }, "geometry": { "type": "Point", "coordinates": [ -76.15405, 43.05013 ] } },
{ "type": "Feature", "properties": { "addr": "11 A CLINTON AVE, RM 430 FEDERAL BLDG, ALBANY, NY 12207" }, "geometry": { "type": "Point", "coordinates": [ -73.74944, 42.65407 ] } },
{ "type": "Feature", "properties": { "addr": "478 MAIN STREET, SUITE 200, BUFFALO, NY 14202" }, "geometry": { "type": "Point", "coordinates": [ -78.87456, 42.88711 ] } },
{ "type": "Feature", "properties": { "addr": "2 COURT STREET, SUITE 300, BINGHAMTON, NY 13901" }, "geometry": { "type": "Point", "coordinates": [ -75.91521, 42.09816 ] } },
{ "type": "Feature", "properties": { "addr": "ONE BROADWAY CENTER, 8TH FLOOR, SCHENECTADY, NY 12305" }, "geometry": { "type": "Point", "coordinates": [ -73.94393, 42.81098 ] } },
{ "type": "Feature", "properties": { "addr": "195 MONTAGUE ST, 7TH FLOOR, BROOKLYN, NY 11201" }, "geometry": { "type": "Point", "coordinates": [ -73.99139, 40.69413 ] } },
{ "type": "Feature", "properties": { "addr": "200 E. MAIN ST, 2ND FLOOR, ROCHESTER, NY 14604" }, "geometry": { "type": "Point", "coordinates": [ -77.60705, 43.15719 ] } },
{ "type": "Feature", "properties": { "addr": "123 WILLIAM ST, 4TH FLOOR, NEW YORK, NY 10038" }, "geometry": { "type": "Point", "coordinates": [ -74.00689, 40.70922 ] } },
{ "type": "Feature", "properties": { "addr": "10 BROAD STREET, FEDERAL BUILDING, UTICA, NY 13501" }, "geometry": { "type": "Point", "coordinates": [ -75.22611, 43.10317 ] } },
{ "type": "Feature", "properties": { "addr": "321 HAZELTINE AVE, , JAMESTOWN, NY 14701" }, "geometry": { "type": "Point", "coordinates": [ -79.25458, 42.08222 ] } },
{ "type": "Feature", "properties": { "addr": "820 CONCOURSE VILLAGE WEST, 3RD FLOOR, BRONX, NY 10451" }, "geometry": { "type": "Point", "coordinates": [ -73.92166, 40.82555 ] } },
{ "type": "Feature", "properties": { "addr": "20 SOUTH BROADWAY, SUITE 500, YONKERS, NY 10701" }, "geometry": { "type": "Point", "coordinates": [ -73.89828, 40.93303 ] } },
{ "type": "Feature", "properties": { "addr": "3345 CHAMBERS RD S, SUITE 19, HORSEHEADS, NY 14845" }, "geometry": { "type": "Point", "coordinates": [ -76.87917, 42.16303 ] } },
{ "type": "Feature", "properties": { "addr": "6540 NIAGARA FALLS BVD, , NIAGARA FALLS, NY 14304" }, "geometry": { "type": "Point", "coordinates": [ -78.98912, 43.08968 ] } },
{ "type": "Feature", "properties": { "addr": "101 FORD STREET, , OGDENSBURG, NY 13669" }, "geometry": { "type": "Point", "coordinates": [ -75.4942, 44.69664 ] } },
{ "type": "Feature", "properties": { "addr": "302 W 126TH ST, 4TH FLR, NEW YORK, NY 10027" }, "geometry": { "type": "Point", "coordinates": [ -73.95118, 40.81092 ] } },
{ "type": "Feature", "properties": { "addr": "85 CRYSTAL RUN RD, STE 100, MIDDLETOWN, NY 10941" }, "geometry": { "type": "Point", "coordinates": [ -74.3609, 41.44987 ] } },
{ "type": "Feature", "properties": { "addr": "6344 AUSTIN STREET, , REGO PARK, NY 11374" }, "geometry": { "type": "Point", "coordinates": [ -73.8648, 40.72754 ] } },
{ "type": "Feature", "properties": { "addr": "155-10 JAMAICA AVE, 3RD FL DISTRICT OFFICE, JAMAICA, NY 11432" }, "geometry": { "type": "Point", "coordinates": [ -73.80095, 40.70303 ] } },
{ "type": "Feature", "properties": { "addr": "1441 SOUTH AVE, , STATEN ISLAND, NY 10314" }, "geometry": { "type": "Point", "coordinates": [ -74.18086, 40.60455 ] } },
{ "type": "Feature", "properties": { "addr": "13 N ARLINGTON AVE, , GLOVERSVILLE, NY 12078" }, "geometry": { "type": "Point", "coordinates": [ -74.34773, 43.05086 ] } },
{ "type": "Feature", "properties": { "addr": "17 FOURTH AVE, , OSWEGO, NY 13126" }, "geometry": { "type": "Point", "coordinates": [ -76.52978, 43.45055 ] } },
{ "type": "Feature", "properties": { "addr": "14 DURKEE ST, SUITE 230, PLATTSBURGH, NY 12901" }, "geometry": { "type": "Point", "coordinates": [ -73.45195, 44.69568 ] } },
{ "type": "Feature", "properties": { "addr": "67 WARREN ST, SUITE 1, GLENS FALLS, NY 12801" }, "geometry": { "type": "Point", "coordinates": [ -73.64099, 43.30986 ] } },
{ "type": "Feature", "properties": { "addr": "672 PARKSIDE AVE, , BROOKLYN, NY 11226" }, "geometry": { "type": "Point", "coordinates": [ -73.95081, 40.65614 ] } },
{ "type": "Feature", "properties": { "addr": "85 HARRISON ST, STREET LEVEL, NEW ROCHELLE, NY 10801" }, "geometry": { "type": "Point", "coordinates": [ -73.7794, 40.91302 ] } },
{ "type": "Feature", "properties": { "addr": "156 BELLEW AVE SOUTH, , WATERTOWN, NY 13601" }, "geometry": { "type": "Point", "coordinates": [ -75.93273, 43.9748 ] } },
{ "type": "Feature", "properties": { "addr": "120 HOOSICK ST, SUITE 12A-1, TROY, NY 12180" }, "geometry": { "type": "Point", "coordinates": [ -73.67784, 42.7381 ] } },
{ "type": "Feature", "properties": { "addr": "2501 GRAND CONCOURSE, 2ND FLOOR, BRONX, NY 10468" }, "geometry": { "type": "Point", "coordinates": [ -73.89714, 40.86299 ] } },
{ "type": "Feature", "properties": { "addr": "4941 BROADWAY, 2ND FLR, NEW YORK, NY 10034" }, "geometry": { "type": "Point", "coordinates": [ -73.92112, 40.86791 ] } },
{ "type": "Feature", "properties": { "addr": "785 FLUSHING AVE, THIRD FLOOR, BROOKLYN, NY 11206" }, "geometry": { "type": "Point", "coordinates": [ -73.94121, 40.70101 ] } },
{ "type": "Feature", "properties": { "addr": "75 OAK STREET, , PATCHOGUE, NY 11772" }, "geometry": { "type": "Point", "coordinates": [ -73.01206, 40.76806 ] } },
{ "type": "Feature", "properties": { "addr": "7714 17 AVENUE, , BROOKLYN, NY 11214" }, "geometry": { "type": "Point", "coordinates": [ -74.00011, 40.61336 ] } },
{ "type": "Feature", "properties": { "addr": "163 MINEOLA BLVD, 2ND FL, MINEOLA, NY 11501" }, "geometry": { "type": "Point", "coordinates": [ -73.64142, 40.74352 ] } },
{ "type": "Feature", "properties": { "addr": "3386 FULTON STREET, BLDG, BROOKLYN, NY 11208" }, "geometry": { "type": "Point", "coordinates": [ -73.87068, 40.68397 ] } },
{ "type": "Feature", "properties": { "addr": "200 NASSER CIVIC CTR, , CORNING, NY 14830" }, "geometry": { "type": "Point", "coordinates": [ -77.04814, 42.14232 ] } },
{ "type": "Feature", "properties": { "addr": "15 LEWIS ST, , GENEVA, NY 14456" }, "geometry": { "type": "Point", "coordinates": [ -76.98127, 42.87081 ] } },
{ "type": "Feature", "properties": { "addr": "1618 W STATE ST, , OLEAN, NY 14760" }, "geometry": { "type": "Point", "coordinates": [ -78.44898, 42.0777 ] } },
{ "type": "Feature", "properties": { "addr": "571 EAST MAIN STREET, , BATAVIA, NY 14020" }, "geometry": { "type": "Point", "coordinates": [ -78.16519, 42.99629 ] } },
{ "type": "Feature", "properties": { "addr": "1121 WALT WHITMAN RD, STE 201, MELVILLE, NY 11747" }, "geometry": { "type": "Point", "coordinates": [ -73.41717, 40.79248 ] } },
{ "type": "Feature", "properties": { "addr": "31 MAIN ST, SUITE 1, ONEONTA, NY 13820" }, "geometry": { "type": "Point", "coordinates": [ -75.0642, 42.44802 ] } },
{ "type": "Feature", "properties": { "addr": "1380 PARKER STREET, 2ND FLOOR, BRONX, NY 10462" }, "geometry": { "type": "Point", "coordinates": [ -73.8469, 40.83612 ] } },
{ "type": "Feature", "properties": { "addr": "297 KNOLLWOOD RD, SUITE 4A, WHITE PLAINS, NY 10607" }, "geometry": { "type": "Point", "coordinates": [ -73.80465, 41.04449 ] } },
{ "type": "Feature", "properties": { "addr": "240 WEST NYACK ROAD, , WEST NYACK, NY 10994" }, "geometry": { "type": "Point", "coordinates": [ -73.99402, 41.09737 ] } },
{ "type": "Feature", "properties": { "addr": "138-50 BARCLAY AVE, , FLUSHING, NY 11355" }, "geometry": { "type": "Point", "coordinates": [ -73.82688, 40.75823 ] } },
{ "type": "Feature", "properties": { "addr": "84 N. MAIN STREET, , FREEPORT, NY 11520" }, "geometry": { "type": "Point", "coordinates": [ -73.5846, 40.6598 ] } },
{ "type": "Feature", "properties": { "addr": "127 W STATE STREET, 2ND FL, ITHACA, NY 14850" }, "geometry": { "type": "Point", "coordinates": [ -76.50009, 42.43932 ] } },
{ "type": "Feature", "properties": { "addr": "747 WARREN STREET, , HUDSON, NY 12534" }, "geometry": { "type": "Point", "coordinates": [ -73.78192, 42.24598 ] } },
{ "type": "Feature", "properties": { "addr": "60 JEFFERSON ST, SUITE 4, MONTICELLO, NY 12701" }, "geometry": { "type": "Point", "coordinates": [ -74.69577, 41.65994 ] } },
{ "type": "Feature", "properties": { "addr": "345 E 102ND ST, FLOOR 4, NEW YORK, NY 10029" }, "geometry": { "type": "Point", "coordinates": [ -73.94234, 40.78741 ] } },
{ "type": "Feature", "properties": { "addr": "460 WILLIS AVE, , BRONX, NY 10455" }, "geometry": { "type": "Point", "coordinates": [ -73.91917, 40.81388 ] } },
{ "type": "Feature", "properties": { "addr": "1540 FULTON STREET, , BROOKLYN, NY 11216" }, "geometry": { "type": "Point", "coordinates": [ -73.93935, 40.67969 ] } },
{ "type": "Feature", "properties": { "addr": "11306 ROCKAWAY BCH BLVD, , ROCKAWAY PARK, NY 11694" }, "geometry": { "type": "Point", "coordinates": [ -73.83484, 40.5806 ] } },
{ "type": "Feature", "properties": { "addr": "526 EAST MAIN STREET, , RIVERHEAD, NY 11901" }, "geometry": { "type": "Point", "coordinates": [ -72.65601, 40.91968 ] } },
{ "type": "Feature", "properties": { "addr": "3247 LACONIA AVE, , BRONX, NY 10469" }, "geometry": { "type": "Point", "coordinates": [ -73.85576, 40.87254 ] } },
{ "type": "Feature", "properties": { "addr": "ONE PARK PLACE, 3RD FL, PEEKSKILL, NY 10566" }, "geometry": { "type": "Point", "coordinates": [ -73.91662, 41.29067 ] } },
{ "type": "Feature", "properties": { "addr": "650 EAST 12TH ST, , NEW YORK, NY 10009" }, "geometry": { "type": "Point", "coordinates": [ -73.97717, 40.72723 ] } },
{ "type": "Feature", "properties": { "addr": "1900 RIDGE RD, SUITE 120, WEST SENECA, NY 14224" }, "geometry": { "type": "Point", "coordinates": [ -78.78298, 42.82907 ] } },
{ "type": "Feature", "properties": { "addr": "510 PARK AVENUE, , WEST BABYLON, NY 11704" }, "geometry": { "type": "Point", "coordinates": [ -73.35172, 40.68509 ] } },
{ "type": "Feature", "properties": { "addr": "31-08 37TH AVENUE, GROUND FLOOR, LONG ISLAND CITY, NY 11101" }, "geometry": { "type": "Point", "coordinates": [ -73.93088, 40.75479 ] } },
{ "type": "Feature", "properties": { "addr": "437 MAIN ST, SUITE 2, DUNKIRK, NY 14048" }, "geometry": { "type": "Point", "coordinates": [ -79.32843, 42.48272 ] } },
{ "type": "Feature", "properties": { "addr": "1829 SOUTHERN BLVD, , BRONX, NY 10460" }, "geometry": { "type": "Point", "coordinates": [ -73.88653, 40.8398 ] } },
{ "type": "Feature", "properties": { "addr": "1871 ROCKAWAY PARKWAY, , BROOKLYN, NY 11236" }, "geometry": { "type": "Point", "coordinates": [ -73.8923, 40.63694 ] } },
{ "type": "Feature", "properties": { "addr": "1510 HYLAN BLVD, 2ND FLOOR, STATEN ISLAND, NY 10305" }, "geometry": { "type": "Point", "coordinates": [ -74.08753, 40.59148 ] } },
{ "type": "Feature", "properties": { "addr": "4050 W RIDGE RD, 2ND FLOOR, ROCHESTER, NY 14626" }, "geometry": { "type": "Point", "coordinates": [ -77.73641, 43.21716 ] } },
{ "type": "Feature", "properties": { "addr": "2805 S CHARLES BLVD, , GREENVILLE, NC 27858" }, "geometry": { "type": "Point", "coordinates": [ -77.35534, 35.57722 ] } },
{ "type": "Feature", "properties": { "addr": "1865 W CITY DR, , ELIZABETH CITY, NC 27909" }, "geometry": { "type": "Point", "coordinates": [ -76.26196, 36.29817 ] } },
{ "type": "Feature", "properties": { "addr": "2123 LAKESIDE DR, , FRANKLIN, NC 28734" }, "geometry": { "type": "Point", "coordinates": [ -83.36892, 35.19435 ] } },
{ "type": "Feature", "properties": { "addr": "2201 CORONATION BLVD., SUITE 100, CHARLOTTE, NC 28227" }, "geometry": { "type": "Point", "coordinates": [ -80.73045, 35.14321 ] } },
{ "type": "Feature", "properties": { "addr": "1840 JAKE ALEXANDER BLVD W, , SALISBURY, NC 28147" }, "geometry": { "type": "Point", "coordinates": [ -80.51027, 35.68868 ] } },
{ "type": "Feature", "properties": { "addr": "3315 POOLE RD, SUITE 100, RALEIGH, NC 27610" }, "geometry": { "type": "Point", "coordinates": [ -78.5812, 35.76927 ] } },
{ "type": "Feature", "properties": { "addr": "800 CENTRE PARK DRIVE, , ASHEVILLE, NC 28805" }, "geometry": { "type": "Point", "coordinates": [ -82.52947, 35.6002 ] } },
{ "type": "Feature", "properties": { "addr": "1370 LOCKLAND AVE, , WINSTON SALEM, NC 27103" }, "geometry": { "type": "Point", "coordinates": [ -80.26442, 36.07096 ] } },
{ "type": "Feature", "properties": { "addr": "6005 LANDMARK CTR BLVD, , GREENSBORO, NC 27407" }, "geometry": { "type": "Point", "coordinates": [ -79.89219, 36.052 ] } },
{ "type": "Feature", "properties": { "addr": "1071 HUNTER HILL RD, , ROCKY MOUNT, NC 27804" }, "geometry": { "type": "Point", "coordinates": [ -77.81877, 35.97088 ] } },
{ "type": "Feature", "properties": { "addr": "1528 S 16TH ST, , WILMINGTON, NC 28401" }, "geometry": { "type": "Point", "coordinates": [ -77.92662, 34.21739 ] } },
{ "type": "Feature", "properties": { "addr": "3511 SHANNON RD, SUITE 200, DURHAM, NC 27707" }, "geometry": { "type": "Point", "coordinates": [ -78.95506, 35.96027 ] } },
{ "type": "Feature", "properties": { "addr": "915 W NEW HOPE ROAD, , GOLDSBORO, NC 27534" }, "geometry": { "type": "Point", "coordinates": [ -77.93357, 35.40439 ] } },
{ "type": "Feature", "properties": { "addr": "145 ROWAN ST, , FAYETTEVILLE, NC 28301" }, "geometry": { "type": "Point", "coordinates": [ -78.87869, 35.05779 ] } },
{ "type": "Feature", "properties": { "addr": "1501 US HWY 321 NW, , HICKORY, NC 28601" }, "geometry": { "type": "Point", "coordinates": [ -81.3735, 35.75426 ] } },
{ "type": "Feature", "properties": { "addr": "609 COTTON BLOSSOM CIR, , GASTONIA, NC 28054" }, "geometry": { "type": "Point", "coordinates": [ -81.1512, 35.25764 ] } },
{ "type": "Feature", "properties": { "addr": "1420 MCCARTHY BLVD, , NEW BERN, NC 28562" }, "geometry": { "type": "Point", "coordinates": [ -77.09496, 35.09758 ] } },
{ "type": "Feature", "properties": { "addr": "4430 KAHN DR, , LUMBERTON, NC 28358" }, "geometry": { "type": "Point", "coordinates": [ -79.00958, 34.65767 ] } },
{ "type": "Feature", "properties": { "addr": "1517 RIVER ST, , WILKESBORO, NC 28697" }, "geometry": { "type": "Point", "coordinates": [ -81.18978, 36.13879 ] } },
{ "type": "Feature", "properties": { "addr": "833 GREGORY DRIVE, , ROANOKE RAPIDS, NC 27870" }, "geometry": { "type": "Point", "coordinates": [ -77.64987, 36.43226 ] } },
{ "type": "Feature", "properties": { "addr": "2038 DAVIE AVE, , STATESVILLE, NC 28625" }, "geometry": { "type": "Point", "coordinates": [ -80.8537, 35.80568 ] } },
{ "type": "Feature", "properties": { "addr": "220 E GREENE ST, , ROCKINGHAM, NC 28379" }, "geometry": { "type": "Point", "coordinates": [ -79.78111, 34.94058 ] } },
{ "type": "Feature", "properties": { "addr": "2559 N QUEEN ST, , KINSTON, NC 28501" }, "geometry": { "type": "Point", "coordinates": [ -77.57853, 35.29488 ] } },
{ "type": "Feature", "properties": { "addr": "830 FLORENCE ST NW, , CONCORD, NC 28027" }, "geometry": { "type": "Point", "coordinates": [ -80.60864, 35.42758 ] } },
{ "type": "Feature", "properties": { "addr": "202 CHARTER ST, BROOKWOOD EXECUTIVE PK, ALBEMARLE, NC 28001" }, "geometry": { "type": "Point", "coordinates": [ -80.15565, 35.34952 ] } },
{ "type": "Feature", "properties": { "addr": "205 S GROVE STREET, , HENDERSONVILLE, NC 28792" }, "geometry": { "type": "Point", "coordinates": [ -82.45711, 35.31349 ] } },
{ "type": "Feature", "properties": { "addr": "633 VENTURE DR, , SMITHFIELD, NC 27577" }, "geometry": { "type": "Point", "coordinates": [ -78.31873, 35.50863 ] } },
{ "type": "Feature", "properties": { "addr": "204 S LEE ST, , WHITEVILLE, NC 28472" }, "geometry": { "type": "Point", "coordinates": [ -78.70551, 34.32779 ] } },
{ "type": "Feature", "properties": { "addr": "1911 WESTWOOD AVE W, , WILSON, NC 27893" }, "geometry": { "type": "Point", "coordinates": [ -77.94868, 35.73079 ] } },
{ "type": "Feature", "properties": { "addr": "707 SCHENCK ST, , SHELBY, NC 28150" }, "geometry": { "type": "Point", "coordinates": [ -81.53672, 35.2999 ] } },
{ "type": "Feature", "properties": { "addr": "401 TIFFANY DR, , SANFORD, NC 27330" }, "geometry": { "type": "Point", "coordinates": [ -79.20209, 35.47247 ] } },
{ "type": "Feature", "properties": { "addr": "858 S BECKFORD DR, , HENDERSON, NC 27536" }, "geometry": { "type": "Point", "coordinates": [ -78.42698, 36.33654 ] } },
{ "type": "Feature", "properties": { "addr": "2402 FREEWAY DR, , REIDSVILLE, NC 27320" }, "geometry": { "type": "Point", "coordinates": [ -79.67323, 36.37496 ] } },
{ "type": "Feature", "properties": { "addr": "1187 N ANDY GRIFFITH PKWY, , MOUNT AIRY, NC 27030" }, "geometry": { "type": "Point", "coordinates": [ -80.62823, 36.52746 ] } },
{ "type": "Feature", "properties": { "addr": "1633 JOHN SMALL AVE, , WASHINGTON, NC 27889" }, "geometry": { "type": "Point", "coordinates": [ -77.02056, 35.54432 ] } },
{ "type": "Feature", "properties": { "addr": "157 DUBLIN SQUARE RD STE K, , ASHEBORO, NC 27203" }, "geometry": { "type": "Point", "coordinates": [ -79.79538, 35.70465 ] } },
{ "type": "Feature", "properties": { "addr": "1231 1ST ST W, , AHOSKIE, NC 27910" }, "geometry": { "type": "Point", "coordinates": [ -76.99554, 36.29297 ] } },
{ "type": "Feature", "properties": { "addr": "1414 20TH AVE SW, MINOT METRO CENTER, MINOT, ND 58701" }, "geometry": { "type": "Point", "coordinates": [ -101.31483, 48.21153 ] } },
{ "type": "Feature", "properties": { "addr": "657 2ND AVE N, RM 320 FED BLDG, FARGO, ND 58102" }, "geometry": { "type": "Point", "coordinates": [ -96.79028, 46.87851 ] } },
{ "type": "Feature", "properties": { "addr": "402 DEMERS AVE, STE 300, GRAND FORKS, ND 58201" }, "geometry": { "type": "Point", "coordinates": [ -97.03193, 47.92421 ] } },
{ "type": "Feature", "properties": { "addr": "4207 BOULDER RIDGE RD, SUITE 100, BISMARCK, ND 58503" }, "geometry": { "type": "Point", "coordinates": [ -100.78686, 46.85226 ] } },
{ "type": "Feature", "properties": { "addr": "300 2ND AVE NE, SUITE 134, JAMESTOWN, ND 58401" }, "geometry": { "type": "Point", "coordinates": [ -98.70707, 46.91115 ] } },
{ "type": "Feature", "properties": { "addr": "221 2ND ST NW, STE 1, DEVILS LAKE, ND 58301" }, "geometry": { "type": "Point", "coordinates": [ -98.86769, 48.10982 ] } },
{ "type": "Feature", "properties": { "addr": "417 CALVARY CIR, , FORT TOTTEN, ND 58335" }, "geometry": { "type": "Point", "coordinates": [ -98.99314, 47.9783 ] } },
{ "type": "Feature", "properties": { "addr": "1306 FRANCIS ST CLAIRE ST, , BELCOURT, ND 58316" }, "geometry": { "type": "Point", "coordinates": [ -99.72289, 48.84562 ] } },
{ "type": "Feature", "properties": { "addr": "822 18TH ST E, , WILLISTON, ND 58802" }, "geometry": { "type": "Point", "coordinates": [ -103.61342, 48.15913 ] } },
{ "type": "Feature", "properties": { "addr": "4906 MONROE ST, SUITE A, TOLEDO, OH 43623" }, "geometry": { "type": "Point", "coordinates": [ -83.63694, 41.69626 ] } },
{ "type": "Feature", "properties": { "addr": "55 W JACKSON ST, , PAINESVILLE, OH 44077" }, "geometry": { "type": "Point", "coordinates": [ -81.24906, 41.72443 ] } },
{ "type": "Feature", "properties": { "addr": "550 MAIN ST, ROOM 2-960, CINCINNATI, OH 45202" }, "geometry": { "type": "Point", "coordinates": [ -84.51002, 39.10277 ] } },
{ "type": "Feature", "properties": { "addr": "1240 E 9TH ST, RM 793 AJC FED BLDG, CLEVELAND, OH 44199" }, "geometry": { "type": "Point", "coordinates": [ -81.69124, 41.50524 ] } },
{ "type": "Feature", "properties": { "addr": "200 NORTH HIGH STREET, ROOM 225 FED BLDG, COLUMBUS, OH 43215" }, "geometry": { "type": "Point", "coordinates": [ -83.00146, 39.96662 ] } },
{ "type": "Feature", "properties": { "addr": "2 S MAIN ST, 2ND FLOOR, AKRON, OH 44308" }, "geometry": { "type": "Point", "coordinates": [ -81.51708, 41.08474 ] } },
{ "type": "Feature", "properties": { "addr": "221 W 5TH ST, , LORAIN, OH 44052" }, "geometry": { "type": "Point", "coordinates": [ -82.17749, 41.46607 ] } },
{ "type": "Feature", "properties": { "addr": "4815 STATE RD, , ASHTABULA, OH 44004" }, "geometry": { "type": "Point", "coordinates": [ -80.77113, 41.86246 ] } },
{ "type": "Feature", "properties": { "addr": "1287 SOUTH TRIMBLE RD, , MANSFIELD, OH 44907" }, "geometry": { "type": "Point", "coordinates": [ -82.54598, 40.72449 ] } },
{ "type": "Feature", "properties": { "addr": "401 WEST NORTH ST, FEDERAL BLDG, STE 101, LIMA, OH 45801" }, "geometry": { "type": "Point", "coordinates": [ -84.10973, 40.74265 ] } },
{ "type": "Feature", "properties": { "addr": "433 N SUMMIT ST, SUITE 1000, TOLEDO, OH 43604" }, "geometry": { "type": "Point", "coordinates": [ -83.53251, 41.65251 ] } },
{ "type": "Feature", "properties": { "addr": "3823 JAMES COURT, , ZANESVILLE, OH 43701" }, "geometry": { "type": "Point", "coordinates": [ -82.02562, 40.00023 ] } },
{ "type": "Feature", "properties": { "addr": "354 E FEDERAL ST, , YOUNGSTOWN, OH 44503" }, "geometry": { "type": "Point", "coordinates": [ -80.6439, 41.09777 ] } },
{ "type": "Feature", "properties": { "addr": "1610 N LIMESTONE ST, , SPRINGFIELD, OH 45503" }, "geometry": { "type": "Point", "coordinates": [ -83.80496, 39.94313 ] } },
{ "type": "Feature", "properties": { "addr": "6553 WINFORD AVENUE, , HAMILTON, OH 45011" }, "geometry": { "type": "Point", "coordinates": [ -84.50938, 39.39236 ] } },
{ "type": "Feature", "properties": { "addr": "301 MCKINLEY AVE SW, SUITE 100, CANTON, OH 44702" }, "geometry": { "type": "Point", "coordinates": [ -81.37909, 40.79706 ] } },
{ "type": "Feature", "properties": { "addr": "921 FOURTH STREET, , PORTSMOUTH, OH 45662" }, "geometry": { "type": "Point", "coordinates": [ -82.99374, 38.73313 ] } },
{ "type": "Feature", "properties": { "addr": "200 W 2ND STREET, FEDERAL BLDG RM 209, DAYTON, OH 45402" }, "geometry": { "type": "Point", "coordinates": [ -84.19604, 39.76032 ] } },
{ "type": "Feature", "properties": { "addr": "258 E MARKET STREET, 1ST FLOOR, WARREN, OH 44481" }, "geometry": { "type": "Point", "coordinates": [ -80.815, 41.23612 ] } },
{ "type": "Feature", "properties": { "addr": "1363 WELLNESS DR, , MARION, OH 43302" }, "geometry": { "type": "Point", "coordinates": [ -83.10745, 40.56266 ] } },
{ "type": "Feature", "properties": { "addr": "743A EAST STATE STREET, , ATHENS, OH 45701" }, "geometry": { "type": "Point", "coordinates": [ -82.07339, 39.33722 ] } },
{ "type": "Feature", "properties": { "addr": "3591 PARK EAST DR, , BEACHWOOD, OH 44122" }, "geometry": { "type": "Point", "coordinates": [ -81.49413, 41.46228 ] } },
{ "type": "Feature", "properties": { "addr": "17513 DETROIT AVE, , LAKEWOOD, OH 44107" }, "geometry": { "type": "Point", "coordinates": [ -81.81819, 41.48507 ] } },
{ "type": "Feature", "properties": { "addr": "500 MARKET STREET, 4TH FL, STEUBENVILLE, OH 43952" }, "geometry": { "type": "Point", "coordinates": [ -80.61682, 40.36049 ] } },
{ "type": "Feature", "properties": { "addr": "252 WAYNE STREET, , SANDUSKY, OH 44870" }, "geometry": { "type": "Point", "coordinates": [ -82.70959, 41.45587 ] } },
{ "type": "Feature", "properties": { "addr": "44 STONERIDGE DRIVE, , CHILLICOTHE, OH 45601" }, "geometry": { "type": "Point", "coordinates": [ -83.03604, 39.34681 ] } },
{ "type": "Feature", "properties": { "addr": "10205 READING RD, , CINCINNATI, OH 45241" }, "geometry": { "type": "Point", "coordinates": [ -84.42514, 39.24934 ] } },
{ "type": "Feature", "properties": { "addr": "273 STADIUM DR, , DEFIANCE, OH 43512" }, "geometry": { "type": "Point", "coordinates": [ -84.3541, 41.30193 ] } },
{ "type": "Feature", "properties": { "addr": "15085 FLAG CITY DR, , FINDLAY, OH 45840" }, "geometry": { "type": "Point", "coordinates": [ -83.59173, 41.05884 ] } },
{ "type": "Feature", "properties": { "addr": "1301 GREENE STREET, , MARIETTA, OH 45750" }, "geometry": { "type": "Point", "coordinates": [ -81.42532, 39.42495 ] } },
{ "type": "Feature", "properties": { "addr": "125 DERBY DOWNS RD, , NEWARK, OH 43055" }, "geometry": { "type": "Point", "coordinates": [ -82.42787, 40.09593 ] } },
{ "type": "Feature", "properties": { "addr": "1260 MONROE ST NW, SUITE 1C, NEW PHILADELPHIA, OH 44663" }, "geometry": { "type": "Point", "coordinates": [ -81.45682, 40.50644 ] } },
{ "type": "Feature", "properties": { "addr": "120 EAST FOURTH STREET, , EAST LIVERPOOL, OH 43920" }, "geometry": { "type": "Point", "coordinates": [ -80.57976, 40.6182 ] } },
{ "type": "Feature", "properties": { "addr": "277 S LOONEY RD, , PIQUA, OH 45356" }, "geometry": { "type": "Point", "coordinates": [ -84.21691, 40.14807 ] } },
{ "type": "Feature", "properties": { "addr": "252 VENTURE PLACE, , LANCASTER, OH 43130" }, "geometry": { "type": "Point", "coordinates": [ -82.62653, 39.7364 ] } },
{ "type": "Feature", "properties": { "addr": "2345 GATEWAY DR, STE B, WOOSTER, OH 44691" }, "geometry": { "type": "Point", "coordinates": [ -81.90527, 40.82639 ] } },
{ "type": "Feature", "properties": { "addr": "611 VERNON STREET, , IRONTON, OH 45638" }, "geometry": { "type": "Point", "coordinates": [ -82.68073, 38.53573 ] } },
{ "type": "Feature", "properties": { "addr": "2166 ROMIG RD, , AKRON, OH 44320" }, "geometry": { "type": "Point", "coordinates": [ -81.58102, 41.05625 ] } },
{ "type": "Feature", "properties": { "addr": "15250 S. WATERLOO RD, , CLEVELAND, OH 44110" }, "geometry": { "type": "Point", "coordinates": [ -81.57499, 41.56731 ] } },
{ "type": "Feature", "properties": { "addr": "18711 MILES ROAD, , WARRENSVILLE HTS, OH 44128" }, "geometry": { "type": "Point", "coordinates": [ -81.5477, 41.43553 ] } },
{ "type": "Feature", "properties": { "addr": "4375 HOOVER AVE, , DAYTON, OH 45417" }, "geometry": { "type": "Point", "coordinates": [ -84.25878, 39.76142 ] } },
{ "type": "Feature", "properties": { "addr": "11601 SHAKER BLVD, , CLEVELAND, OH 44120" }, "geometry": { "type": "Point", "coordinates": [ -81.60226, 41.48426 ] } },
{ "type": "Feature", "properties": { "addr": "4321 LORAIN AVE, SUITE B, , CLEVELAND, OH 44113" }, "geometry": { "type": "Point", "coordinates": [ -81.71595, 41.47936 ] } },
{ "type": "Feature", "properties": { "addr": "7344 PEARL RD, SUITE 101, MIDDLEBURG HTS, OH 44130" }, "geometry": { "type": "Point", "coordinates": [ -81.80704, 41.36597 ] } },
{ "type": "Feature", "properties": { "addr": "1050 HOSPITAL DR, , BATAVIA, OH 45103" }, "geometry": { "type": "Point", "coordinates": [ -84.14853, 39.08138 ] } },
{ "type": "Feature", "properties": { "addr": "3715 TOWNE BLVD, , FRANKLIN, OH 45005" }, "geometry": { "type": "Point", "coordinates": [ -84.32869, 39.50012 ] } },
{ "type": "Feature", "properties": { "addr": "444 ENTERPRISE PKWY, , RAVENNA, OH 44266" }, "geometry": { "type": "Point", "coordinates": [ -81.24686, 41.18046 ] } },
{ "type": "Feature", "properties": { "addr": "80 N PROGRESS DR, , XENIA, OH 45385" }, "geometry": { "type": "Point", "coordinates": [ -83.96184, 39.6909 ] } },
{ "type": "Feature", "properties": { "addr": "4035 N JEFFERSON ST, , MEDINA, OH 44256" }, "geometry": { "type": "Point", "coordinates": [ -81.85759, 41.16453 ] } },
{ "type": "Feature", "properties": { "addr": "745 INNOVATION DRIVE, , BOWLING GREEN, OH 43402" }, "geometry": { "type": "Point", "coordinates": [ -83.60612, 41.36405 ] } },
{ "type": "Feature", "properties": { "addr": "1225 WOODLAWN AVE, SUITE 105, CAMBRIDGE, OH 43725" }, "geometry": { "type": "Point", "coordinates": [ -81.58167, 40.01099 ] } },
{ "type": "Feature", "properties": { "addr": "2455 STATE ROUTE 160, , GALLIPOLIS, OH 45631" }, "geometry": { "type": "Point", "coordinates": [ -82.22856, 38.84489 ] } },
{ "type": "Feature", "properties": { "addr": "2220 ENTERPRISE STREET, , FREMONT, OH 43420" }, "geometry": { "type": "Point", "coordinates": [ -83.11476, 41.37714 ] } },
{ "type": "Feature", "properties": { "addr": "220 S HAMILTON RD, , COLUMBUS, OH 43213" }, "geometry": { "type": "Point", "coordinates": [ -82.87546, 39.97065 ] } },
{ "type": "Feature", "properties": { "addr": "1051 WORTHINGTON WOODS, , WORTHINGTON, OH 43085" }, "geometry": { "type": "Point", "coordinates": [ -82.98919, 40.11888 ] } },
{ "type": "Feature", "properties": { "addr": "1060 GEORGESVILLE ROAD, , COLUMBUS, OH 43228" }, "geometry": { "type": "Point", "coordinates": [ -83.11595, 39.93109 ] } },
{ "type": "Feature", "properties": { "addr": "1610 SW LEE BLVD, , LAWTON, OK 73501" }, "geometry": { "type": "Point", "coordinates": [ -98.41327, 34.59428 ] } },
{ "type": "Feature", "properties": { "addr": "12301 N. KELLEY AVE, , OKLAHOMA CITY, OK 73131" }, "geometry": { "type": "Point", "coordinates": [ -97.49595, 35.59513 ] } },
{ "type": "Feature", "properties": { "addr": "14002 EAST 21ST STREET, SUITE 900, TULSA, OK 74134" }, "geometry": { "type": "Point", "coordinates": [ -95.81967, 36.13338 ] } },
{ "type": "Feature", "properties": { "addr": "506 W UTAH AVE, , CHICKASHA, OK 73018" }, "geometry": { "type": "Point", "coordinates": [ -97.93816, 35.02969 ] } },
{ "type": "Feature", "properties": { "addr": "321 HOLIDAY DRIVE, , ARDMORE, OK 73401" }, "geometry": { "type": "Point", "coordinates": [ -97.16627, 34.17981 ] } },
{ "type": "Feature", "properties": { "addr": "2401 W. SHAWNEE STREET, , MUSKOGEE, OK 74401" }, "geometry": { "type": "Point", "coordinates": [ -95.3942, 35.76954 ] } },
{ "type": "Feature", "properties": { "addr": "2202 N VAN BUREN ST, , ENID, OK 73703" }, "geometry": { "type": "Point", "coordinates": [ -97.89083, 36.4186 ] } },
{ "type": "Feature", "properties": { "addr": "2108 DENVER HARNAR DR, , MIAMI, OK 74354" }, "geometry": { "type": "Point", "coordinates": [ -94.85843, 36.89843 ] } },
{ "type": "Feature", "properties": { "addr": "200 NE 27TH ST, , MOORE, OK 73160" }, "geometry": { "type": "Point", "coordinates": [ -97.49238, 35.36322 ] } },
{ "type": "Feature", "properties": { "addr": "902 S GEORGE NIGH EXPY, , MCALESTER, OK 74501" }, "geometry": { "type": "Point", "coordinates": [ -95.74987, 34.90193 ] } },
{ "type": "Feature", "properties": { "addr": "900 LEISURE LN, , BARTLESVILLE, OK 74006" }, "geometry": { "type": "Point", "coordinates": [ -95.92047, 36.74211 ] } },
{ "type": "Feature", "properties": { "addr": "909 E FEDERAL ST, , SHAWNEE, OK 74804" }, "geometry": { "type": "Point", "coordinates": [ -96.91016, 35.35439 ] } },
{ "type": "Feature", "properties": { "addr": "921 LONNIE ABBOTT BLVD, , ADA, OK 74820" }, "geometry": { "type": "Point", "coordinates": [ -96.66516, 34.7901 ] } },
{ "type": "Feature", "properties": { "addr": "410 OPAL AVE, , CLINTON, OK 73601" }, "geometry": { "type": "Point", "coordinates": [ -98.9662, 35.50682 ] } },
{ "type": "Feature", "properties": { "addr": "406 E HALL OF FAME AVE, STE 150, STILLWATER, OK 74075" }, "geometry": { "type": "Point", "coordinates": [ -97.05358, 36.12696 ] } },
{ "type": "Feature", "properties": { "addr": "121 S 12TH AVE, , DURANT, OK 74701" }, "geometry": { "type": "Point", "coordinates": [ -96.38925, 33.99299 ] } },
{ "type": "Feature", "properties": { "addr": "1306 TARBY RD, , POTEAU, OK 74953" }, "geometry": { "type": "Point", "coordinates": [ -94.62894, 35.09283 ] } },
{ "type": "Feature", "properties": { "addr": "308 CREEK PLACE, , OKMULGEE, OK 74447" }, "geometry": { "type": "Point", "coordinates": [ -95.97546, 35.64211 ] } },
{ "type": "Feature", "properties": { "addr": "SUITE 102 105365 S HWY, , MCLOUD, OK 74851" }, "geometry": { "type": "Point", "coordinates": [ -97.09433, 35.43401 ] } },
{ "type": "Feature", "properties": { "addr": "2025 S GORDON COOPER DR, , SHAWNEE, OK 74801" }, "geometry": { "type": "Point", "coordinates": [ -96.92601, 35.29444 ] } },
{ "type": "Feature", "properties": { "addr": "19600 E ROSS ST, , TAHLEQUAH, OK 74464" }, "geometry": { "type": "Point", "coordinates": [ -94.9501, 35.90815 ] } },
{ "type": "Feature", "properties": { "addr": "11975 SW 2ND ST, SUITE 100, BEAVERTON, OR 97005" }, "geometry": { "type": "Point", "coordinates": [ -122.80002, 45.4851 ] } },
{ "type": "Feature", "properties": { "addr": "401 E 3RD ST, SUITE 110, THE DALLES, OR 97058" }, "geometry": { "type": "Point", "coordinates": [ -121.18065, 45.59981 ] } },
{ "type": "Feature", "properties": { "addr": "1538 SW YAMHILL ST, , PORTLAND, OR 97205" }, "geometry": { "type": "Point", "coordinates": [ -122.68824, 45.52086 ] } },
{ "type": "Feature", "properties": { "addr": "2504 OAKMONT WAY, , EUGENE, OR 97401" }, "geometry": { "type": "Point", "coordinates": [ -123.07303, 44.06482 ] } },
{ "type": "Feature", "properties": { "addr": "1750 MCGILCHRIST ST SE, STE 110, SALEM, OR 97302" }, "geometry": { "type": "Point", "coordinates": [ -123.02469, 44.91621 ] } },
{ "type": "Feature", "properties": { "addr": "2205 COVE AVE, , LA GRANDE, OR 97850" }, "geometry": { "type": "Point", "coordinates": [ -118.07769, 45.32591 ] } },
{ "type": "Feature", "properties": { "addr": "3501 EXCEL DR, SUITE 101, MEDFORD, OR 97504" }, "geometry": { "type": "Point", "coordinates": [ -122.86178, 42.3653 ] } },
{ "type": "Feature", "properties": { "addr": "3661 BROADWAY AVE, , NORTH BEND, OR 97459" }, "geometry": { "type": "Point", "coordinates": [ -124.23929, 43.38786 ] } },
{ "type": "Feature", "properties": { "addr": "1730 NW HUGHWOOD AVE, , ROSEBURG, OR 97471" }, "geometry": { "type": "Point", "coordinates": [ -123.37965, 43.23601 ] } },
{ "type": "Feature", "properties": { "addr": "17925 SE DIVISION ST, , PORTLAND, OR 97236" }, "geometry": { "type": "Point", "coordinates": [ -122.4785, 45.5046 ] } },
{ "type": "Feature", "properties": { "addr": "1830 BLANKENSHIP RD, SUITE 150, WEST LINN, OR 97068" }, "geometry": { "type": "Point", "coordinates": [ -122.65518, 45.35063 ] } },
{ "type": "Feature", "properties": { "addr": "1390 WAVERLY DRIVE SE, SUITE 110, ALBANY, OR 97322" }, "geometry": { "type": "Point", "coordinates": [ -123.07322, 44.62893 ] } },
{ "type": "Feature", "properties": { "addr": "908 SE 5TH AVENUE, , ONTARIO, OR 97914" }, "geometry": { "type": "Point", "coordinates": [ -116.95322, 44.02117 ] } },
{ "type": "Feature", "properties": { "addr": "1229 SE 3RD STREET, SUITE 100, PENDLETON, OR 97801" }, "geometry": { "type": "Point", "coordinates": [ -118.78036, 45.66648 ] } },
{ "type": "Feature", "properties": { "addr": "1479 SE DISCOVERY LN, STE 104, WARRENTON, OR 97146" }, "geometry": { "type": "Point", "coordinates": [ -123.91513, 46.14861 ] } },
{ "type": "Feature", "properties": { "addr": "250 NW FRANKLIN AVE, SUITE 201, BEND, OR 97703" }, "geometry": { "type": "Point", "coordinates": [ -121.31067, 44.05618 ] } },
{ "type": "Feature", "properties": { "addr": "355 TIMBERMILL DR SUITE 110, , KLAMATH FALLS, OR 97601" }, "geometry": { "type": "Point", "coordinates": [ -121.78379, 42.22105 ] } },
{ "type": "Feature", "properties": { "addr": "201 SWAN AVE, , SILETZ, OR 97380" }, "geometry": { "type": "Point", "coordinates": [ -123.91951, 44.7202 ] } },
{ "type": "Feature", "properties": { "addr": "1233 VETERANS STREET, , WARM SPRINGS, OR 97761" }, "geometry": { "type": "Point", "coordinates": [ -121.27424, 44.7585 ] } },
{ "type": "Feature", "properties": { "addr": "2133 NE 29TH AVE, , LINCOLN CITY‚Ä†, OR 97367" }, "geometry": { "type": "Point", "coordinates": [ -124.00529, 44.9866 ] } },
{ "type": "Feature", "properties": { "addr": "19063 PARK AVE PLAZA, , MEADVILLE, PA 16335" }, "geometry": { "type": "Point", "coordinates": [ -80.15983, 41.62335 ] } },
{ "type": "Feature", "properties": { "addr": "3336 S BROAD STREET, STADIUM PLAZA, PHILADELPHIA, PA 19145" }, "geometry": { "type": "Point", "coordinates": [ -75.17343, 39.90886 ] } },
{ "type": "Feature", "properties": { "addr": "700 MARKET ST, , BLOOMSBURG, PA 17815" }, "geometry": { "type": "Point", "coordinates": [ -76.45388, 40.99729 ] } },
{ "type": "Feature", "properties": { "addr": "3400 ARAMINGO AVE, IMPERIAL PLAZA UNIT 10, PHILADELPHIA, PA 19134" }, "geometry": { "type": "Point", "coordinates": [ -75.10077, 39.99148 ] } },
{ "type": "Feature", "properties": { "addr": "1500 JOHN F KENNEDY BLVD, 2 PENN CTR 20TH FLR STE 2000A, PHILADELPHIA, PA 19102" }, "geometry": { "type": "Point", "coordinates": [ -75.16568, 39.95368 ] } },
{ "type": "Feature", "properties": { "addr": "700 GRANT ST, RM 1204, PITTSBURGH, PA 15219" }, "geometry": { "type": "Point", "coordinates": [ -79.99436, 40.44299 ] } },
{ "type": "Feature", "properties": { "addr": "300 LACKAWANNA AVE, SUITE 117 THE MARKETPLACE AT STEAMTOWN, SCRANTON, PA 18503" }, "geometry": { "type": "Point", "coordinates": [ -75.66817, 41.40797 ] } },
{ "type": "Feature", "properties": { "addr": "201 PENN ST, STE 200, READING, PA 19601" }, "geometry": { "type": "Point", "coordinates": [ -75.93322, 40.33541 ] } },
{ "type": "Feature", "properties": { "addr": "555 WALNUT STREET, SUITE 810, HARRISBURG, PA 17101" }, "geometry": { "type": "Point", "coordinates": [ -76.8796, 40.26448 ] } },
{ "type": "Feature", "properties": { "addr": "717 STATE ST, HIGHMARK BLDG STE 500, ERIE, PA 16501" }, "geometry": { "type": "Point", "coordinates": [ -80.08405, 42.12772 ] } },
{ "type": "Feature", "properties": { "addr": "88 S LAUREL ST, , HAZLETON, PA 18201" }, "geometry": { "type": "Point", "coordinates": [ -75.97678, 40.95191 ] } },
{ "type": "Feature", "properties": { "addr": "303 CAYUGA AVE, , ALTOONA, PA 16602" }, "geometry": { "type": "Point", "coordinates": [ -78.40312, 40.49104 ] } },
{ "type": "Feature", "properties": { "addr": "1808 COLONIAL VILLAGE LN, SUITE 101, LANCASTER, PA 17601" }, "geometry": { "type": "Point", "coordinates": [ -76.24833, 40.04824 ] } },
{ "type": "Feature", "properties": { "addr": "41 N 4TH ST, , ALLENTOWN, PA 18102" }, "geometry": { "type": "Point", "coordinates": [ -75.46581, 40.60485 ] } },
{ "type": "Feature", "properties": { "addr": "1708 WILMINGTON RD, , NEW CASTLE, PA 16105" }, "geometry": { "type": "Point", "coordinates": [ -80.35421, 41.01808 ] } },
{ "type": "Feature", "properties": { "addr": "80 REGINA DR, , CRANBERRY, PA 16319" }, "geometry": { "type": "Point", "coordinates": [ -79.71621, 41.34974 ] } },
{ "type": "Feature", "properties": { "addr": "627 PITTSBURGH ROAD, SUITE 1, UNIONTOWN, PA 15401" }, "geometry": { "type": "Point", "coordinates": [ -79.72682, 39.92469 ] } },
{ "type": "Feature", "properties": { "addr": "7 N WILKES BARRE BLVD, STEGMAIER BLDG, ST 102, WILKES BARRE, PA 18702" }, "geometry": { "type": "Point", "coordinates": [ -75.87798, 41.24227 ] } },
{ "type": "Feature", "properties": { "addr": "334 WASHINGTON ST, SUITE 225, JOHNSTOWN, PA 15901" }, "geometry": { "type": "Point", "coordinates": [ -78.91962, 40.32777 ] } },
{ "type": "Feature", "properties": { "addr": "240 WEST 3RD ST, SUITE 100, WILLIAMSPORT, PA 17701" }, "geometry": { "type": "Point", "coordinates": [ -77.00532, 41.23907 ] } },
{ "type": "Feature", "properties": { "addr": "2670 INDUSTRIAL HWY, SUITE 2, YORK, PA 17402" }, "geometry": { "type": "Point", "coordinates": [ -76.6775, 39.97936 ] } },
{ "type": "Feature", "properties": { "addr": "807 CROSBY STREET, , CHESTER, PA 19013" }, "geometry": { "type": "Point", "coordinates": [ -75.35913, 39.85286 ] } },
{ "type": "Feature", "properties": { "addr": "701 EAST CHELTEN AVE, , PHILADELPHIA, PA 19144" }, "geometry": { "type": "Point", "coordinates": [ -75.16592, 40.04446 ] } },
{ "type": "Feature", "properties": { "addr": "9300 ASHTON RD, UNIT 4, PHILADELPHIA, PA 19114" }, "geometry": { "type": "Point", "coordinates": [ -75.01806, 40.06718 ] } },
{ "type": "Feature", "properties": { "addr": "2221 W MARKET STREET, SUITE 200, POTTSVILLE, PA 17901" }, "geometry": { "type": "Point", "coordinates": [ -76.22674, 40.6746 ] } },
{ "type": "Feature", "properties": { "addr": "540 5TH AVE, , MCKEESPORT, PA 15132" }, "geometry": { "type": "Point", "coordinates": [ -79.86039, 40.35133 ] } },
{ "type": "Feature", "properties": { "addr": "350 LOGAN LN, , BADEN, PA 15005" }, "geometry": { "type": "Point", "coordinates": [ -80.22771, 40.62644 ] } },
{ "type": "Feature", "properties": { "addr": "122 W 3RD STREET, , GREENSBURG, PA 15601" }, "geometry": { "type": "Point", "coordinates": [ -79.54609, 40.29978 ] } },
{ "type": "Feature", "properties": { "addr": "1721 UNION AVE, , NATRONA HEIGHTS, PA 15065" }, "geometry": { "type": "Point", "coordinates": [ -79.72426, 40.62256 ] } },
{ "type": "Feature", "properties": { "addr": "95 W BEAU ST, SUITE 515, WASHINGTON, PA 15301" }, "geometry": { "type": "Point", "coordinates": [ -80.24747, 40.17057 ] } },
{ "type": "Feature", "properties": { "addr": "1700 MARKLEY ST, SUITE 120, NORRISTOWN, PA 19401" }, "geometry": { "type": "Point", "coordinates": [ -75.3338, 40.13224 ] } },
{ "type": "Feature", "properties": { "addr": "302 LIBERTY BLVD, , DUBOIS, PA 15801" }, "geometry": { "type": "Point", "coordinates": [ -78.75903, 41.12082 ] } },
{ "type": "Feature", "properties": { "addr": "134 S FOURTH ST, , EASTON, PA 18042" }, "geometry": { "type": "Point", "coordinates": [ -75.2109, 40.68865 ] } },
{ "type": "Feature", "properties": { "addr": "4240 MARKET STREET, , PHILADELPHIA, PA 19104" }, "geometry": { "type": "Point", "coordinates": [ -75.20765, 39.95782 ] } },
{ "type": "Feature", "properties": { "addr": "6117 STATION ST, , PITTSBURGH, PA 15206" }, "geometry": { "type": "Point", "coordinates": [ -79.92149, 40.46298 ] } },
{ "type": "Feature", "properties": { "addr": "2380 GARDEN WAY, , HERMITAGE, PA 16148" }, "geometry": { "type": "Point", "coordinates": [ -80.46477, 41.23721 ] } },
{ "type": "Feature", "properties": { "addr": "150 SUSQ VLY MALL DR, , SELINSGROVE, PA 17870" }, "geometry": { "type": "Point", "coordinates": [ -76.86472, 40.80333 ] } },
{ "type": "Feature", "properties": { "addr": "444 LINCOLN HWY, , FAIRLESS HILLS, PA 19030" }, "geometry": { "type": "Point", "coordinates": [ -74.83467, 40.19057 ] } },
{ "type": "Feature", "properties": { "addr": "50 N THIRD STREET, , CHAMBERSBURG, PA 17201" }, "geometry": { "type": "Point", "coordinates": [ -77.65686, 39.93798 ] } },
{ "type": "Feature", "properties": { "addr": "901 UNIVERSITY DR, SUITE 2, STATE COLLEGE, PA 16801" }, "geometry": { "type": "Point", "coordinates": [ -77.84563, 40.79784 ] } },
{ "type": "Feature", "properties": { "addr": "1101 WEST CHESTER PIKE, , WEST CHESTER, PA 19382" }, "geometry": { "type": "Point", "coordinates": [ -75.57563, 39.96844 ] } },
{ "type": "Feature", "properties": { "addr": "1265 WAYNE AVE, SUITE 310 PROF CENTER, INDIANA, PA 15701" }, "geometry": { "type": "Point", "coordinates": [ -79.16358, 40.60271 ] } },
{ "type": "Feature", "properties": { "addr": "102 WOODY DR, , BUTLER, PA 16001" }, "geometry": { "type": "Point", "coordinates": [ -79.90901, 40.85474 ] } },
{ "type": "Feature", "properties": { "addr": "600 ISABEL DRIVE, SUITE 1, , LEBANON, PA 17042" }, "geometry": { "type": "Point", "coordinates": [ -76.42045, 40.3145 ] } },
{ "type": "Feature", "properties": { "addr": "800 PLAZA DR, SUITE 320, ROSTRAVER TWP, PA 15012" }, "geometry": { "type": "Point", "coordinates": [ -79.81325, 40.18694 ] } },
{ "type": "Feature", "properties": { "addr": "8645 WEST CHESTER PIKE, , UPPER DARBY, PA 19082" }, "geometry": { "type": "Point", "coordinates": [ -75.28574, 39.96699 ] } },
{ "type": "Feature", "properties": { "addr": "2929 NORTH BROAD ST, , PHILADELPHIA, PA 19132" }, "geometry": { "type": "Point", "coordinates": [ -75.15344, 39.99895 ] } },
{ "type": "Feature", "properties": { "addr": "650 WASHINGTON ROAD, SUITE 120, PITTSBURGH, PA 15228" }, "geometry": { "type": "Point", "coordinates": [ -80.04437, 40.38118 ] } },
{ "type": "Feature", "properties": { "addr": "200 S SPRING GARDEN ST, SUITE 1, CARLISLE, PA 17013" }, "geometry": { "type": "Point", "coordinates": [ -77.18141, 40.19778 ] } },
{ "type": "Feature", "properties": { "addr": "208 WEST 3RD STREET, , LEWISTOWN, PA 17044" }, "geometry": { "type": "Point", "coordinates": [ -77.57881, 40.59655 ] } },
{ "type": "Feature", "properties": { "addr": "9090 FRANKLIN HILL RD, SUITE 101, EAST STROUDSBURG, PA 18301" }, "geometry": { "type": "Point", "coordinates": [ -75.13743, 41.03647 ] } },
{ "type": "Feature", "properties": { "addr": "3450 HIGH POINT BLVD, SUITE 180, BETHLEHEM, PA 18017" }, "geometry": { "type": "Point", "coordinates": [ -75.41649, 40.65971 ] } },
{ "type": "Feature", "properties": { "addr": "300 OXFORD DR, SUITE 100, MONROEVILLE, PA 15146" }, "geometry": { "type": "Point", "coordinates": [ -79.78648, 40.43073 ] } },
{ "type": "Feature", "properties": { "addr": "80 ROBINSON ST, , POTTSTOWN, PA 19464" }, "geometry": { "type": "Point", "coordinates": [ -75.6599, 40.25664 ] } },
{ "type": "Feature", "properties": { "addr": "1 ELIZABETH STREET, SUITE 1, TOWANDA, PA 18848" }, "geometry": { "type": "Point", "coordinates": [ -76.44272, 41.76345 ] } },
{ "type": "Feature", "properties": { "addr": "159 BUTLER RD, HIGHLAND BUS.CTR STE 1, KITTANNING, PA 16201" }, "geometry": { "type": "Point", "coordinates": [ -79.5263, 40.80572 ] } },
{ "type": "Feature", "properties": { "addr": "ONE EMPIRE PLAZA, 6TH FLOOR, PROVIDENCE, RI 02903" }, "geometry": { "type": "Point", "coordinates": [ -71.41615, 41.82162 ] } },
{ "type": "Feature", "properties": { "addr": "2168 DIAMOND HILL ROAD, PAVILION PLAZA, WOONSOCKET, RI 02895" }, "geometry": { "type": "Point", "coordinates": [ -71.46665, 42.01465 ] } },
{ "type": "Feature", "properties": { "addr": "4 PLEASANT ST, , PAWTUCKET, RI 02860" }, "geometry": { "type": "Point", "coordinates": [ -71.38529, 41.87528 ] } },
{ "type": "Feature", "properties": { "addr": "30 QUAKER LANE, FIRST FLOOR, WARWICK, RI 02886" }, "geometry": { "type": "Point", "coordinates": [ -71.50145, 41.69427 ] } },
{ "type": "Feature", "properties": { "addr": "130 BELLEVUE AVE, 1ST FLR, NEWPORT, RI 02840" }, "geometry": { "type": "Point", "coordinates": [ -71.30864, 41.48468 ] } },
{ "type": "Feature", "properties": { "addr": "1835 ASSEMBLY ST, 11FL STHURMOND FED BLD, COLUMBIA, SC 29201" }, "geometry": { "type": "Point", "coordinates": [ -81.03938, 34.0098 ] } },
{ "type": "Feature", "properties": { "addr": "145 N CHURCH ST, STE 300, SPARTANBURG, SC 29306" }, "geometry": { "type": "Point", "coordinates": [ -81.9322, 34.95071 ] } },
{ "type": "Feature", "properties": { "addr": "1463 TOBIAS GADSON BLVD, , CHARLESTON, SC 29407" }, "geometry": { "type": "Point", "coordinates": [ -80.03036, 32.81006 ] } },
{ "type": "Feature", "properties": { "addr": "319 PELHAM RD, , GREENVILLE, SC 29615" }, "geometry": { "type": "Point", "coordinates": [ -82.34233, 34.86322 ] } },
{ "type": "Feature", "properties": { "addr": "181 DOZIER BLVD, , FLORENCE, SC 29501" }, "geometry": { "type": "Point", "coordinates": [ -79.81294, 34.19113 ] } },
{ "type": "Feature", "properties": { "addr": "499 LAKESHORE PKWY, , ROCK HILL, SC 29730" }, "geometry": { "type": "Point", "coordinates": [ -81.00177, 34.9314 ] } },
{ "type": "Feature", "properties": { "addr": "115 ENTERPRISE COURT, STE C, GREENWOOD, SC 29649" }, "geometry": { "type": "Point", "coordinates": [ -82.16486, 34.2163 ] } },
{ "type": "Feature", "properties": { "addr": "4 CIVIC CTR BLVD EXT, , ANDERSON, SC 29625" }, "geometry": { "type": "Point", "coordinates": [ -82.67592, 34.53845 ] } },
{ "type": "Feature", "properties": { "addr": "1028 CHERAW ST, , BENNETTSVILLE, SC 29512" }, "geometry": { "type": "Point", "coordinates": [ -79.69803, 34.63425 ] } },
{ "type": "Feature", "properties": { "addr": "611 BURROUGHS AND CHAPIN BLVD, STE 301, MYRTLE BEACH, SC 29577" }, "geometry": { "type": "Point", "coordinates": [ -78.87452, 33.7144 ] } },
{ "type": "Feature", "properties": { "addr": "413 KING ST, , GEORGETOWN, SC 29440" }, "geometry": { "type": "Point", "coordinates": [ -79.28206, 33.37222 ] } },
{ "type": "Feature", "properties": { "addr": "1379 SIMS ST, , ORANGEBURG, SC 29115" }, "geometry": { "type": "Point", "coordinates": [ -80.86306, 33.51189 ] } },
{ "type": "Feature", "properties": { "addr": "240 N BULTMAN DR, , SUMTER, SC 29150" }, "geometry": { "type": "Point", "coordinates": [ -80.36949, 33.94849 ] } },
{ "type": "Feature", "properties": { "addr": "151 CORPORATE PKWY, , AIKEN, SC 29803" }, "geometry": { "type": "Point", "coordinates": [ -81.71334, 33.5201 ] } },
{ "type": "Feature", "properties": { "addr": "646 ROBERT SMALLS PKWY, , BEAUFORT, SC 29906" }, "geometry": { "type": "Point", "coordinates": [ -80.75402, 32.4089 ] } },
{ "type": "Feature", "properties": { "addr": "292 PROFESSIONAL PARK RD, , CLINTON, SC 29325" }, "geometry": { "type": "Point", "coordinates": [ -81.93487, 34.48121 ] } },
{ "type": "Feature", "properties": { "addr": "502 ROBERTSON BLVD, , WALTERBORO, SC 29488" }, "geometry": { "type": "Point", "coordinates": [ -80.67022, 32.92175 ] } },
{ "type": "Feature", "properties": { "addr": "1005 OSCEOLA ST, , MYRTLE BEACH, SC 29577" }, "geometry": { "type": "Point", "coordinates": [ -78.89305, 33.70725 ] } },
{ "type": "Feature", "properties": { "addr": "2754 AGNES LN, , MYRTLE BEACH, SC 29577" }, "geometry": { "type": "Point", "coordinates": [ -78.88851, 33.691 ] } },
{ "type": "Feature", "properties": { "addr": "5021 S NEVADA AVE, , SIOUX FALLS, SD 57108" }, "geometry": { "type": "Point", "coordinates": [ -96.7754, 43.49886 ] } },
{ "type": "Feature", "properties": { "addr": "115 4TH AVE SE, ROOM 111 FEDERAL BLDG, ABERDEEN, SD 57401" }, "geometry": { "type": "Point", "coordinates": [ -98.48578, 45.46113 ] } },
{ "type": "Feature", "properties": { "addr": "2200 NORTH MAPLE AVE, STE 301, RAPID CITY, SD 57701" }, "geometry": { "type": "Point", "coordinates": [ -103.21233, 44.10726 ] } },
{ "type": "Feature", "properties": { "addr": "200 4TH STREET SW, ROOM 105 FEDERAL BLDG, HURON, SD 57350" }, "geometry": { "type": "Point", "coordinates": [ -98.21789, 44.36201 ] } },
{ "type": "Feature", "properties": { "addr": "514 JENSON AVE SE, , WATERTOWN, SD 57201" }, "geometry": { "type": "Point", "coordinates": [ -97.10794, 44.88871 ] } },
{ "type": "Feature", "properties": { "addr": "1818 BROADWAY AVE, SUITE 2, YANKTON, SD 57078" }, "geometry": { "type": "Point", "coordinates": [ -97.39666, 42.88672 ] } },
{ "type": "Feature", "properties": { "addr": "225 S PIERRE ST, RM 221 FED BLDG, PIERRE, SD 57501" }, "geometry": { "type": "Point", "coordinates": [ -100.35316, 44.36722 ] } },
{ "type": "Feature", "properties": { "addr": "BIA 1 SOLDIER CREEK, , ROSEBUD, SD 57570" }, "geometry": { "type": "Point", "coordinates": [ -100.85388, 43.25543 ] } },
{ "type": "Feature", "properties": { "addr": "1323 BIA ROUTE 4, PO BOX 200, FORT THOMPSON, SD 57339" }, "geometry": { "type": "Point", "coordinates": [ -99.39404, 44.04147 ] } },
{ "type": "Feature", "properties": { "addr": "PO BOX 540, , KYLE, SD 57752" }, "geometry": { "type": "Point", "coordinates": [ -102.11069, 43.44363 ] } },
{ "type": "Feature", "properties": { "addr": "EAST HIGHWAY 18, , PINE RIDGE, SD 57770" }, "geometry": { "type": "Point", "coordinates": [ -102.87688, 43.18835 ] } },
{ "type": "Feature", "properties": { "addr": "100 CLINIC DRIVE, , WANBLEE, SD 57577" }, "geometry": { "type": "Point", "coordinates": [ -101.66171, 43.56962 ] } },
{ "type": "Feature", "properties": { "addr": "3461 SOUTH THIRD ST, , MEMPHIS, TN 38109" }, "geometry": { "type": "Point", "coordinates": [ -90.06054, 35.05356 ] } },
{ "type": "Feature", "properties": { "addr": "637 COMMONS DRIVE, , GALLATIN, TN 37066" }, "geometry": { "type": "Point", "coordinates": [ -86.45903, 36.37755 ] } },
{ "type": "Feature", "properties": { "addr": "120 ATHENS WAY, , NASHVILLE, TN 37228" }, "geometry": { "type": "Point", "coordinates": [ -86.79852, 36.19795 ] } },
{ "type": "Feature", "properties": { "addr": "1330 MONROE AVENUE, , MEMPHIS, TN 38104" }, "geometry": { "type": "Point", "coordinates": [ -90.01689, 35.13795 ] } },
{ "type": "Feature", "properties": { "addr": "9031 CROSS PARK DR, , KNOXVILLE, TN 37923" }, "geometry": { "type": "Point", "coordinates": [ -84.08151, 35.92408 ] } },
{ "type": "Feature", "properties": { "addr": "1290 PREMIER DR, SUITE 140, CHATTANOOGA, TN 37421" }, "geometry": { "type": "Point", "coordinates": [ -85.1903, 35.01507 ] } },
{ "type": "Feature", "properties": { "addr": "1885 SHADY BROOK ST, , COLUMBIA, TN 38401" }, "geometry": { "type": "Point", "coordinates": [ -87.05741, 35.60113 ] } },
{ "type": "Feature", "properties": { "addr": "1070 VENDALL RD, , DYERSBURG, TN 38024" }, "geometry": { "type": "Point", "coordinates": [ -89.39824, 36.06053 ] } },
{ "type": "Feature", "properties": { "addr": "415 CHEYENNE DR, , JACKSON, TN 38305" }, "geometry": { "type": "Point", "coordinates": [ -88.83506, 35.69892 ] } },
{ "type": "Feature", "properties": { "addr": "818 SUNSET DRIVE, SUITE 203, JOHNSON CITY, TN 37604" }, "geometry": { "type": "Point", "coordinates": [ -82.38721, 36.33475 ] } },
{ "type": "Feature", "properties": { "addr": "1145 PERIMETER PARK DR, , COOKEVILLE, TN 38501" }, "geometry": { "type": "Point", "coordinates": [ -85.48079, 36.14756 ] } },
{ "type": "Feature", "properties": { "addr": "119 CENTER POINTE DR, , CLARKSVILLE, TN 37040" }, "geometry": { "type": "Point", "coordinates": [ -87.30741, 36.56975 ] } },
{ "type": "Feature", "properties": { "addr": "1618 OLD TUSCULUM ROAD, , GREENEVILLE, TN 37745" }, "geometry": { "type": "Point", "coordinates": [ -82.79253, 36.17213 ] } },
{ "type": "Feature", "properties": { "addr": "3112 MILLERS POINT DR, , MORRISTOWN, TN 37813" }, "geometry": { "type": "Point", "coordinates": [ -83.25331, 36.22668 ] } },
{ "type": "Feature", "properties": { "addr": "717 KINGS LANE, , TULLAHOMA, TN 37388" }, "geometry": { "type": "Point", "coordinates": [ -86.22096, 35.3826 ] } },
{ "type": "Feature", "properties": { "addr": "2836 SAINT PATRICK CT, , MURFREESBORO, TN 37128" }, "geometry": { "type": "Point", "coordinates": [ -86.44759, 35.84161 ] } },
{ "type": "Feature", "properties": { "addr": "2401 SOUTH WILCOX DR, , KINGSPORT, TN 37660" }, "geometry": { "type": "Point", "coordinates": [ -82.55763, 36.50796 ] } },
{ "type": "Feature", "properties": { "addr": "140 SHARP AND PERKINS RD, , JACKSBORO, TN 37757" }, "geometry": { "type": "Point", "coordinates": [ -84.19142, 36.32799 ] } },
{ "type": "Feature", "properties": { "addr": "529 INMAN ST W, , CLEVELAND, TN 37311" }, "geometry": { "type": "Point", "coordinates": [ -84.88119, 35.16209 ] } },
{ "type": "Feature", "properties": { "addr": "186 COMMERCE ST, , PARIS, TN 38242" }, "geometry": { "type": "Point", "coordinates": [ -88.30932, 36.29064 ] } },
{ "type": "Feature", "properties": { "addr": "565 OAK RIDGE TPKE, , OAK RIDGE, TN 37830" }, "geometry": { "type": "Point", "coordinates": [ -84.22697, 36.03249 ] } },
{ "type": "Feature", "properties": { "addr": "1800 OLD TROY RD, , UNION CITY, TN 38261" }, "geometry": { "type": "Point", "coordinates": [ -89.0776, 36.41608 ] } },
{ "type": "Feature", "properties": { "addr": "109 E TAYLOR STREET, , LAWRENCEBURG, TN 38464" }, "geometry": { "type": "Point", "coordinates": [ -87.33479, 35.23935 ] } },
{ "type": "Feature", "properties": { "addr": "900 SPARTA ST, , MCMINNVILLE, TN 37110" }, "geometry": { "type": "Point", "coordinates": [ -85.7622, 35.68783 ] } },
{ "type": "Feature", "properties": { "addr": "140 CUDE LANE, , MADISON, TN 37115" }, "geometry": { "type": "Point", "coordinates": [ -86.69441, 36.29776 ] } },
{ "type": "Feature", "properties": { "addr": "3602 AUSTIN PEAY HWY, , MEMPHIS, TN 38128" }, "geometry": { "type": "Point", "coordinates": [ -89.90667, 35.22366 ] } },
{ "type": "Feature", "properties": { "addr": "921 CONGRESS PKWY N, , ATHENS, TN 37303" }, "geometry": { "type": "Point", "coordinates": [ -84.59387, 35.47878 ] } },
{ "type": "Feature", "properties": { "addr": "661 MULBERRY AVE, , SELMER, TN 38375" }, "geometry": { "type": "Point", "coordinates": [ -88.57691, 35.15261 ] } },
{ "type": "Feature", "properties": { "addr": "727 E CESAR CHAVEZ, RM 701 7TH FLOOR, SAN ANTONIO, TX 78206" }, "geometry": { "type": "Point", "coordinates": [ -98.48485, 29.4172 ] } },
{ "type": "Feature", "properties": { "addr": "5508 US-290 W, BLDG B, AUSTIN, TX 78735" }, "geometry": { "type": "Point", "coordinates": [ -97.84211, 30.23714 ] } },
{ "type": "Feature", "properties": { "addr": "1013 BUSINESS PARK DR, , MISSION, TX 78572" }, "geometry": { "type": "Point", "coordinates": [ -98.31843, 26.1955 ] } },
{ "type": "Feature", "properties": { "addr": "5735 SUMMERHILL RD., , TEXARKANA, TX 75503" }, "geometry": { "type": "Point", "coordinates": [ -94.07032, 33.47569 ] } },
{ "type": "Feature", "properties": { "addr": "1029 CAMINO LA COSTA, , AUSTIN, TX 78752" }, "geometry": { "type": "Point", "coordinates": [ -97.70036, 30.32499 ] } },
{ "type": "Feature", "properties": { "addr": "10824 N.CENTRAL EXPWY, , DALLAS, TX 75231" }, "geometry": { "type": "Point", "coordinates": [ -96.7687, 32.89546 ] } },
{ "type": "Feature", "properties": { "addr": "402 ISOM RD, , SAN ANTONIO, TX 78216" }, "geometry": { "type": "Point", "coordinates": [ -98.49505, 29.52644 ] } },
{ "type": "Feature", "properties": { "addr": "13302 WESTHEIMER RD, , HOUSTON, TX 77077" }, "geometry": { "type": "Point", "coordinates": [ -95.62445, 29.73597 ] } },
{ "type": "Feature", "properties": { "addr": "11111 GATEWAY W BLVD, , EL PASO, TX 79935" }, "geometry": { "type": "Point", "coordinates": [ -106.33062, 31.74392 ] } },
{ "type": "Feature", "properties": { "addr": "8455 DISHMAN RD, SUITE A, BEAUMONT, TX 77713" }, "geometry": { "type": "Point", "coordinates": [ -94.19148, 30.09571 ] } },
{ "type": "Feature", "properties": { "addr": "5509 S DONNYBROOK AVE, , TYLER, TX 75703" }, "geometry": { "type": "Point", "coordinates": [ -95.29684, 32.29476 ] } },
{ "type": "Feature", "properties": { "addr": "4750 CANYON DR, , AMARILLO, TX 79109" }, "geometry": { "type": "Point", "coordinates": [ -101.87879, 35.15652 ] } },
{ "type": "Feature", "properties": { "addr": "819 TAYLOR ST, RM 1-A-07 FEDERAL BLDG, FORT WORTH, TX 76102" }, "geometry": { "type": "Point", "coordinates": [ -97.33202, 32.75058 ] } },
{ "type": "Feature", "properties": { "addr": "40 W TWOHIG, STE 100 1ST FLR SPUR BLDG, SAN ANGELO, TX 76903" }, "geometry": { "type": "Point", "coordinates": [ -100.44023, 31.46527 ] } },
{ "type": "Feature", "properties": { "addr": "4314 WENDOVER ST, , WICHITA FALLS, TX 76309" }, "geometry": { "type": "Point", "coordinates": [ -98.55479, 33.87837 ] } },
{ "type": "Feature", "properties": { "addr": "3115 CENTRAL BLVD, , BROWNSVILLE, TX 78520" }, "geometry": { "type": "Point", "coordinates": [ -97.50722, 25.94592 ] } },
{ "type": "Feature", "properties": { "addr": "3801 S PORT AVE, , CORPUS CHRISTI, TX 78415" }, "geometry": { "type": "Point", "coordinates": [ -97.42012, 27.75775 ] } },
{ "type": "Feature", "properties": { "addr": "1700 LAKE AIR DR, STE A, WACO, TX 76710" }, "geometry": { "type": "Point", "coordinates": [ -97.1901, 31.53936 ] } },
{ "type": "Feature", "properties": { "addr": "5825 16TH STREET, , LUBBOCK, TX 79416" }, "geometry": { "type": "Point", "coordinates": [ -101.9414, 33.58058 ] } },
{ "type": "Feature", "properties": { "addr": "2835 GULF FRWY SOUTH, , LEAGUE CITY, TX 77573" }, "geometry": { "type": "Point", "coordinates": [ -95.09353, 29.46877 ] } },
{ "type": "Feature", "properties": { "addr": "1202 E SOUTH 11TH ST, , ABILENE, TX 79602" }, "geometry": { "type": "Point", "coordinates": [ -99.70364, 32.43738 ] } },
{ "type": "Feature", "properties": { "addr": "8208 9TH AVE, , PORT ARTHUR, TX 77642" }, "geometry": { "type": "Point", "coordinates": [ -93.98112, 29.94935 ] } },
{ "type": "Feature", "properties": { "addr": "2805 PINE MILL ROAD, , PARIS, TX 75460" }, "geometry": { "type": "Point", "coordinates": [ -95.52431, 33.66655 ] } },
{ "type": "Feature", "properties": { "addr": "501 BIRDWELL LN, STE 3, BIG SPRING, TX 79720" }, "geometry": { "type": "Point", "coordinates": [ -101.45341, 32.25694 ] } },
{ "type": "Feature", "properties": { "addr": "702 EAST DENMAN, , LUFKIN, TX 75901" }, "geometry": { "type": "Point", "coordinates": [ -94.72076, 31.32945 ] } },
{ "type": "Feature", "properties": { "addr": "2015 E 37TH ST, , ODESSA, TX 79762" }, "geometry": { "type": "Point", "coordinates": [ -102.35264, 31.88653 ] } },
{ "type": "Feature", "properties": { "addr": "611 CLINIC DR, , LONGVIEW, TX 75605" }, "geometry": { "type": "Point", "coordinates": [ -94.73378, 32.53736 ] } },
{ "type": "Feature", "properties": { "addr": "2120 W BRIARGATE DR, , BRYAN, TX 77802" }, "geometry": { "type": "Point", "coordinates": [ -96.34093, 30.67042 ] } },
{ "type": "Feature", "properties": { "addr": "600 EAST PEYTON, , SHERMAN, TX 75090" }, "geometry": { "type": "Point", "coordinates": [ -96.60807, 33.65831 ] } },
{ "type": "Feature", "properties": { "addr": "511 NORTH MAIN, , TEMPLE, TX 76501" }, "geometry": { "type": "Point", "coordinates": [ -97.33922, 31.10189 ] } },
{ "type": "Feature", "properties": { "addr": "8208 NE ZAC LENTZ PKWY, , VICTORIA, TX 77904" }, "geometry": { "type": "Point", "coordinates": [ -97.00451, 28.8636 ] } },
{ "type": "Feature", "properties": { "addr": "215 CALLE DEL NORTE, , LAREDO, TX 78041" }, "geometry": { "type": "Point", "coordinates": [ -99.49283, 27.55529 ] } },
{ "type": "Feature", "properties": { "addr": "3004 N MCCOLL RD, , MCALLEN, TX 78501" }, "geometry": { "type": "Point", "coordinates": [ -98.20817, 26.22848 ] } },
{ "type": "Feature", "properties": { "addr": "300 EARLY BLVD, STE 28, EARLY, TX 76802" }, "geometry": { "type": "Point", "coordinates": [ -98.96115, 31.73815 ] } },
{ "type": "Feature", "properties": { "addr": "221 S 45TH ST, , CORSICANA, TX 75110" }, "geometry": { "type": "Point", "coordinates": [ -96.50248, 32.06961 ] } },
{ "type": "Feature", "properties": { "addr": "406 SOUTH TEXAS DR, , EAGLE PASS, TX 78852" }, "geometry": { "type": "Point", "coordinates": [ -100.48194, 28.70564 ] } },
{ "type": "Feature", "properties": { "addr": "2717 TERRELL ROAD, , GREENVILLE, TX 75402" }, "geometry": { "type": "Point", "coordinates": [ -96.10869, 33.10625 ] } },
{ "type": "Feature", "properties": { "addr": "215 MEDICAL DRIVE, , PALESTINE, TX 75801" }, "geometry": { "type": "Point", "coordinates": [ -95.62933, 31.73111 ] } },
{ "type": "Feature", "properties": { "addr": "2333 N HOBART ST, , PAMPA, TX 79065" }, "geometry": { "type": "Point", "coordinates": [ -100.97198, 35.56351 ] } },
{ "type": "Feature", "properties": { "addr": "3300 WATTERS ROAD, , PASADENA, TX 77504" }, "geometry": { "type": "Point", "coordinates": [ -95.1795, 29.6629 ] } },
{ "type": "Feature", "properties": { "addr": "2530 S MALCOLM X BLVD, , DALLAS, TX 75215" }, "geometry": { "type": "Point", "coordinates": [ -96.77336, 32.77331 ] } },
{ "type": "Feature", "properties": { "addr": "411 RICHLAND HILLS DR, , SAN ANTONIO, TX 78245" }, "geometry": { "type": "Point", "coordinates": [ -98.64794, 29.44287 ] } },
{ "type": "Feature", "properties": { "addr": "2475 CLIFF CREEK CROSSING DR, , DALLAS, TX 75237" }, "geometry": { "type": "Point", "coordinates": [ -96.85864, 32.64988 ] } },
{ "type": "Feature", "properties": { "addr": "16200 DILLARD DR, , HOUSTON, TX 77040" }, "geometry": { "type": "Point", "coordinates": [ -95.56468, 29.87946 ] } },
{ "type": "Feature", "properties": { "addr": "5414 ALDINE MAIL RD, , HOUSTON, TX 77039" }, "geometry": { "type": "Point", "coordinates": [ -95.30971, 29.902 ] } },
{ "type": "Feature", "properties": { "addr": "8989 LAKES AT 610 DR, , HOUSTON, TX 77054" }, "geometry": { "type": "Point", "coordinates": [ -95.41946, 29.67363 ] } },
{ "type": "Feature", "properties": { "addr": "2010 N STATE HWY 360, , GRAND PRAIRIE, TX 75050" }, "geometry": { "type": "Point", "coordinates": [ -97.05936, 32.78353 ] } },
{ "type": "Feature", "properties": { "addr": "1000 MEDICAL CTR BLVD, , ALICE, TX 78332" }, "geometry": { "type": "Point", "coordinates": [ -98.0445, 27.76295 ] } },
{ "type": "Feature", "properties": { "addr": "2005 W JEFFERSON AVE, , HARLINGEN, TX 78550" }, "geometry": { "type": "Point", "coordinates": [ -97.71631, 26.19582 ] } },
{ "type": "Feature", "properties": { "addr": "3438 E SOUTHCROSS BLVD, , SAN ANTONIO, TX 78223" }, "geometry": { "type": "Point", "coordinates": [ -98.43087, 29.37629 ] } },
{ "type": "Feature", "properties": { "addr": "2921 N VALDERAS ST, , ANGLETON, TX 77515" }, "geometry": { "type": "Point", "coordinates": [ -95.42923, 29.19521 ] } },
{ "type": "Feature", "properties": { "addr": "2201 COLORADO BLVD, , DENTON, TX 76205" }, "geometry": { "type": "Point", "coordinates": [ -97.10644, 33.19405 ] } },
{ "type": "Feature", "properties": { "addr": "600 SGT ED HOLCOMB BLVD N, , CONROE, TX 77304" }, "geometry": { "type": "Point", "coordinates": [ -95.47905, 30.31365 ] } },
{ "type": "Feature", "properties": { "addr": "1060 GUADALUPE ST, , KERRVILLE, TX 78028" }, "geometry": { "type": "Point", "coordinates": [ -99.1662, 30.05705 ] } },
{ "type": "Feature", "properties": { "addr": "3250 CRAIG DR, , MCKINNEY, TX 75070" }, "geometry": { "type": "Point", "coordinates": [ -96.645, 33.16771 ] } },
{ "type": "Feature", "properties": { "addr": "1711 W. HENDERSON, , CLEBURNE, TX 76033" }, "geometry": { "type": "Point", "coordinates": [ -97.42466, 32.33432 ] } },
{ "type": "Feature", "properties": { "addr": "2901 VICTORY LN, , BRENHAM, TX 77833" }, "geometry": { "type": "Point", "coordinates": [ -96.36349, 30.14447 ] } },
{ "type": "Feature", "properties": { "addr": "1509 SEDBERRY ST, , MARSHALL, TX 75670" }, "geometry": { "type": "Point", "coordinates": [ -94.35295, 32.5595 ] } },
{ "type": "Feature", "properties": { "addr": "927 S ST HWY 123 BYP, , SEGUIN, TX 78155" }, "geometry": { "type": "Point", "coordinates": [ -97.94274, 29.56178 ] } },
{ "type": "Feature", "properties": { "addr": "100 DEAN BOX DRIVE, , WAXAHACHIE, TX 75165" }, "geometry": { "type": "Point", "coordinates": [ -96.82448, 32.41667 ] } },
{ "type": "Feature", "properties": { "addr": "600 TEXAS AVE, , EL PASO, TX 79901" }, "geometry": { "type": "Point", "coordinates": [ -106.48331, 31.76131 ] } },
{ "type": "Feature", "properties": { "addr": "2901 ALTAMESA BLVD, , FORT WORTH, TX 76133" }, "geometry": { "type": "Point", "coordinates": [ -97.35989, 32.64886 ] } },
{ "type": "Feature", "properties": { "addr": "900 BUGG LANE, SUITE 200, SAN MARCOS, TX 78666" }, "geometry": { "type": "Point", "coordinates": [ -97.92004, 29.88082 ] } },
{ "type": "Feature", "properties": { "addr": "3010 WILLIAMS DR, STE 150, GEORGETOWN, TX 78628" }, "geometry": { "type": "Point", "coordinates": [ -97.69382, 30.66311 ] } },
{ "type": "Feature", "properties": { "addr": "2300 DUNSON DR, , BALCH SPRINGS, TX 75180" }, "geometry": { "type": "Point", "coordinates": [ -96.61137, 32.73891 ] } },
{ "type": "Feature", "properties": { "addr": "1601 KERMIT ST, SUITE 100, PLAINVIEW, TX 79072" }, "geometry": { "type": "Point", "coordinates": [ -101.7505, 34.19803 ] } },
{ "type": "Feature", "properties": { "addr": "406 S TEXAS DR, C/O EAGLE PASS FO, EAGLE PASS, TX 78852" }, "geometry": { "type": "Point", "coordinates": [ -100.48194, 28.70564 ] } },
{ "type": "Feature", "properties": { "addr": "2304 W FERGUSON RD, , MOUNT PLEASANT, TX 75455" }, "geometry": { "type": "Point", "coordinates": [ -94.99307, 33.16179 ] } },
{ "type": "Feature", "properties": { "addr": "1300 AVE M, , HONDO‚Ä†, TX 78861" }, "geometry": { "type": "Point", "coordinates": [ -99.14204, 29.3524 ] } },
{ "type": "Feature", "properties": { "addr": "1700 WEBSTER ST, , HOUSTON, TX 77003" }, "geometry": { "type": "Point", "coordinates": [ -95.36575, 29.74418 ] } },
{ "type": "Feature", "properties": { "addr": "SUITE 202, 2150 W 18TH ST, HOUSTON, TX 77008" }, "geometry": { "type": "Point", "coordinates": [ -95.43738, 29.80148 ] } },
{ "type": "Feature", "properties": { "addr": "1934 CAROLINE ST, , HOUSTON, TX 77002" }, "geometry": { "type": "Point", "coordinates": [ -95.36817, 29.74807 ] } },
{ "type": "Feature", "properties": { "addr": "1340 STATE HIGHWAY 173 N, , DEVINE, TX 78016" }, "geometry": { "type": "Point", "coordinates": [ -98.92124, 29.15139 ] } },
{ "type": "Feature", "properties": { "addr": "1690 CIENEGAS RD, , DEL RIO‚Ä†, TX 78840" }, "geometry": { "type": "Point", "coordinates": [ -100.92351, 29.35777 ] } },
{ "type": "Feature", "properties": { "addr": "2015 CONGRESS ST, , HOUSTON‚Ä†, TX 77002" }, "geometry": { "type": "Point", "coordinates": [ -95.35143, 29.7567 ] } },
{ "type": "Feature", "properties": { "addr": "200 S TYLER ST, , AMARILLO, TX 79101" }, "geometry": { "type": "Point", "coordinates": [ -101.83759, 35.2116 ] } },
{ "type": "Feature", "properties": { "addr": "1504 S TEXAS AVE, , BRYAN‚Ä†, TX 77802" }, "geometry": { "type": "Point", "coordinates": [ -96.36727, 30.65641 ] } },
{ "type": "Feature", "properties": { "addr": "KNOX BUILDING, 310 SW 3RD ST, GRAND PRAIRIE, TX 75051" }, "geometry": { "type": "Point", "coordinates": [ -97.00568, 32.74238 ] } },
{ "type": "Feature", "properties": { "addr": "8366 FM 471 S, , CASTROVILLE‚Ä†, TX 78009" }, "geometry": { "type": "Point", "coordinates": [ -98.83975, 29.34641 ] } },
{ "type": "Feature", "properties": { "addr": "4551 DIETRICH RD, , SAN ANTONIO, TX 78219" }, "geometry": { "type": "Point", "coordinates": [ -98.40289, 29.44145 ] } },
{ "type": "Feature", "properties": { "addr": "3991 E 29TH ST, , BRYAN, TX 77802" }, "geometry": { "type": "Point", "coordinates": [ -96.33308, 30.64542 ] } },
{ "type": "Feature", "properties": { "addr": "9473 SOCORRO RD, , EL PASO, TX 79907" }, "geometry": { "type": "Point", "coordinates": [ -106.31762, 31.68017 ] } },
{ "type": "Feature", "properties": { "addr": "2511 S WEST TEMPLE, SUITE 100, SOUTH SALT LAKE, UT 84115" }, "geometry": { "type": "Point", "coordinates": [ -111.89396, 40.71616 ] } },
{ "type": "Feature", "properties": { "addr": "324 25TH STREET, STE 2403, OGDEN, UT 84401" }, "geometry": { "type": "Point", "coordinates": [ -111.97252, 41.22072 ] } },
{ "type": "Feature", "properties": { "addr": "88 WEST 100 NORTH, J. WILL ROBINSON FOB, PROVO, UT 84601" }, "geometry": { "type": "Point", "coordinates": [ -111.66048, 40.23547 ] } },
{ "type": "Feature", "properties": { "addr": "1091 NORTH BLUFF ST, SUITE 1100, SAINT GEORGE, UT 84770" }, "geometry": { "type": "Point", "coordinates": [ -113.60187, 37.12779 ] } },
{ "type": "Feature", "properties": { "addr": "10138 S JORDAN GTWY, , SOUTH JORDAN, UT 84095" }, "geometry": { "type": "Point", "coordinates": [ -111.9042, 40.5675 ] } },
{ "type": "Feature", "properties": { "addr": "2069 N MAIN ST, STE 102, CEDAR CITY, UT 84721" }, "geometry": { "type": "Point", "coordinates": [ -113.06036, 37.7145 ] } },
{ "type": "Feature", "properties": { "addr": "59 E VINE ST, , TOOELE, UT 84074" }, "geometry": { "type": "Point", "coordinates": [ -112.29647, 40.53064 ] } },
{ "type": "Feature", "properties": { "addr": "180 NORTH 100 WEST, , LOGAN, UT 84321" }, "geometry": { "type": "Point", "coordinates": [ -111.83745, 41.73496 ] } },
{ "type": "Feature", "properties": { "addr": "330 E 100 S, , ROOSEVELT, UT 84066" }, "geometry": { "type": "Point", "coordinates": [ -109.98647, 40.29813 ] } },
{ "type": "Feature", "properties": { "addr": "128 LAKESIDE AVE, SUITE 107, BURLINGTON, VT 05401" }, "geometry": { "type": "Point", "coordinates": [ -73.21766, 44.46129 ] } },
{ "type": "Feature", "properties": { "addr": "246 WEST ST, , RUTLAND, VT 05701" }, "geometry": { "type": "Point", "coordinates": [ -72.98473, 43.6073 ] } },
{ "type": "Feature", "properties": { "addr": "33 SCHOOL ST, , MONTPELIER, VT 05602" }, "geometry": { "type": "Point", "coordinates": [ -72.573, 44.26037 ] } },
{ "type": "Feature", "properties": { "addr": "1834 W CARY STREET, , RICHMOND, VA 23220" }, "geometry": { "type": "Point", "coordinates": [ -77.46488, 37.54757 ] } },
{ "type": "Feature", "properties": { "addr": "612 S JEFFERSON STREET, SUITE 100, ROANOKE, VA 24011" }, "geometry": { "type": "Point", "coordinates": [ -79.94062, 37.26871 ] } },
{ "type": "Feature", "properties": { "addr": "5850 LAKE HERBERT DR, FIRST FLOOR, NORFOLK, VA 23502" }, "geometry": { "type": "Point", "coordinates": [ -76.2075, 36.86856 ] } },
{ "type": "Feature", "properties": { "addr": "3280 LEE HIGHWAY, , BRISTOL, VA 24202" }, "geometry": { "type": "Point", "coordinates": [ -82.12008, 36.63395 ] } },
{ "type": "Feature", "properties": { "addr": "7618 TIMBERLAKE RD, , LYNCHBURG, VA 24502" }, "geometry": { "type": "Point", "coordinates": [ -79.22175, 37.35521 ] } },
{ "type": "Feature", "properties": { "addr": "1600 N COALTER ST, GRNBRIER OFF PK BLDG 2, STAUNTON, VA 24401" }, "geometry": { "type": "Point", "coordinates": [ -79.05191, 38.16768 ] } },
{ "type": "Feature", "properties": { "addr": "100 POPLAR DRIVE, , PETERSBURG, VA 23805" }, "geometry": { "type": "Point", "coordinates": [ -77.36434, 37.18958 ] } },
{ "type": "Feature", "properties": { "addr": "3295 US HWY 29, , DANVILLE, VA 24540" }, "geometry": { "type": "Point", "coordinates": [ -79.38579, 36.63783 ] } },
{ "type": "Feature", "properties": { "addr": "600 GASTON CT, , NEWPORT NEWS, VA 23606" }, "geometry": { "type": "Point", "coordinates": [ -76.47581, 37.07894 ] } },
{ "type": "Feature", "properties": { "addr": "5510 CHEROKEE AVE, SUITE 200, ALEXANDRIA, VA 22312" }, "geometry": { "type": "Point", "coordinates": [ -77.16635, 38.80467 ] } },
{ "type": "Feature", "properties": { "addr": "323 HOPE DRIVE, , WINCHESTER, VA 22601" }, "geometry": { "type": "Point", "coordinates": [ -78.18308, 39.15771 ] } },
{ "type": "Feature", "properties": { "addr": "1010 S CRAIG AVENUE, , COVINGTON, VA 24426" }, "geometry": { "type": "Point", "coordinates": [ -79.99096, 37.78117 ] } },
{ "type": "Feature", "properties": { "addr": "1470 PANTOPS MTN PL, DISTRICT OFFICE 1ST FLOOR, CHARLOTTESVILLE, VA 22911" }, "geometry": { "type": "Point", "coordinates": [ -78.43894, 38.02827 ] } },
{ "type": "Feature", "properties": { "addr": "130 WITHERS LANE, , WYTHEVILLE, VA 24382" }, "geometry": { "type": "Point", "coordinates": [ -81.07294, 36.95118 ] } },
{ "type": "Feature", "properties": { "addr": "253 RIDGEVIEW ROAD SW, , WISE, VA 24293" }, "geometry": { "type": "Point", "coordinates": [ -82.59872, 36.96679 ] } },
{ "type": "Feature", "properties": { "addr": "245 E. WILLIAMSBURG RD, , SANDSTON, VA 23150" }, "geometry": { "type": "Point", "coordinates": [ -77.30756, 37.52145 ] } },
{ "type": "Feature", "properties": { "addr": "324 COMMERCE ROAD, , FARMVILLE, VA 23901" }, "geometry": { "type": "Point", "coordinates": [ -78.41281, 37.2688 ] } },
{ "type": "Feature", "properties": { "addr": "3305 AIRLINE BLVD, , PORTSMOUTH, VA 23701" }, "geometry": { "type": "Point", "coordinates": [ -76.37746, 36.80648 ] } },
{ "type": "Feature", "properties": { "addr": "502 HILLPOINT BLVD, , SUFFOLK, VA 23434" }, "geometry": { "type": "Point", "coordinates": [ -76.58099, 36.78271 ] } },
{ "type": "Feature", "properties": { "addr": "2049 HAMILTON BLVD, , SOUTH BOSTON, VA 24592" }, "geometry": { "type": "Point", "coordinates": [ -78.88991, 36.71422 ] } },
{ "type": "Feature", "properties": { "addr": "10800 PARKRIDGE BLVD, SUITE 100, RESTON, VA 20191" }, "geometry": { "type": "Point", "coordinates": [ -77.31858, 38.94421 ] } },
{ "type": "Feature", "properties": { "addr": "9915 PATRIOT HIGHWAY, , FREDERICKSBURG, VA 22407" }, "geometry": { "type": "Point", "coordinates": [ -77.43224, 38.20926 ] } },
{ "type": "Feature", "properties": { "addr": "9500 CENTER STREET, , MANASSAS, VA 20110" }, "geometry": { "type": "Point", "coordinates": [ -77.48182, 38.75149 ] } },
{ "type": "Feature", "properties": { "addr": "320 COMMONWEALTH BLVD W, , MARTINSVILLE, VA 24112" }, "geometry": { "type": "Point", "coordinates": [ -79.88528, 36.69722 ] } },
{ "type": "Feature", "properties": { "addr": "600 SOUTHLAKE BLVD, SUITE 100, NORTH CHESTERFIELD, VA 23236" }, "geometry": { "type": "Point", "coordinates": [ -77.59699, 37.50083 ] } },
{ "type": "Feature", "properties": { "addr": "1014 S MAIN ST, , CULPEPER, VA 22701" }, "geometry": { "type": "Point", "coordinates": [ -77.99843, 38.46713 ] } },
{ "type": "Feature", "properties": { "addr": "2875 SABRE ST, SUITE 100, VIRGINIA BEACH, VA 23452" }, "geometry": { "type": "Point", "coordinates": [ -76.07187, 36.82249 ] } },
{ "type": "Feature", "properties": { "addr": "22581 CENTER PKWY, ACCAWMACKE OFFICE PK, ACCOMAC, VA 23301" }, "geometry": { "type": "Point", "coordinates": [ -75.67099, 37.72861 ] } },
{ "type": "Feature", "properties": { "addr": "1521 HARDY CASH DR, GROUND FLOOR, HAMPTON, VA 23666" }, "geometry": { "type": "Point", "coordinates": [ -76.3995, 37.05591 ] } },
{ "type": "Feature", "properties": { "addr": "351 NORTH MASON STREET, , HARRISONBURG, VA 22802" }, "geometry": { "type": "Point", "coordinates": [ -78.86585, 38.45254 ] } },
{ "type": "Feature", "properties": { "addr": "5965 6TH ST, BUILDING 1263, FORT BELVOIR‚Ä†, VA 22060" }, "geometry": { "type": "Point", "coordinates": [ -77.14729, 38.70336 ] } },
{ "type": "Feature", "properties": { "addr": "636 120TH AVE NE, SUITE A100, BELLEVUE, WA 98005" }, "geometry": { "type": "Point", "coordinates": [ -122.18027, 47.61639 ] } },
{ "type": "Feature", "properties": { "addr": "321 RAMSAY WAY, SUITE 401, KENT, WA 98032" }, "geometry": { "type": "Point", "coordinates": [ -122.23481, 47.3842 ] } },
{ "type": "Feature", "properties": { "addr": "714 N IRON BRIDGE WAY, SUITE 100, SPOKANE, WA 99202" }, "geometry": { "type": "Point", "coordinates": [ -117.38961, 47.66388 ] } },
{ "type": "Feature", "properties": { "addr": "915 2ND AVE, SUITE 901, SEATTLE, WA 98174" }, "geometry": { "type": "Point", "coordinates": [ -122.33504, 47.605 ] } },
{ "type": "Feature", "properties": { "addr": "2608 S 47TH ST, SUITE A, TACOMA, WA 98409" }, "geometry": { "type": "Point", "coordinates": [ -122.47149, 47.21466 ] } },
{ "type": "Feature", "properties": { "addr": "1009 COLLEGE ST SE, STE 120, LACEY, WA 98503" }, "geometry": { "type": "Point", "coordinates": [ -122.8233, 47.03936 ] } },
{ "type": "Feature", "properties": { "addr": "801 FRUITVALE BLVD, , YAKIMA, WA 98902" }, "geometry": { "type": "Point", "coordinates": [ -120.52292, 46.61259 ] } },
{ "type": "Feature", "properties": { "addr": "710 ALABAMA ST, , BELLINGHAM, WA 98225" }, "geometry": { "type": "Point", "coordinates": [ -122.46597, 48.76301 ] } },
{ "type": "Feature", "properties": { "addr": "820 SIMPSON AVE, , HOQUIAM, WA 98550" }, "geometry": { "type": "Point", "coordinates": [ -123.88316, 46.97659 ] } },
{ "type": "Feature", "properties": { "addr": "3809 BROADWAY, , EVERETT, WA 98201" }, "geometry": { "type": "Point", "coordinates": [ -122.20103, 47.96699 ] } },
{ "type": "Feature", "properties": { "addr": "805 BROADWAY ST, SUITE 500, VANCOUVER, WA 98660" }, "geometry": { "type": "Point", "coordinates": [ -122.67001, 45.6276 ] } },
{ "type": "Feature", "properties": { "addr": "129 S CHELAN AVE, , WENATCHEE, WA 98801" }, "geometry": { "type": "Point", "coordinates": [ -120.31203, 47.42161 ] } },
{ "type": "Feature", "properties": { "addr": "880 NE ROSE ST, , COLLEGE PLACE, WA 99324" }, "geometry": { "type": "Point", "coordinates": [ -118.37608, 46.05639 ] } },
{ "type": "Feature", "properties": { "addr": "9594 MICKELBERRY RD NW, , SILVERDALE, WA 98383" }, "geometry": { "type": "Point", "coordinates": [ -122.68224, 47.65009 ] } },
{ "type": "Feature", "properties": { "addr": "8131 W KLAMATH CT, SUITE A, KENNEWICK, WA 99336" }, "geometry": { "type": "Point", "coordinates": [ -119.23145, 46.21922 ] } },
{ "type": "Feature", "properties": { "addr": "840 OCEAN BEACH HWY, SUITE 150, LONGVIEW, WA 98632" }, "geometry": { "type": "Point", "coordinates": [ -122.92779, 46.1464 ] } },
{ "type": "Feature", "properties": { "addr": "13510 AURORA AVE N, SUITE B, SEATTLE, WA 98133" }, "geometry": { "type": "Point", "coordinates": [ -122.34497, 47.72729 ] } },
{ "type": "Feature", "properties": { "addr": "151 SW 156TH ST, , BURIEN, WA 98166" }, "geometry": { "type": "Point", "coordinates": [ -122.33616, 47.46327 ] } },
{ "type": "Feature", "properties": { "addr": "710 E COLLEGE WAY, SUITE A, MT VERNON, WA 98273" }, "geometry": { "type": "Point", "coordinates": [ -122.33072, 48.43572 ] } },
{ "type": "Feature", "properties": { "addr": "811 SOUTH HILL PARK DR, SUITE A, PUYALLUP, WA 98373" }, "geometry": { "type": "Point", "coordinates": [ -122.30301, 47.16084 ] } },
{ "type": "Feature", "properties": { "addr": "1821 COOKS HILL RD, STE 100, CENTRALIA, WA 98531" }, "geometry": { "type": "Point", "coordinates": [ -122.9851, 46.71377 ] } },
{ "type": "Feature", "properties": { "addr": "18905 33RD AVE W, SUITE 207, LYNNWOOD, WA 98036" }, "geometry": { "type": "Point", "coordinates": [ -122.27771, 47.82713 ] } },
{ "type": "Feature", "properties": { "addr": "138 W FIRST STREET, RM 113 FEDERAL BLDG, PORT ANGELES, WA 98362" }, "geometry": { "type": "Point", "coordinates": [ -123.43525, 48.11972 ] } },
{ "type": "Feature", "properties": { "addr": "1701 S COMMONS, 2ND FLOOR, STE M20, FEDERAL WAY, WA 98003" }, "geometry": { "type": "Point", "coordinates": [ -122.31149, 47.31394 ] } },
{ "type": "Feature", "properties": { "addr": "1111 BAYVIEW AVE, , NEAH BAY, WA 98357" }, "geometry": { "type": "Point", "coordinates": [ -124.55672, 48.35899 ] } },
{ "type": "Feature", "properties": { "addr": "1103 GEORGE KOSTAS DR, , LOGAN, WV 25601" }, "geometry": { "type": "Point", "coordinates": [ -82.03701, 37.85569 ] } },
{ "type": "Feature", "properties": { "addr": "500 QUARRIER STREET, SUITE 300, CHARLESTON, WV 25301" }, "geometry": { "type": "Point", "coordinates": [ -81.63687, 38.35151 ] } },
{ "type": "Feature", "properties": { "addr": "1231 WARWOOD AVENUE, , WHEELING, WV 26003" }, "geometry": { "type": "Point", "coordinates": [ -80.69825, 40.1144 ] } },
{ "type": "Feature", "properties": { "addr": "700 MARKET ST, SUITE 500, PARKERSBURG, WV 26101" }, "geometry": { "type": "Point", "coordinates": [ -81.55799, 39.26707 ] } },
{ "type": "Feature", "properties": { "addr": "301 9TH STREET, 3RD FLOOR, HUNTINGTON, WV 25701" }, "geometry": { "type": "Point", "coordinates": [ -82.44403, 38.42162 ] } },
{ "type": "Feature", "properties": { "addr": "320 W PIKE ST, CLARKSBURG FEDERAL CTR, CLARKSBURG, WV 26301" }, "geometry": { "type": "Point", "coordinates": [ -80.33929, 39.28052 ] } },
{ "type": "Feature", "properties": { "addr": "300 THIRD STREET, SUITE 325, ELKINS, WV 26241" }, "geometry": { "type": "Point", "coordinates": [ -79.84704, 38.92515 ] } },
{ "type": "Feature", "properties": { "addr": "3014 E CUMBERLAND ROAD, , BLUEFIELD, WV 24701" }, "geometry": { "type": "Point", "coordinates": [ -81.2058, 37.25345 ] } },
{ "type": "Feature", "properties": { "addr": "3596 COLLINS FERRY RD, SUITE 100, MORGANTOWN, WV 26505" }, "geometry": { "type": "Point", "coordinates": [ -79.97499, 39.66849 ] } },
{ "type": "Feature", "properties": { "addr": "5475 ROBERT C. BYRD DR, SUITE A-8, MOUNT HOPE, WV 25880" }, "geometry": { "type": "Point", "coordinates": [ -81.19769, 37.84583 ] } },
{ "type": "Feature", "properties": { "addr": "50 MCDOWELL STREET, , WELCH, WV 24801" }, "geometry": { "type": "Point", "coordinates": [ -81.58551, 37.43152 ] } },
{ "type": "Feature", "properties": { "addr": "14 COMPASS PT, , MARTINSBURG, WV 25404" }, "geometry": { "type": "Point", "coordinates": [ -77.96066, 39.48704 ] } },
{ "type": "Feature", "properties": { "addr": "1000 TECHNOLOGY DR., SUITE 2120, FAIRMONT, WV 26554" }, "geometry": { "type": "Point", "coordinates": [ -80.19495, 39.43206 ] } },
{ "type": "Feature", "properties": { "addr": "49 OLDE MAIN PLAZA, , ST ALBANS, WV 25177" }, "geometry": { "type": "Point", "coordinates": [ -81.83863, 38.3861 ] } },
{ "type": "Feature", "properties": { "addr": "111 S GROVE ST, SUITE 3, PETERSBURG, WV 26847" }, "geometry": { "type": "Point", "coordinates": [ -79.12223, 38.99006 ] } },
{ "type": "Feature", "properties": { "addr": "146 EAST FIRST AVE, , WILLIAMSON, WV 25661" }, "geometry": { "type": "Point", "coordinates": [ -82.27823, 37.67123 ] } },
{ "type": "Feature", "properties": { "addr": "2875 VILLAGE RD, SUITE 100, PORTAGE, WI 53901" }, "geometry": { "type": "Point", "coordinates": [ -89.47247, 43.56756 ] } },
{ "type": "Feature", "properties": { "addr": "9120 W CAPITOL DR, , MILWAUKEE, WI 53222" }, "geometry": { "type": "Point", "coordinates": [ -88.02724, 43.08979 ] } },
{ "type": "Feature", "properties": { "addr": "6011 ODANA RD, , MADISON, WI 53719" }, "geometry": { "type": "Point", "coordinates": [ -89.48447, 43.05281 ] } },
{ "type": "Feature", "properties": { "addr": "1561 DOUSMAN ST., , GREEN BAY, WI 54303" }, "geometry": { "type": "Point", "coordinates": [ -88.05783, 44.53238 ] } },
{ "type": "Feature", "properties": { "addr": "180 KNIGHTS WAY, SUITE 100, FOND DU LAC, WI 54935" }, "geometry": { "type": "Point", "coordinates": [ -88.44264, 43.74485 ] } },
{ "type": "Feature", "properties": { "addr": "4120 OAKWOOD HILLS PKY, , EAU CLAIRE, WI 54701" }, "geometry": { "type": "Point", "coordinates": [ -91.44715, 44.77434 ] } },
{ "type": "Feature", "properties": { "addr": "4020 DURAND AVE, , RACINE, WI 53405" }, "geometry": { "type": "Point", "coordinates": [ -87.82813, 42.69689 ] } },
{ "type": "Feature", "properties": { "addr": "210 7TH ST S, STE 100, LA CROSSE, WI 54601" }, "geometry": { "type": "Point", "coordinates": [ -91.24678, 43.80935 ] } },
{ "type": "Feature", "properties": { "addr": "352 GRAND AVE, , WAUSAU, WI 54403" }, "geometry": { "type": "Point", "coordinates": [ -89.62398, 44.9539 ] } },
{ "type": "Feature", "properties": { "addr": "1137 N 26TH ST, , SHEBOYGAN, WI 53081" }, "geometry": { "type": "Point", "coordinates": [ -87.74087, 43.75745 ] } },
{ "type": "Feature", "properties": { "addr": "4221 TOWER AVE, , SUPERIOR, WI 54880" }, "geometry": { "type": "Point", "coordinates": [ -92.1042, 46.68902 ] } },
{ "type": "Feature", "properties": { "addr": "400 CITY CENTER STE B, , OSHKOSH, WI 54901" }, "geometry": { "type": "Point", "coordinates": [ -88.53998, 44.01689 ] } },
{ "type": "Feature", "properties": { "addr": "222 N ACADEMY ST, , JANESVILLE, WI 53548" }, "geometry": { "type": "Point", "coordinates": [ -89.03066, 42.68265 ] } },
{ "type": "Feature", "properties": { "addr": "3915 30TH AVE, SUITE A, KENOSHA, WI 53144" }, "geometry": { "type": "Point", "coordinates": [ -87.84568, 42.60155 ] } },
{ "type": "Feature", "properties": { "addr": "310 W WISCONSIN AVE, SUITE 260, MILWAUKEE, WI 53203" }, "geometry": { "type": "Point", "coordinates": [ -87.91539, 43.03882 ] } },
{ "type": "Feature", "properties": { "addr": "607 W NORTHLAND AVE, , APPLETON, WI 54911" }, "geometry": { "type": "Point", "coordinates": [ -88.41412, 44.28726 ] } },
{ "type": "Feature", "properties": { "addr": "267 SOUTH ST, , WAUKESHA, WI 53186" }, "geometry": { "type": "Point", "coordinates": [ -88.23131, 43.01069 ] } },
{ "type": "Feature", "properties": { "addr": "2213 8TH ST SOUTH, , WISCONSIN RAPIDS, WI 54494" }, "geometry": { "type": "Point", "coordinates": [ -89.81705, 44.37468 ] } },
{ "type": "Feature", "properties": { "addr": "175 W ALONA LN, , LANCASTER, WI 53813" }, "geometry": { "type": "Point", "coordinates": [ -90.71003, 42.83588 ] } },
{ "type": "Feature", "properties": { "addr": "2023 LAKE PARK DR, , MARINETTE, WI 54143" }, "geometry": { "type": "Point", "coordinates": [ -87.62388, 45.08447 ] } },
{ "type": "Feature", "properties": { "addr": "1603 MIRRO DR, , MANITOWOC, WI 54220" }, "geometry": { "type": "Point", "coordinates": [ -87.6304, 44.1194 ] } },
{ "type": "Feature", "properties": { "addr": "2023 NAVAJO ST, , RHINELANDER, WI 54501" }, "geometry": { "type": "Point", "coordinates": [ -89.37939, 45.6511 ] } },
{ "type": "Feature", "properties": { "addr": "1703 W KNAPP STREET, , RICE LAKE, WI 54868" }, "geometry": { "type": "Point", "coordinates": [ -91.75866, 45.50966 ] } },
{ "type": "Feature", "properties": { "addr": "1145 VERN STREET, , WEST BEND, WI 53090" }, "geometry": { "type": "Point", "coordinates": [ -88.18527, 43.4355 ] } },
{ "type": "Feature", "properties": { "addr": "5020 W NORTH AVE, , MILWAUKEE, WI 53208" }, "geometry": { "type": "Point", "coordinates": [ -87.97708, 43.06069 ] } },
{ "type": "Feature", "properties": { "addr": "8455 W LAYTON AVE, , GREENFIELD, WI 53228" }, "geometry": { "type": "Point", "coordinates": [ -88.01958, 42.95915 ] } },
{ "type": "Feature", "properties": { "addr": "N2222 WHITE CEDAR RD, , KESHENA, WI 54135" }, "geometry": { "type": "Point", "coordinates": [ -88.6313, 44.88247 ] } },
{ "type": "Feature", "properties": { "addr": "129 S MASON ST, , APPLETON, WI 54914" }, "geometry": { "type": "Point", "coordinates": [ -88.42577, 44.26103 ] } },
{ "type": "Feature", "properties": { "addr": "N8651 MAPLEWOOD STREET, , BOWLER, WI 54416" }, "geometry": { "type": "Point", "coordinates": [ -88.92559, 44.90546 ] } },
{ "type": "Feature", "properties": { "addr": "53585 NOKOMIS RD, , ASHLAND, WI 54806" }, "geometry": { "type": "Point", "coordinates": [ -90.64682, 46.59622 ] } },
{ "type": "Feature", "properties": { "addr": "3001 E PERSHING BLVD, SUITE 140, CHEYENNE, WY 82001" }, "geometry": { "type": "Point", "coordinates": [ -104.77299, 41.14559 ] } },
{ "type": "Feature", "properties": { "addr": "150 E B ST, ROOM 1008, CASPER, WY 82601" }, "geometry": { "type": "Point", "coordinates": [ -106.32422, 42.85231 ] } },
{ "type": "Feature", "properties": { "addr": "2268 N MAIN ST, , SHERIDAN, WY 82801" }, "geometry": { "type": "Point", "coordinates": [ -106.95657, 44.82295 ] } },
{ "type": "Feature", "properties": { "addr": "79 WINSTON DR, SUITE 131, ROCK SPRINGS, WY 82901" }, "geometry": { "type": "Point", "coordinates": [ -109.2473, 41.57736 ] } },
{ "type": "Feature", "properties": { "addr": "215 BIG BEND AVE, , RIVERTON, WY 82501" }, "geometry": { "type": "Point", "coordinates": [ -108.4139, 43.02638 ] } },
{ "type": "Feature", "properties": { "addr": "1285 SHERIDAN AVE, SUITE 265, CODY, WY 82414" }, "geometry": { "type": "Point", "coordinates": [ -109.06246, 44.52611 ] } },
{ "type": "Feature", "properties": { "addr": "29 BLACK COAL DR, , FORT WASHAKIE, WY 82514" }, "geometry": { "type": "Point", "coordinates": [ -108.88094, 43.00403 ] } },
{ "type": "Feature", "properties": { "addr": "205 S 10TH, , LANDER, WY 82520" }, "geometry": { "type": "Point", "coordinates": [ -108.74494, 42.83466 ] } },
{ "type": "Feature", "properties": { "addr": "SENIOR AVE, , THERMOPOLIS, WY 82443" }, "geometry": { "type": "Point", "coordinates": [ -108.20488, 43.64886 ] } },
{ "type": "Feature", "properties": { "addr": "14 GREAT PLAINS RD, , ARAPAHOE, WY 82510" }, "geometry": { "type": "Point", "coordinates": [ -108.48538, 42.98501 ] } }
]
}
